:020000040800F2
:10000000004000207D530008FD1A0008FF1A000878
:10001000011B0008031B0008051B0008000000006E
:10002000000000000000000000000000071B0008A6
:100030000000000000000000091B00080B1B000866
:10004000C5530008C5530008C5530008C553000830
:10005000C5530008C5530008C5530008C553000820
:10006000C5530008C5530008C5530008C553000810
:10007000C5530008C5530008C5530008C553000800
:10008000C5530008C5530008C5530008C5530008F0
:10009000C55300080F1B0008151B0008C5530008B6
:1000A000C5530008C5530008C5530008C5530008D0
:1000B000C5530008C5530008C5530008C5530008C0
:1000C000C5530008C55300080D1B0008C5530008A0
:0400D000C55300080C
:1001000010B5054C237833B9044B13B10448AFF351
:1001100000800123237010BDD809002000000000DA
:10012000249E00080C4B43B10C480D4910B5AFF3A9
:1001300000800C48036823B910BD0A48036833B92E
:100140007047094B002BF7D0BDE810401847064B0D
:10015000002BF5D0184700BF00000000249E0008C7
:10016000DC090020D80900200000000081F00041D7
:1001700002E000BF83F0004330B54FEA41044FEA8C
:10018000430594EA050F08BF90EA020F1FBF54EA27
:10019000000C55EA020C7FEA645C7FEA655C00F0C3
:1001A000E2804FEA5454D4EB5555B8BF6D420CDD94
:1001B0002C4480EA020281EA030382EA000083EA17
:1001C000010180EA020281EA0303362D88BF30BDB7
:1001D00011F0004F4FEA01314FF4801C4CEA11310D
:1001E00002D0404261EB410113F0004F4FEA03336C
:1001F0004CEA133302D0524263EB430394EA050FF7
:1002000000F0A780A4F10104D5F1200E0DDB02FA65
:100210000EFC22FA05F2801841F1000103FA0EF2F9
:10022000801843FA05F359410EE0A5F120050EF1BF
:10023000200E012A03FA0EFC28BF4CF0020C43FAF0
:1002400005F3C01851EBE37101F0004507D54FF0FD
:10025000000EDCF1000C7EEB00006EEB0101B1F54D
:10026000801F1BD3B1F5001F0CD349085FEA300093
:100270004FEA3C0C04F101044FEA445212F5800F9E
:1002800080F09A80BCF1004F08BF5FEA500C50F13B
:10029000000041EB045141EA050130BD5FEA4C0C1E
:1002A000404141EB010111F4801FA4F10104E9D1A7
:1002B00091F0000F04BF01460020B1FA81F308BF9E
:1002C0002033A3F10B03B3F120020CDA0C3208DD6A
:1002D00002F1140CC2F10C0201FA0CF021FA02F145
:1002E0000CE002F11402D8BFC2F1200C01FA02F1B5
:1002F00020FA0CFCDCBF41EA0C019040E41AA2BFDA
:1003000001EB0451294330BD6FEA04041F3C1CDAA1
:100310000C340EDC04F11404C4F1200220FA04F0C1
:1003200001FA02F340EA030021FA04F345EA03016B
:1003300030BDC4F10C04C4F1200220FA02F001FA2D
:1003400004F340EA0300294630BD21FA04F02946AF
:1003500030BD94F0000F83F4801306BF81F4801148
:100360000134013D4EE77FEA645C18BF7FEA655CBB
:1003700029D094EA050F08BF90EA020F05D054EA8D
:10038000000C04BF1946104630BD91EA030F1EBF92
:100390000021002030BD5FEA545C05D14000494196
:1003A00028BF41F0004130BD14F580043CBF01F589
:1003B000801130BD01F0004545F0FE4141F470016F
:1003C0004FF0000030BD7FEA645C1ABF194610464A
:1003D0007FEA655C1CBF0B46024650EA013406BF4B
:1003E00052EA033591EA030F41F4002130BD00BF0A
:1003F00090F0000F04BF0021704730B54FF48064C7
:1004000004F132044FF000054FF0000150E700BF47
:1004100090F0000F04BF0021704730B54FF48064A6
:1004200004F1320410F0004548BF40424FF0000193
:100430003EE700BF42004FEAE2014FEA31014FEAD6
:1004400002701FBF12F07F4393F07F4F81F0605125
:10045000704792F0000F14BF93F07F4F704730B594
:100460004FF4607401F0004521F0004120E700BF27
:1004700050EA010208BF704730B54FF000050AE0AE
:1004800050EA010208BF704730B511F0004502D5AF
:10049000404261EB41014FF4806404F132045FEAB1
:1004A000915C3FF4DCAE4FF003025FEADC0C18BF56
:1004B00003325FEADC0C18BF033202EBDC02C2F14C
:1004C000200300FA03FC20FA02F001FA03FE40EADE
:1004D0000E0021FA02F11444C1E600BF70B54FF0DE
:1004E000FF0C4CF4E06C1CEA11541DBF1CEA1355C0
:1004F00094EA0C0F95EA0C0F00F0DEF82C4481EA28
:10050000030621EA4C5123EA4C5350EA013518BF47
:1005100052EA033541F4801143F4801338D0A0FB34
:1005200002CE4FF00005E1FB02E506F00042E0FBE1
:1005300003E54FF00006E1FB03569CF0000F18BFE7
:100540004EF0010EA4F1FF04B6F5007F64F540748F
:1005500004D25FEA4E0E6D4146EB060642EAC62122
:1005600041EA55514FEAC52040EA5E504FEACE2E8F
:10057000B4F1FD0C88BFBCF5E06F1ED8BEF1004F92
:1005800008BF5FEA500E50F1000041EB045170BD0E
:1005900006F0004646EA010140EA020081EA030152
:1005A000B4EB5C04C2BFD4EB0C0541EA045170BD4E
:1005B00041F480114FF0000E013C00F3AB8014F1C8
:1005C000360FDEBF002001F0004170BDC4F1000411
:1005D000203C35DA0C341BDC04F11404C4F1200592
:1005E00000FA05F320FA04F001FA05F240EA0200ED
:1005F00001F0004221F0004110EBD37021FA04F623
:1006000042EB06015EEA430E08BF20EAD37070BDDC
:10061000C4F10C04C4F1200500FA04F320FA05F03B
:1006200001FA04F240EA020001F0004110EBD3703D
:1006300041F100015EEA430E08BF20EAD37070BDAD
:10064000C4F1200500FA05F24EEA020E20FA04F386
:1006500001FA05F243EA020321FA04F001F0004135
:1006600021FA04F220EA020000EBD3705EEA430EA6
:1006700008BF20EAD37070BD94F0000F0FD101F0D5
:100680000046400041EB010111F4801F08BF013C0E
:10069000F7D041EA060195F0000F18BF704703F04C
:1006A0000046520043EB030313F4801F08BF013DD3
:1006B000F7D043EA0603704794EA0C0F0CEA13558F
:1006C00018BF95EA0C0F0CD050EA410618BF52EA49
:1006D0004306D1D181EA030101F000414FF000004F
:1006E00070BD50EA410606BF1046194652EA43065D
:1006F00019D094EA0C0F02D150EA013613D195EAD1
:100700000C0F05D152EA03361CBF104619460AD118
:1007100081EA030101F0004141F0FE4141F4700122
:100720004FF0000070BD41F0FE4141F4780170BD12
:1007300070B54FF0FF0C4CF4E06C1CEA11541DBF77
:100740001CEA135594EA0C0F95EA0C0F00F0A7F879
:10075000A4EB050481EA030E52EA03354FEA0131A6
:1007600000F088804FEA03334FF0805545EA1313B9
:1007700043EA12634FEA022245EA111545EA106581
:100780004FEA00260EF000419D4208BF964244F118
:10079000FD0404F5407402D25B084FEA3202B61A37
:1007A00065EB03055B084FEA32024FF480104FF40B
:1007B000002CB6EB020E75EB030E22BFB61A75467F
:1007C00040EA0C005B084FEA3202B6EB020E75EB12
:1007D000030E22BFB61A754640EA5C005B084FEA7A
:1007E0003202B6EB020E75EB030E22BFB61A754647
:1007F00040EA9C005B084FEA3202B6EB020E75EB52
:10080000030E22BFB61A754640EADC0055EA060E12
:1008100018D04FEA051545EA16754FEA06164FEA55
:10082000C30343EA52734FEAC2025FEA1C1CC0D101
:1008300011F4801F0BD141EA00014FF000004FF08E
:10084000004CB6E711F4801F04BF01430020B4F14F
:10085000FD0C88BFBCF5E06F3FF6AFAEB5EB030C07
:1008600004BFB6EB020C5FEA500C50F1000041EB04
:10087000045170BD0EF0004E4EEA113114EB5C04D1
:10088000C2BFD4EB0C0541EA045170BD41F48011A4
:100890004FF0000E013C90E645EA060E8DE60CEAAC
:1008A000135594EA0C0F08BF95EA0C0F3FF43BAFC9
:1008B00094EA0C0F0AD150EA01347FF434AF95EA80
:1008C0000C0F7FF425AF104619462CE795EA0C0F64
:1008D00006D152EA03353FF4FDAE1046194622E731
:1008E00050EA410618BF52EA43067FF4C5AE50EA0B
:1008F00041047FF40DAF52EA43057FF4EBAE12E7FB
:100900004FF0FF3C06E000BF4FF0010C02E000BFDB
:100910004FF0010C4DF804CD4FEA410C7FEA6C5CBE
:100920004FEA430C18BF7FEA6C5C1BD001B050EA61
:10093000410C0CBF52EA430C91EA030F02BF90EA4C
:10094000020F0020704710F1000F91EA030F58BF0B
:10095000994208BF90422CBFD8176FEAE37040F06D
:10096000010070474FEA410C7FEA6C5C02D150EA0B
:10097000013C07D14FEA430C7FEA6C5CD6D152EAC6
:10098000033CD3D05DF8040B704700BF844610468B
:1009900062468C461946634600E000BF01B5FFF78A
:1009A000B7FF002848BF10F1000F01BD4DF808ED5A
:1009B000FFF7F4FF0CBF012000205DF808FB00BF2B
:1009C0004DF808EDFFF7EAFF34BF012000205DF885
:1009D00008FB00BF4DF808EDFFF7E0FF94BF0120D2
:1009E00000205DF808FB00BF4DF808EDFFF7CEFFD3
:1009F00094BF012000205DF808FB00BF4DF808ED12
:100A0000FFF7C4FF34BF012000205DF808FB00BFE2
:100A10004FEA410212F5001215D211D56FF4787326
:100A2000B3EB625212D94FEAC12343F0004343EAC9
:100A3000505311F0004F23FA02F018BF40427047A4
:100A40004FF00000704750EA013005D111F000402E
:100A500008BF6FF0004070474FF00000704700BFC4
:100A60004A0011D212F5001211D20DD56FF478732D
:100A7000B3EB62520ED44FEAC12343F0004343EA82
:100A8000505323FA02F070474FF00000704750EACD
:100A9000013002D14FF0FF3070474FF00000704737
:100AA00053B94AB9002908BF00281CBF4FF0FF31D5
:100AB0004FF0FF3000F09EB9ADF1080C6DE904CEA7
:100AC00000F02AF8DDF804E0DDE9022304B0704705
:100AD000D0B500220E4B06460F46FFF7FFFCFFF78E
:100AE000BFFF0446FFF784FC00220A4BFFF7F6FC29
:100AF00002460B4630463946FFF73CFBFFF7B0FF96
:100B00002346002242EA000210461946D0BD00BF2B
:100B10000000F03D0000F0412DE9F0478C460D4605
:100B20000446089E002B51D18A4217466DD9B2FA6D
:100B300082FEBEF1000F0BD0CEF1200C01FA0EF5B3
:100B400020FA0CFC02FA0EF74CEA050C00FA0EF43F
:100B50004FEA174A250CBCFBFAF81FFA87F90AFB83
:100B600018CC45EA0C4508FB09F3AB420AD9ED194C
:100B700008F1FF3280F02381AB4240F22081A8F1DE
:100B800002083D44ED1AA4B2B5FBFAF00AFB105579
:100B900044EA054400FB09F9A14509D9E41900F12B
:100BA000FF3380F00A81A14540F2078102383C44BE
:100BB000A4EB090440EA08400021002E61D024FA89
:100BC0000EF4002334607360BDE8F0878B4207D9D0
:100BD000002E54D0002186E821000846BDE8F087A9
:100BE000B3FA83F1002940F08E80AB4202D38242F7
:100BF00000F2FA80841A65EB03050120AC46002E52
:100C00003FD086E81010BDE8F08712B90127B7FB86
:100C1000F2F7B7FA87FEBEF1000F34D1EB1B3A0CA6
:100C20001FFA87FC0121B3FBF2F8250C02FB1833F5
:100C300045EA03450CFB08F3AB4207D9ED1908F16F
:100C4000FF3002D2AB4200F2D1808046ED1AA3B24F
:100C5000B5FBF2F002FB105543EA05440CFB00FC27
:100C6000A44507D9E41900F1FF3302D2A44500F2EC
:100C7000B8801846A4EB0C0440EA08409DE73146D2
:100C80003046BDE8F087CEF1200405FA0EF307FAEE
:100C90000EF720FA04F83A0C25FA04F448EA03089F
:100CA000B4FBF2F14FEA184502FB11441FFA87FC2E
:100CB00045EA044501FB0CF3AB4200FA0EF409D9F6
:100CC000ED1901F1FF3080F08A80AB4240F287805D
:100CD00002393D44EB1A1FFA88F5B3FBF2F002FB30
:100CE000103345EA034500FB0CF3AB4207D9ED197D
:100CF00000F1FF386FD2AB426DD902383D44EB1A98
:100D000040EA01418FE7C1F1200722FA07F88B4042
:100D100005FA01F448EA030320FA07FE4FEA134CF0
:100D2000FD404EEA040EB5FBFCF94FEA1E440CFBF5
:100D300019551FFA83F844EA054509FB08F4AC424B
:100D400002FA01F200FA01FA08D9ED1809F1FF30B0
:100D500043D2AC4241D9A9F102091D442D1B1FFA0F
:100D60008EFEB5FBFCF00CFB10554EEA054400FB73
:100D700008F8A04507D9E41800F1FF3529D2A045AD
:100D800027D902381C4440EA0940A4EB0804A0FB20
:100D900002894C45C6464D4615D312D056B1BAEB22
:100DA0000E0364EB050404FA07F7CB401F43CC4065
:100DB000376074600021BDE8F0871846F8E6904679
:100DC000E0E6C245EAD2B8EB020E69EB0305013852
:100DD000E4E72846D7E7404691E78146BEE701466B
:100DE00078E702383C4445E7084608E7A8F10208DE
:100DF0003D442BE7704700BF844641EA000313F0EF
:100E000003036DD1403A41D351F8043B40F8043B11
:100E100051F8043B40F8043B51F8043B40F8043BD4
:100E200051F8043B40F8043B51F8043B40F8043BC4
:100E300051F8043B40F8043B51F8043B40F8043BB4
:100E400051F8043B40F8043B51F8043B40F8043BA4
:100E500051F8043B40F8043B51F8043B40F8043B94
:100E600051F8043B40F8043B51F8043B40F8043B84
:100E700051F8043B40F8043B51F8043B40F8043B74
:100E800051F8043B40F8043B403ABDD2303211D314
:100E900051F8043B40F8043B51F8043B40F8043B54
:100EA00051F8043B40F8043B51F8043B40F8043B44
:100EB000103AEDD20C3205D351F8043B40F8043B14
:100EC000043AF9D2043208D0D2071CBF11F8013B12
:100ED00000F8013B01D30B8803806046704700BFD8
:100EE000082A13D38B078DD010F003038AD0C3F1E7
:100EF0000403D21ADB071CBF11F8013B00F8013BC9
:100F000080D331F8023B20F8023B7BE7043AD9D387
:100F1000013A11F8013B00F8013BF9D20B7803705C
:100F20004B7843708B7883706046704700000000F8
:100F300000000000000000000000000000000000B1
:100F400090F800F06DE9024520F007016FF0000C09
:100F500010F0070491F820F040F049804FF00004B1
:100F60006FF00700D1E9002391F840F000F108008C
:100F700082FA4CF2A4FA8CF283FA4CF3A2FA8CF3C4
:100F80004BBBD1E9022382FA4CF200F10800A4FA2B
:100F90008CF283FA4CF3A2FA8CF3E3B9D1E904237F
:100FA00082FA4CF200F10800A4FA8CF283FA4CF3B6
:100FB000A2FA8CF37BB9D1E9062301F1200182FA70
:100FC0004CF200F10800A4FA8CF283FA4CF3A2FA76
:100FD0008CF3002BC6D0002A04BF04301A4612BA84
:100FE000B2FA82F2FDE8024500EBD2007047D1E987
:100FF000002304F00305C4F100004FEAC50514F016
:10100000040F91F840F00CFA05F562EA05021CBFE6
:1010100063EA050362464FF00004A9E74FEA410C7A
:101020007FEA6C5C02D150EA013C0AD14FEA430CE2
:101030007FEA6C5C02D152EA033C02D14FF000001F
:1010400070474FF0010070474FEA4102B2F1E043B0
:1010500024BFB3F5001CDCF1FE5C0DD901F0004C9F
:101060004FEAC0024CEA5070B2F1004F40EB8300EF
:1010700008BF20F00100704711F0804F21D113F11B
:101080003872BCBF01F00040704741F480114FEA54
:101090005252C2F11802C2F1200C10FA0CF320FADD
:1010A00002F018BF40F001004FEAC1234FEAD323FA
:1010B00003FA0CFC40EA0C0023FA02F34FEA430364
:1010C000CCE77FEA625307D150EA01331EBF4FF0ED
:1010D000FE4040F44000704701F0004040F0FE4008
:1010E00040F40000704700BF07B5002000F032FB5D
:1010F0001048114D01F060FC104801F05DFC104BF0
:101100001E6EB04702210C4801F000FE0028F8D006
:10111000284601F014FE02AC022104F8010D284615
:1011200001F0FDFD00220121204600F007FC00F047
:101130001DFBE6E720A10008005000403EA100088A
:101140009CA00008014B01221A607047F40900209E
:10115000014B01225A607047F4090020014801F058
:101160002BBC00BF64A10008014801F025BC00BFF2
:1011700070A100082DE9F04104460E480E461746BE
:10118000984601F019FC0C48013E01F015FC651E63
:1011900034440A4EA54206D1424639460848BDE8C5
:1011A000F04101F009BC15F8011F304601F004FCC4
:1011B000F0E700BF7EA1000889A1000891A1000806
:1011C00097A10008054B00F11C02904201D10020BC
:1011D000704710F8011B03F8011FF6E7FFFFFF1F20
:1011E000044900235A5CC25401331C2BFAD100205D
:1011F000704700BF000000200B480C4B10B5836007
:101200000B4B03610B4BC3600B4C0C4B43610C4B02
:101210008361236808309847E36A9847094801F0DA
:10122000CBFB002010BD00BFF409002045110008D1
:1012300075110008511100089CA0000869110008F0
:101240005D110008C0A1000810B52F4C0122217FBC
:10125000206A01F04FFC0022217F206A01F0F6FC99
:101260002A4B4FF480021A60402283F81623217F14
:10127000206A01F0DBFC20B92548BDE8104001F0F0
:101280009BBB2448244C01F097FB0821204602F028
:10129000B9FA02460028F8D10121204801F0F0FCFB
:1012A00072B6BFF34F8F30BF032001F00BFE62B662
:1012B000012211461A4C194801F0E2FC194801F0CC
:1012C0007BFB2168184801F077FB6168174801F043
:1012D00073FBA168164801F06FFBE168154801F047
:1012E0006BFB2169144801F067FB6169134801F049
:1012F00063FBA169124801F05FFBE1691148BDE899
:10130000104001F059BB00BF0000002000E100E0E8
:10131000CAA10008F6A100080030004000F4014016
:10132000001800400BA2000820A200082FA200080D
:101330003EA200084DA200085CA200086BA20008B3
:101340007AA2000889A200080A480B4B10B58360F6
:101350000A4B03610A4BC3600A4C0B4B43610B4BB6
:101360008361236808309847E36A9847FFF76CFF6A
:10137000002010BDF4090020451100087511000877
:10138000511100089CA00008691100085D110008B7
:101390002DE9F047FF298AB08246894667D8354C47
:1013A000354D364E002323606360354BA360354BCB
:1013B0002361354BE360354B6361354BA36104F129
:1013C00008002B689847EB6830689847337A314AB1
:1013D000377CD35C96F90410F268367E022E06D173
:1013E000A2F10B06F6B2012E8CBF002601262A4878
:1013F00008904FF000084FF0080E0120D2B2CDF84F
:1014000008E0049001970092CDF81C804246CDF888
:101410001880CDF81480CDF80C80EF69B8471F48CC
:1014200080F83B60283003F05BFBAB6D404698478B
:10143000AB6A5FFA89F15046984723680BB9636835
:101440003BB12368012B07D1154801F0B5FA002004
:101450000AE02B6E9847F0E76368012BF7D111483B
:1014600001F0AAFA4FF0FF300AB0BDE8F0876FF044
:101470000100F9E7F40900209CA00008000000200A
:101480004511000875110008511100086911000884
:101490005D110008409E0008C0D40100CC0F002060
:1014A00098A20008A3A2000829482A4B2DE9F04180
:1014B0008360294B0361294BC360294D294B2A4E78
:1014C00043612A4B83618AB02B6808309847EB68E8
:1014D0003068984796F81880337A254AB8F1020F99
:1014E000D15CF268337C0AD1A2F10B085FFA88F86C
:1014F000B8F1010F8CBF4FF000084FF001081E2714
:101500000024012002970827D2B2099005908DE8A7
:10151000900008940794069404940394AF69B84724
:10152000144880F83B80283003F0DAFA2046AB6D8F
:101530009847706940B96B6B98470F4801F03CFAC7
:1015400000200AB0BDE8F0816B6E2046F4E700BFD2
:10155000F409002045110008751100085111000818
:101560009CA0000869110008000000205D1100081F
:10157000409E0008CC0F0020B1A2000808B502F080
:1015800031F9002008BD02207047000030B5184D29
:101590000FCD8FB007AC0FC495E8070084E80700B3
:1015A0006846FFF71DFE0099124801F005FA0199FF
:1015B000114801F001FA029910480EAB03EB8103C8
:1015C00053F81C2C01F0F8F903990D4801F0F4F9D7
:1015D00004990C480A1D01F0EFF905990A4801F039
:1015E000EBF90699094801F0E7F900200FB030BD8A
:1015F000489E0008C0A20008D2A20008E6A2000887
:1016000004A3000812A3000829A300083FA30008B0
:1016100010B596B004461C2200210FA803F002FF6B
:101620000DAB05930CAB04930BAB03930EAB029382
:101630000AAB019309AB009307AA08AB18492046EF
:1016400003F03EFF082802D0032016B010BD079B10
:10165000B3F57A7F3CBF134A53430F93089B03F1C2
:1016600009021F2AF0D81093099B062BECD811937E
:101670000A9B5A1F072AE7D812930B9B5A1F032A6B
:10168000E2D8043B13930C9B012BDDD814930D9BE4
:10169000022BD9D80FA81593FFF794FD0020D4E7AB
:1016A0005BA3000840420F00A0F13003DBB2092B1E
:1016B0000CD9A0F16103052B02D85738C0B270478E
:1016C000A0F14103052B03D83738F7E718467047D8
:1016D000FF20704770B503780BB9022070BD134E20
:1016E0000246002451780029F7D01078FFF7DCFF7C
:1016F000FF280546F1D00846FFF7D6FFFF28ECD0BB
:1017000040EA0510A0559078631C99B238B9074893
:10171000FFF73EFE00280CBF0120082070BDFF2B04
:101720001C4602F10202DDD1032070BD180A002020
:1017300008B5FFF7B9FE00280CBF0120072008BD3F
:1017400008B5FFF759FD012008BD08B5FFF7FCFDFE
:10175000012008BD044B00B1186000225A609A6055
:10176000DA601A615A617047180B00202DE9F74FB3
:101770006C4C6369012B0AD16B4801F01DF972B6FC
:101780006368A3600023E360636162B62361674F0F
:10179000674EE36813B903B0BDE8F08FA368E218A1
:1017A000117E0D2902D00A2940F09E800133202BA2
:1017B00008BF0023A36072B6E368013BE36062B632
:1017C0002269002AE5D02244002382F8383072B61C
:1017D0001D46D95D29B9023B8E468D421DD000229F
:1017E00005E0082908BF01350133F2E70132B85C92
:1017F0000828FBD18AB1501E3A44984207D32044AE
:10180000013180F838E080F839E0023BE5E712F872
:1018100001CF02F802CC0130EFE762B694F838301D
:10182000412B5FD194F83930542B5BD194F83A3086
:101830004BB9002006EB8000D0F8900001F0BCF816
:1018400000232361A5E73F2B0CD13A4801F0B4F8FF
:1018500000251835A82DECD0731953F8040C01F0AD
:10186000ABF8F6E7DFF8D0B04FF00008182303FB21
:1018700008F106EB01093048D9F804A0715801932A
:10188000524603F04BFE019B38BB1BF80A203D2A51
:101890000BEB0A030BD03F2A1AD01ABBD9F8102041
:1018A000184690470C2828BF0C20C0B2C2E7184643
:1018B00010F8012F3F2A05D19B781BB9D9F80830C1
:1018C0009847EFE7182303FB0868D8F80C30F7E7D0
:1018D000D9F8140001F070F8ABE708F10108B8F18D
:1018E000060FC4D10220A5E7226940F2FF308242F0
:1018F00005D100230C48236101F05EF849E701336C
:10190000501C202B2244A36008BF0023206182F8D2
:10191000381008BFA36072B6E368013BE36062B6AB
:1019200037E700BF180B00207BA30008500B0020F6
:10193000649E000896A30008520B00200C4BDA6846
:101940000132212ADA6006D101225A612022DA60AE
:101950001B6863B118475A680078511C1A44202943
:10196000107608BF0022596008BF5A60F0E7704740
:10197000180B0020F0B5022289B00C212648274D13
:1019800001F07EF901221146254801F079F9284637
:1019900001F01EFA01211B2001F010FB032301249A
:1019A00000264FF416578DF8083001A91C2328464D
:1019B0008DF8093001978DF80A608DF80B608DF86D
:1019C0000C608DF80D4001F0C3F922462846022133
:1019D00001F078F93146284601F08FF92146284672
:1019E00001F078F90F4B402283F8092304A8A5F5EC
:1019F000005501F012FF4FF4807304A92846ADF89A
:101A00001A308DF81C40049701F01EFF214628462D
:101A100001F011FF09B0F0BD00FC01400050004092
:101A200000F4014000E100E010B50121022001F0C6
:101A300045FD01211F2001F0C1FA01211B2001F009
:101A4000BDFA01210D2001F0B9FA0121202001F099
:101A5000B5FA0121212001F0B1FA0121222001F083
:101A6000ADFA0121412001F0A9FA0121032001F082
:101A7000A5FA01210E2001F0A1FA0121002001F0B8
:101A80009DFA0B4C642001F02FF8012001F01EFAA2
:101A900003F0ACF920460022062101F0F1F82046BF
:101AA0000022072101F0ECF8BDE81040FFF762BF0B
:101AB00000F0014008B5FFF7B7FFFFF715FB002066
:101AC00008BD000008B50A4B1A680AB9094A1A602D
:101AD0001A6809491044884206D903F075FC0C23A2
:101AE00003604FF0FF3008BD1860104608BD00BF0E
:101AF000500F0020A8110020004000207047FEE792
:101B0000FEE7FEE7FEE7704770477047704702F058
:101B10005BBD000038B5094D094C2978206801F0FB
:101B2000A5F8012808D12068297801F088F805482F
:101B3000BDE8384000F040BF38BD00BF1C000020A9
:101B400020000020FEA600089A4238BF8854704743
:101B500070472DE9F84F1F460D9BDDF82880DDF812
:101B60002C900E4699070546144606D1A9EB020AA9
:101B70000C990AEB0203994212D808EB090A914426
:101B8000A9EB0A02C245424412D10D9B9B0704D522
:101B90000C9AA9EB04039A4210D84846BDE8F88F86
:101BA00002F1010B3B4631462020A8475A46DFE7A9
:101BB0003B4631461AF8010DA847E1E74A4609F1CC
:101BC00001083B4631462020A847C146E0E72DE901
:101BD000F04F0F9E099D0A9C9DF82CC0DDF830E067
:101BE000DDF834800E9F16F0020F1DD14FB116F0B4
:101BF000010F06D0BCF1000F02D116F00C0F00D07F
:101C0000013F05EB04094FF0300A444541D305EB91
:101C1000040906F0010A4FF0300BBAF1000F03D0AF
:101C2000BC4201D21F2C3AD916F0100F1FD016F467
:101C3000806F39D1C4B3444501D0BC4234D1B4F132
:101C4000010830D0BEF1100F3ED1023C16F0200F3B
:101C500035D11F2C15D84FF0780E05F804E001346B
:101C60001F2C0ED84FF0300E05F804E001341F2C65
:101C700007D8BCF1000F29D04FF02D0E05F804E075
:101C800001340C960B970A940995BDE8F04FFFF7C5
:101C900060BF1F2CBBD8013409F801ABB5E7013494
:101CA00009F801BBB9E74446BEF1100FCED0BEF132
:101CB000020FD5D11F2CE4D84FF0620ECDE71F2CB8
:101CC000DFD84FF0580EC8E74446F0E716F0040F8F
:101CD00002D04FF02B0ED1E716F0080FD1D04FF005
:101CE000200ECBE72DE9F04190B0169DDDF860E0C5
:101CF0001B9F0DB927F010077C0500D585B317F0A1
:101D0000200F4FF0000614BF4FF0370C4FF0570C68
:101D1000B5FBFEF40EFB1454E4B2092C06F10106E7
:101D20000DF1200894BF30346444B044E4B208F8A4
:101D3000014CB5FBFEF50DB1202EE9D11A9C05949E
:101D4000199C04949DF85C40029408AC0697CDF869
:101D50000CE001960094FFF73AFF10B0BDE8F08167
:101D60002E46EBE72DE9F04F95B0DDE91E89269D63
:101D700009909B4658EA090308BF25F010059246D2
:101D80006A050A91229E239F02D558EA09033DD095
:101D900015F0200F14BF3723572300240B93404620
:101DA000494632463B46FEF77BFED2B2092A88BF3F
:101DB0000B9B04F1010488BFD2180CAB98BF3032E2
:101DC0002344D2B203F8012C40463B4649463246F2
:101DD000FEF766FE8046894658EA090301D0202CAA
:101DE000DDD1259B0593249B04939DF880300293BD
:101DF0000CAB00930695039601945B4652460A99F4
:101E00000998FFF7E4FE15B0BDE8F08F0024E8E77D
:101E1000014610B1014801F0FBBC704700300040A2
:101E20002DE9F04F97B092469B46DDE920230790BD
:101E3000089110461946DDF88890239F249EFEF7EE
:101E4000B5FD60B903230193A74B03960297009356
:101E500052465B4608990798FFF77BFE42E04FF039
:101E6000FF326FF48013DDE92001FEF7A9FD28B1F0
:101E700004230193039602979C4BE8E74FF0FF324F
:101E80009B4BDDE92001FEF7B9FD68B1994A039645
:101E900006F00403002B08BF0322974B02971CBFD8
:101EA000134604220192D2E78BA3D3E90023DDE994
:101EB0002001FEF7A3FD38B989A3D3E90023DDE9AA
:101EC0002001FEF77DFD80B19DED207B04960397F8
:101ED000CDF808908DED007B5B4652460899079837
:101EE00000F012F917B0BDE8F08F00220023DDE901
:101EF0002001FEF765FD002876D0DDE920230020D3
:101F00000021FEF737F9CDE920010123099316F4EA
:101F1000806F08BF4FF0060900230EAA3021B9F1E7
:101F2000090F1C4606D9D154631C202B09F1FF3937
:101F3000F5D11C46DDE92001FEF76AFD6F4B03EB8E
:101F4000C90393ED007B05468DED0A7BFEF760FA31
:101F500002460B46DDE92001FEF70CF9DDE90A2314
:101F6000FEF7BCFACDE90C01FEF77AFD8046FEF7DC
:101F70003FFA02460B46DDE90C01FEF7FBF80022B2
:101F80005F4BCDE90C01FEF739FD78B308F101088C
:101F90004046FEF72DFA02460B46DDE90A01FEF740
:101FA00019FD10B101354FF00008B9F1000F4BD108
:101FB0002846FEF72DFA02460B46DDE92001FEF722
:101FC000D9F800224E4B80468946FEF7F9FC30B125
:101FD00000224B4B40464946FEF710FD10B1E80782
:101FE00000D501350A2358E0099090E70022444BC0
:101FF000DDE90C01FEF7E4FC0028D6D1B8F1000FB2
:1020000002D018F0010FD0D008F10108CDE701345B
:10201000B8FBF3F1101903FB118808F1300800F840
:10202000018C09F1FF39884681B9A1443021202C67
:102030000ED0A14504F101031FD116AA14442E228B
:1020400004F8202C1C46CDE70EAA0A23202CDED152
:1020500006F00303012B0EAB25D127B3099A12B961
:1020600016F00C0F00D0013F3022A7421BD91F2CC5
:1020700016D9039602970194E9E611551C46D6E756
:102080000EAA0134111995FBF3F203FB12553035FA
:1020900001F8015C1546002ADAD01F2CF0D9D7E7E9
:1020A0001A550134E1E71F2CE3D8099A32B116AA78
:1020B00022442D2102F8201C0134DAE7710703D5F0
:1020C00016AA22442B21F5E73207D2D516AA2244BC
:1020D0002021EFE7AFF300800000000065CDCD4187
:1020E0000000000065CDCDC126A700082AA7000882
:1020F000FFFFEF7F1DA7000822A70008289F000808
:102100000000E03F000000002DE9F04F2DED028BB4
:1021100093B09DED1E7B1F46219B0E920D9353ECB9
:10212000172B09900C9117EE100A19468DED067BBE
:10213000209E229DFEF73AFC80B14FF0FF32C04B4B
:10214000DDE90601FEF75AFC40B94FF0FF326FF4AB
:102150008013DDE90601FEF733FC90B19DED067BAF
:102160000D9B0E9A0C99099821933B462295209637
:102170008DED1E7B13B0BDEC028BBDE8F04FFFF779
:102180004FBE00220023DDE90601FEF719FC0028FE
:1021900000F03E81079BDDF818A003F1004B15F419
:1021A00080630F93CBF30A53A3F2FF3307EE903A09
:1021B000DFEDA46A9FEDA47ADFF8B092F8EEE77A3B
:1021C00008BF0626A7EEA67A4FF00008B6EE008AF2
:1021D00017EE100AFEF72EF9CDE90A019B499C4B38
:1021E0004FF0FF3000EA0A0001EA0B01002240EA4A
:1021F000080041EA0901FDF7BDFF8BA3D3E90023E5
:10220000FEF76CF902460B46DDE90A01FDF7B4FF63
:10221000FEF7FEFB07EE900AB8EEE77ADFED8D7A67
:10222000A7EE278A0446DFED8C7ABDEEC88AF8EE69
:10223000C86A67EEE67ADFED896AE7EE267A17EE7E
:10224000900AFEF7F7F802460B46CDE90A01FEF7C1
:1022500045F9DDE90A238046894610461946FDF70F
:102260008BFF0022CDE910017D4B40464946FEF729
:102270005FFA00227B4BFDF77FFF02460B4640468C
:102280004946FEF755FA0022774BFDF775FF0246E7
:102290000B4640464946FEF74BFADDE90A238046E5
:1022A000894600204FF08041FDF764FF02460B464F
:1022B00040464946FDF760FF02460B46DDE9100146
:1022C000FEF736FA0022694BFDF756FF18EE103A7A
:1022D00003F2FF3E00224FEA0E53FEF7FFF8CDE96E
:1022E0000A0102460B4650465946FEF769FB40B1CB
:1022F000DDE90A0100225B4BFEF71AFACDE90A017B
:10230000013C04F16303C72B34BF4FF004084FF0C6
:1023100005082B051DD546A3D3E900235046594691
:10232000FEF762FB002876D043A3D3E90023504692
:102330005946FEF745FB00286DD0B442B8BF361BA6
:102340004FF00008B4BF06F1FF36002645F4806563
:1023500044460D9B43458CBFA3EB08094FF0000991
:1023600015F002030F9304D0B8F1000F18BF4FF01F
:1023700000093CB150465946DDE90A23FEF7D8F979
:1023800082468B4600220023DDE90601FEF718FB9A
:1023900010B10BF100439B4625F400630493CDF884
:1023A0000C900296CDE900AB3B460E9A0C99099829
:1023B000FFF736FDB8F1000F25D015F0200F0246CB
:1023C00000F101053B4614BF452065200C99099E8C
:1023D000B0470523059308F1FF33049300230393CB
:1023E000002C4FF00A0302934FEAD473B8BF644243
:1023F000019300943B462A460C990998FFF772FC1A
:102400000F9B002B3CD113B0BDEC028BBDE8F08FCD
:10241000DDE906ABC3E6002E9BD00F9B002B98D0C6
:10242000013E96E7AFF3008000000060A787D23F2F
:10243000000000E0E2361A3F0000000080842E41D8
:10244000FFFFEF7F9B209A3E4451343EFFFF0F0079
:102450000000F83F789A54401872313F8E5D134067
:1024600000002C4000002440000018400000F03F15
:10247000441C02463B4620200C99099DA847204653
:102480000E9B0D9AC31A9A42F2D8BCE72DE9F04F81
:1024900091B01E460A92B34A1A9D1346002918BFEE
:1024A000034688460B930024307870B90A9B0B9D35
:1024B0009C422CBF03F1FF3222460A9B414600207A
:1024C000A847204611B0BDE8F08F252806F1010687
:1024D00008D004F1010922460A9B0B9C4146A04703
:1024E0004C46E1E73346002218461E4610F8011B11
:1024F0002B2916D00AD8202916D0232917D0A1F1CC
:10250000300EBEF1090F57D8002118E02D2905D053
:102510003029F4D142F001020346E5E742F002021D
:10252000FAE742F00402F7E742F00802F4E742F06B
:102530001002F1E70C980A2606FB001130390C91C5
:102540001E4613F8011BA1F130000928F2D9337897
:102550002E2B51D17178A1F13000092842F480620C
:1025600006F101033FD84FF000091E4613F8011B86
:10257000A1F13000092830D933786C2B46D03ED8F1
:10258000682B4AD06A2B52D03078652800F05681EB
:1025900000F29A80472800F051814BD8452800F07E
:1025A0004D8100F23281224604F101090A9B0B9C05
:1025B0004146A047013693E72A290BD12B68002B0F
:1025C00005F10401BCBF5B4242F002020C930646D7
:1025D0000D46BCE700230C93B9E70A2000FB09195C
:1025E000A9F13009C1E72A2905D12B68023623EA6F
:1025F000E3790435C0E71E464FF00009BCE7742BB1
:1026000001D07A2BC0D142F480720BE073786C2B2E
:10261000F9D142F440720236B6E77378682B03D0E2
:1026200042F080020136AFE742F0C002F3E742F425
:102630000072F7E7622803D1022322F00C0213E0B4
:1026400005D85828AFD142F020021023F5E76328BF
:1026500000F015816428A6D1692822F010024FF0FD
:102660000A0301D06428E8D1570548BF22F00102CF
:10267000692802F4007102D0642840F09280002999
:1026800053D0073525F0070101F1080503C904936C
:1026900000230593CB0F029300280B46089273F199
:1026A00000010C9A0792CDF81890024602DA4242D5
:1026B00063EB4303CDE9002341460A9B0B98224676
:1026C000FFF750FB04464BE06F2801D10823B4E725
:1026D00006D8672800F0B280C0F097806928BAE772
:1026E000732800F006811BD870287FF45CAF0823A4
:1026F00004931023029342F0210200230592CDF8A7
:102700000C9001932B68009322460A9B0B9841463C
:10271000FFF7E8FA05F1040A044601365546C3E618
:10272000752899D0782890D03DE712F4807F05F184
:10273000040A19D02968059200290C9A02934FEADD
:10274000D173B8BF49420492CDF80C900193009127
:1027500022460A9B0B984146FFF7C4FA55460446A9
:102760000136A1E6511B000812F0400F296814D071
:10277000C9B2059202930C9A0492CB0F00295546D8
:10278000CDF80C900193B8BF494200910A9B0B9879
:1027900022464146FFF7A6FA94E7150648BF09B25C
:1027A000E7E781B108920C9A07920735002225F0DD
:1027B0000701CDF8189004930592029201F10805E3
:1027C000D1E9002376E712F4807F05F1040A09D0ED
:1027D00005920C9A0492CDF80C90029301912B680B
:1027E0000093B5E712F0400F29680AD0C9B20592EC
:1027F00002930C9A049200235546CDF80C90019355
:10280000C3E7100648BF89B2F1E7462808BF42F087
:102810002002049207350C9A039225F00703CDF8A5
:10282000089003F10805D3E900234146CDE90023D0
:102830000B980A9B2246FFF7F3FA43E700F0DF0309
:10284000472B04BF00F0FD0042F40062452808BF9A
:1028500042F02002049207350C9A039225F00703F8
:10286000CDF8089003F10805D3E900234146CDE9EE
:1028700000230B980A9B2246FFF746FC22E712F042
:1028800002030D9328D19B460C9B04EB0B0A0BF122
:1028900002090BF1010B5B4517D80A9B287805F15B
:1028A000040B524641460B9DA8470D9B0AF10104BB
:1028B00043B109F1FF39A9EB0A0A0C9A04EB0A03A8
:1028C0009A420DD801365D46EEE50A9B0B9F5246B3
:1028D00041462020B847D7E7A2464FF00109DCE780
:1028E000651C22460A9B0B9C41462020A0472C4693
:1028F000E3E72B1D0D932D682E4B002D08BF1D46C1
:10290000B9F1000F14BF4B464FF0FF332B44AB46D9
:102910009BF8001031BB12F48063ABEB050B0E93F8
:1029200025D112F002030F932CD15B46E41A0C99C7
:10293000994204EB030203F1010B1CD8A2EB050A38
:102940000AEB050215F8010BF0B90F9B144633B1E1
:10295000ABEB020B0C9A04EB0B039A4221D8013625
:102960000D9DA1E55B45D6D00BF1010BD0E7CB4522
:1029700028BFCB46D5E70A9B0B9F41462020B8478E
:102980005B46D4E72246D9E70E9B2BB109F1FF3312
:10299000B9F1000FD9D099460A9B0B9C4146A0473C
:1029A000CEE7651C22460A9B0B9C41462020A0478F
:1029B0002C46CFE72FA700080FB41FB506AA02A91F
:1029C00052F8043B0392009204484FF0FF32FFF7A5
:1029D0005DFD05B05DF804EB04B07047111E000802
:1029E0000EB40FB505AA014652F8043B03920092BB
:1029F00004484FF0FF32FFF749FD04B05DF804EBE7
:102A000003B07047491B0008064B0748E02283F8D3
:102A10002220C0210023C2180133252B82F8001385
:102A2000F9D1704700ED00E000E100E00E4A08B582
:102A3000D2F8883043F47003C2F888304FF08042F7
:102A4000D36843F08003D360084B5A6922F47022A4
:102A500042F480325A619A689207FCD5FFF7D4FF9E
:102A6000BDE8084000F004B800ED00E000000240BE
:102A700008B5012000F036FA0B4B984213D90B4AE7
:102A80000133B0FBF3F313704FF47A73084AB0FBD1
:102A9000F3F0084B0138E021586082F8231000223F
:102AA0009A6007221A6008BD3F420F00540F0020B1
:102AB00000ED00E010E000E030B5094B094A1B785A
:102AC000556863B194685843002391688C42FCD0E8
:102AD000234498BF5B195B1A83420C46F5D330BD83
:102AE000540F002010E000E04FF47A735843FFF7D2
:102AF000E3BF000010B50123062A00F28A80DFE858
:102B000002F004101D2C3A49670002688B401A43FA
:102B1000026082681A438260C16821EA0303C360CD
:102B200010BD02688B401A43026082681A438260BB
:102B3000C2681A43C26001690B430CE002688B4013
:102B40001A43026082681A438260C2681A43C260F4
:102B5000016921EA0303036110BD04688B40DA4375
:102B60001440046081681140816041680A404260FD
:102B700081690B430CE002688B40DB431A40026022
:102B800082681A40826042681A40426081690B4044
:102B9000836110BD244B98424FF001030DD10729EA
:102BA0000BD984698B40DA431440846181680A4000
:102BB000826002681A430260BDE704688B40DA4312
:102BC0001440046081680A40826042681A43CEE77C
:102BD000154B98424FF001030CD107290AD984699B
:102BE0008B40DA4314408461816811408160016840
:102BF0000A40E0E704688B40DA43144004608168CF
:102C00001140816041680B43436083691A408261CF
:102C100010BD02688B401A4302608268DB431A4091
:102C20008260C1680B407AE700FC014042690123E1
:102C300003FA01F1114214BF184600207047C36A1D
:102C40004A00032191401940C162704770B5154692
:102C50000C46FFF7F4FF6100836A03228A4023EAEF
:102C6000020305FA01F21A43826270BDC26A0323AD
:102C7000490003FA01F1114214BF012000207047FE
:102C8000072910B511D90E4B083998420BBF01EB3B
:102C90004101890007230F238B4002FA01F1C26B27
:102CA00022EA03031943C16310BD8900836B0F241B
:102CB0008C4023EA040302FA01F11943816310BD39
:102CC00000FC0140436812B119434160704723EA98
:102CD0000101FAE7C36803F00603062BFAD1036883
:102CE00041B143F000730360C36803F00603062B91
:102CF000FAD1704723F00073F5E7436819B143F444
:102D000000734360704723F40073FAE7C3689B07BE
:102D1000FCD58368194214BF012000207047C368A6
:102D200003F00603062BFAD18160C36803F00603A3
:102D3000062BFAD17047C068C0F3C000704708B5D1
:102D40000346FFF7F8FF00B11869C0B208BD0000E4
:102D500070B50C46054600F02BF9E37910F0FB0F37
:102D6000184808BF4FF4004033BB237A3BBB637A5B
:102D7000002B0CBF00264FF080766279A379216882
:102D800013432279104C1343B0FBF1F201FB120004
:102D900004EA82244A0802EB0012B2FBF1F20B496A
:102DA000234301EA821213433343EA6802F0060226
:102DB000062AFAD12B6070BD4FF48006DDE74FF490
:102DC0000006DAE780EE360000FCFF03C0FF3F009C
:102DD00008B5094B98420DD100211B2000F0EEF8F8
:102DE00001211B2000F0E8FB00211B20BDE808406A
:102DF00000F0E2BB08BD00BF00500040294A536804
:102E000043F0100310B55360274B1B689C0701BFAC
:102E1000536823F4700343F480135360234A136907
:102E200043F0040313611F4B1A6881B122F02002A2
:102E300002281A600ED81A6822F0030210431860A4
:102E400000292BD01A4B04225A6030BF10BD42F02B
:102E50002002EDE7174B1A6892060AD5164C174A5E
:102E60009C619A611A6822F020021A6000229C611B
:102E70009A61134A13685C045CBF43F48043136097
:102E8000084B1A6842F003021A605A6803280CBF04
:102E900042F0807222F080725A60D1E740BF20BFBA
:102EA00020BF10BD001800401020001000ED00E011
:102EB00000E100E000000240BFAE9D8C1615141327
:102EC000308000400121FFF799BF0000044A1368D9
:102ED00018B143F080031360704723F08003FAE7D2
:102EE0000C8000404FF080431B6803F4E043B3F5CF
:102EF000804F06D007D8B3F5805F0FD0B3F5005FE1
:102F00000CD01B4B0CE0B3F5C04F17D0B3F5E04F1E
:102F100016D0B3F5A04FF4D1164B01E04FF40043A7
:102F200002280FD0032818D0012805D14FF0804285
:102F30001268C2F30322D340184670470E4BEFE7E6
:102F40000E4BEDE74FF080421068C0F30320C34002
:102F50001068C0F34210C340EEE74FF080421068A3
:102F6000C0F30320C3401068C0F3C230F3E700BFD2
:102F700000366E010048E80180EE3600006CDC028D
:102F80004FF08043986800F4C03070474FF08043A2
:102F9000986800F4C04070474FF08043986800F490
:102FA000C05070474FF08043986800F4C06070478D
:102FB0004FF08043586800F00C00704741284AD811
:102FC000DFE810F036022C0222020302F101D201E6
:102FD0007C01720168015E0154014A01400118013F
:102FE0000E01DB00EF00E500D1004900C700BD0085
:102FF000B300A8009E0094008A006B006100570097
:103000004D00420022012C013601490049004900CF
:103010004900490049004900490049004900490068
:103020004900490053024A0240025D02A7014900DB
:103030004900490049004900490049004900490048
:1030400049004900670271024FF08043DA6819B104
:1030500042F48012DA60704722F48012FAE74FF0EF
:103060008043DA6811B142F40022F3E722F400222F
:10307000F0E74FF08043DA6811B142F48022E9E7CB
:1030800022F48022E6E74FF08043DA6811B142F47F
:103090000032DFE722F40032DCE74FF08043DA68E9
:1030A000A1B142F48032DA604FF080439A6A02F0B4
:1030B0003F023F2AFAD15A6959B142F004025A61DB
:1030C0004FF08042936A5907FCD5704722F4803252
:1030D000E9E722F00402F2E74FF08043DA6811B129
:1030E00042F40042B6E722F40042B3E74FF08043D7
:1030F000DA6811B142F48042ACE722F48042A9E7D9
:103100004FF08043DA6811B142F40052A2E722F492
:1031100000529FE74FF080431A6919B142F0200234
:103120001A61704722F02002FAE74FF08043DA6814
:1031300011B142F480528DE722F480528AE74FF0B9
:103140008043DA6811B142F4006283E722F400623E
:1031500080E74FF08043DA6811B142F4806279E78A
:1031600022F4806276E74FF08043DA6811B142F4CE
:1031700080726FE722F480726CE74FF08043DA6868
:1031800011B142F0200265E722F0200262E74FF021
:103190008043DA6811B142F080025BE722F08002DE
:1031A00058E74FF08043DA68A1B142F04002DA609C
:1031B0004FF080439A6A02F03F023F2AFAD15A69DF
:1031C00059B142F008025A614FF08042936A1B07DE
:1031D000FCD5704722F04002E9E722F00802F2E74E
:1031E0004FF08043DA6811B142F0100232E722F06A
:1031F00010022FE74FF08043DA6811B142F00072FD
:1032000028E722F0007225E74FF08043DA6811B119
:1032100042F080721EE722F080721BE74FF080437D
:10322000DA6811B142F4000214E722F4000211E757
:103230004FF08043DA6811B142F480020AE722F4C9
:10324000800207E74FF08043DA6811B142F00802CC
:1032500000E722F00802FDE64FF08043DA6811B182
:1032600042F00402F6E622F00402F3E64FF0804357
:10327000DA6811B142F00202ECE622F00202E9E65D
:103280004FF08043DA6811B142F00102E2E622F029
:103290000102DFE64FF08043DA6811B142F00062CC
:1032A000D8E622F00062D5E64FF08043DA6811B12B
:1032B00042F08062CEE622F08062CBE64FF080439F
:1032C0001A69A1B142F400721A619A6A02F03F02CF
:1032D0003F2AFAD15A6942F010025A614FF08043F6
:1032E0009A6AD006FCD51A6942F0100218E722F05B
:1032F00010021A619A6A02F03F023F2AFAD15A6913
:1033000022F010025A614FF08042936AD906FCD530
:1033100070474FF080431A69A1B142F480521A619C
:103320009A6A02F03F023F2AFAD15A6942F020021B
:103330005A614FF080439A6A9206FCD51A6942F4AA
:103340000062EDE622F400621A619A6A02F03F021E
:103350003F2AFAD15A6922F020025A614FF0804286
:10336000936A9806FCD570474FF080431A69A1B163
:1033700042F008021A614FF080439A6A02F03F025D
:103380003F2AFAD15A6959B142F001025A614FF00D
:103390008042936AD907FCD5704722F00802E9E71A
:1033A00022F00102F2E74FF080431A6931B142F096
:1033B00004021A611A6942F04002B1E622F00402E6
:1033C0001A611A6922F04002AAE64FF080431A6996
:1033D000A1B142F002021A614FF080439A6A02F0F2
:1033E0003F023F2AFAD15A6959B142F002025A61AA
:1033F0004FF08042936A9B07FCD5704722F002028F
:10340000E9E722F00202F2E74FF08043DA6811B1F7
:1034100042F080521EE622F080521BE64FF08043BD
:103420001A6911B142F001027AE622F0010277E650
:103430004FF080431A6911B142F0800270E622F029
:1034400080026DE64FF080431A6911B142F4807238
:1034500066E622F4807263E64FF08043DA6809B1D1
:103460001A43F7E522F08042F4E54FF08043DA6832
:1034700011B142F00052EDE522F00052EAE54FF0C2
:1034800080431A6911B142F4806249E622F48062F5
:1034900046E64FF08043DA6811B142F40012D9E5F4
:1034A00022F40012D6E54FF08043DA6811B142F001
:1034B0000042CFE522F00042CCE5000010B50C46FA
:1034C000052870D8DFE800F003151F28335E364A60
:1034D0003649136834B123F0200313608B685B070F
:1034E000FCD510BD43F0200313608B685C07FCD44F
:1034F00010BD2F4A136819B123F40043136010BDA7
:1035000043F40043FAE72A4A136811B123F4C04395
:10351000F4E743F4C043F1E7234A136823F01803A8
:1035200011B143F00803E9E743F01003E6E7012196
:103530000E20FFF743FD1F4BD3F80421CCB19006BA
:103540000BD4D3F8042142F02002C3F80421D3F8AD
:10355000042122F08002C3F80421D3F8042142F0B0
:103560000402C3F80421134AD2F808319907FBD5A5
:1035700010BD22F00402C3F80421D3F808219207F9
:10358000FBD410BD084A0949136834B123F0400345
:1035900013608B68002BFCDA10BD43F0400313600E
:1035A0008B68002BFCDB10BD1880004000820040BF
:1035B00008800040009000403F2810B417D82F2802
:1035C00018D94FF08042A0F13004012351B9D169DC
:1035D000A3400B433428D3611AD15C205DF8044B1F
:1035E000FFF76ABAD169A34021EA0303D3615DF80A
:1035F000044B7047A0F12003022B8CBF04460D241E
:103600004FF08042012369B99169A3400B43936154
:103610001B289DBF064B23FA00F0C0430120C307BF
:10362000E5D4DAE79169A34021EA03039361DEE779
:103630006800010808B500210320FFF7BFFC012145
:103640000320FFF7B9FF00210320BDE80840FFF782
:10365000B3BF0000034940F6FF53CA6A33EA0202CF
:10366000FBD1704700E0004008B5FFF7F3FF054BC2
:103670001A6818B142F080521A6008BD22F08052D8
:10368000FAE700BF00E0004008B5FFF7E3FF054B95
:103690001A6818B142F080721A6008BD22F0807278
:1036A000FAE700BF00E00040012808B50AD8FFF79C
:1036B000D1FF054B1A6801280CBF42F0007222F0BE
:1036C00000721A6008BD00BF00E00040F0B500289D
:1036D0005BD02E4F3C46796B8EB2626C636C9A4223
:1036E000FBD1A36CA56CAB42FBD1656BADB2AE4216
:1036F000F1D1002EEFD089B207EE901AC2F3021179
:1037000002F00F0401EB810104EB4101C171C2F32E
:10371000C221C2F3C31401EB810104EB41018171A9
:10372000C2F3814101EB8101C2F3833202EB41021A
:103730004271C3F3011203F00F0102EB820201EBAD
:1037400042020271C3F38022F8EEE77A9100DFEDC6
:10375000106A0A44B6EE007AC3F3831101EB420209
:10376000A7EEA67AC270C3F3C2228270C3F383426B
:1037700002EB8202C3F38333FCEEC77A03EB42030E
:1037800003F5FA63C0ED027A0380F0BD00E000406B
:103790000024F44180280BD0402809D0431EDAB21F
:1037A0001F2A9DBF084BD340DB430123DB0701D415
:1037B000012900D97047054B9A6A0CBF104322EAD1
:1037C00000009862704700BF8B80008000E00040DE
:1037D00008B518B1FFF73EFF014B986108BD00BF67
:1037E00000E00040BFF34F8F0449054BCA6802F464
:1037F000E0621343CB60BFF34F8FFEE700ED00E0C4
:103800000400FA0583690B4214BF012000207047B1
:1038100083699B06FCD401607047602303714FF4F9
:10382000E13303604FF4407200234371837142819E
:10383000038103737047036B19B143F00103036302
:10384000704723F00103FAE738B5036B23F0010357
:103850000363C36A23F01003C36200238363484BEE
:10386000984204460D460CD1FFF78AFBC00B022894
:1038700026D0032864D0012864D00220FFF732FB51
:1038800020E0B0F1402F04D1FFF780FBC0F34F30B0
:10389000EDE73C4B98420BD1FFF77EFBC0F3CF2006
:1038A00002280DD003284BD001284BD00320E5E798
:1038B000354B9842FAD1FFF775FBC0F34F20EFE785
:1038C0004FF400402B681A01904256D36BB1B0FB05
:1038D000F2F102FB1102D200B2FBF3F202F001039B
:1038E00003EB52039BB243EA01431A0C03F03F037C
:1038F0006262A362E36A2A7923F060031343E362FE
:10390000E36AAA7923F008031343E3622B7BDBB15C
:10391000E36A43F01003E3626B79012B18D028D3DC
:10392000022B1ED0236B6A8923F440731343236355
:10393000236B2A8923F4404313432363002038BDBB
:103940001248BFE71248BDE7E36A23F01003E2E73D
:10395000E36A43F00203E362E36A23F00403E362F1
:10396000E0E7E36A43F00203E362E36A43F004033F
:10397000F5E7E36A23F00203F1E74FF0FF3038BDCB
:1039800000300040000001400010014000366E0190
:1039900080EE3600FFF7A8B810B501F081FA0446B2
:1039A00001F00CFB064B1B68001B002103B910BD86
:1039B0001A6890423ABF121A1A6019605B69F5E7FB
:1039C000580F0020054B1A680AB100215172186087
:1039D000012342614372006801F020BA580F0020B1
:1039E00000230360436003724372C160036143615B
:1039F0007047000070B5044601F0F6FA74B11B4D33
:103A000029680B4673B962682260012222726372D0
:103A100061B901F0D3FA2046FFF7D4FFBDE870404A
:103A200001F0E4BA9C42F9D05B69EBE701F0D0FA0F
:103A300022682B680244226019688A42064605D231
:103A4000FFF7AAFF23689B1B2360E4E759695869C5
:103A500010B95C616061E1E70868824202D90B46F7
:103A60004969F4E75C616161D8E700BF580F002045
:103A700038B5154D044601F0B7FA2B6803B11CB9EF
:103A8000BDE8384001F0B2BA0022A342227213D13D
:103A9000597A5C6969B15A724CB12C60FFF77CFFAE
:103AA0002B6801225A72186801F0B8F9E8E701F0B2
:103AB000EDF92C60E4E713465A69002AE0D09442FD
:103AC000F9D162695A61DBE7580F002038B5044626
:103AD0000D46FFF7CDFF2560656038BD08B501F0E4
:103AE000E7F9034BD3E902238018594108BD00BF11
:103AF000580F002038B504460D46FFF7EFFF001BB6
:103B000061EB050138BD012070470000034B1B68C5
:103B100013B15B6803B11847704700BF6C0F0020FA
:103B2000034B1B6813B1DB6803B11847704700BF34
:103B30006C0F0020002000F0DBBD000010B5134C1E
:103B4000206000F011FF002000F0D2FD012000F005
:103B50007CFE0021084601F0A7F80421002000F0B7
:103B60005BFF0023194618461A4600F0C7FE0849B5
:103B70000848FFF735FF08490848FFF731FF0849B3
:103B80000848FFF72DFF0020207110BD6C0F0020AA
:103B90000D3B000808100020213B00084C110020BC
:103BA000113D00082011002008B500F01FFD03386A
:103BB000C0B202289ABF024B185C002008BD00BFAB
:103BC000789F000800F0E4BE08B501F07AF808BD5F
:103BD00001F04EBB01F016BB38B50C46002340F295
:103BE00001211A460546084600F088FE00F00EFF47
:103BF0000B4B01280A480CBFDC731C7200F0D4FF89
:103C000021462846002200F09FFD064B0648996891
:103C1000FFF75CFF0448BDE83840FFF7EBBE00BF8C
:103C2000CC0F00206C0F00200810002008B54FF0CA
:103C3000040000F04BFD0220BDE80840FFF7AABEDB
:103C400000F0BEBD184B37B593F838500F2805F17A
:103C50000D05EDB222D8072822D8032822D8012842
:103C600094BF0024012400234FF4C0711A46084673
:103C700000F044FE002300930A222946204600F06B
:103C8000F5FF00F0BBFD4FF4FA610848FFF71EFF97
:103C9000064803B0BDE83040FFF7ACBE0424E2E7BD
:103CA0000324E0E70224DEE7CC0F002020110020EF
:103CB00010B50C462DED028B08EE102A00F068FEC0
:103CC000204601F031FB00F0A5FDDFED0A7A0A4C39
:103CD000B8EEC88A204628EE278AFCEEC87A17EE8E
:103CE000901AFFF7F3FEBDEC028B2046BDE81040B2
:103CF000FFF780BE00007A444C11002001F05CBA4E
:103D000001F08CBA08B501F0BDF9033008BD000020
:103D100010B5002000F070FC044B1B682BB19B69B0
:103D20001BB10020BDE81040184710BD6C0F0020EB
:103D300030B598B10A4A0123111DDC000D1955F860
:103D4000085CA84206D351F83350A84202D222445C
:103D5000107A30BD0133162BEFD1FEE71F2030BDA6
:103D6000789F00080128074804D1074BC1731970D8
:103D700000F01ABFC379012B03D1034B01721970F4
:103D8000F6E77047CC0F002024000020012810B572
:103D9000094C05D0002000F029FE0023637310BDFC
:103DA00000F024FE207B637B834204D06073BDE877
:103DB000104000F003B810BD6C0F00200D4B10B583
:103DC0000446187358730120FFF7E0FF5CB13421FB
:103DD0004FF4E86001F016FA442140F24170BDE86A
:103DE000104001F00FBA14214FF4E86001F00AFA14
:103DF0002421F2E76C0F002038B50120FFF7C6FF41
:103E0000002000F0ABFC00252C460120FFF7C2FD8E
:103E100000F057FF00F00100A8400135202D44EAD2
:103E20000004F2D101F096FA0444FFF7FFFE2046A9
:103E300038BD0000002340F2422110B51A46044666
:103E4000084600F05BFD34B109482146FFF73EFE0D
:103E50000748FFF7CFFD074B9A7B2AB16FF07F40F1
:103E6000BDE8104000F07ABC18698001F8E700BF97
:103E70004C1100206C0F00202DE9F0410D469046BA
:103E80001C46FFF783FF284600F082FD0020FFF765
:103E9000D1FF0120FFF77EFDFFF720FE0027064639
:103EA000002530463946FFF725FEA94208BFA0424B
:103EB00005D30124FFF7BAFE2046BDE8F08100F0EB
:103EC00000FF00B28045ECDA0024F3E70023022172
:103ED00010B51A460446084600F010FD34B10948F2
:103EE0002146FFF7F3FD0748FFF784FD064B9A7B59
:103EF0002AB16FF07F40BDE8104000F045BC186962
:103F00008001F8E74C1100206C0F0020F7B5504CF1
:103F10002379002B00F08A804E4D01F065F80023D4
:103F2000237101F063F82B88D9070AD54A48FFF7B7
:103F30009FFD012000F060FB236813B11B6803B1F3
:103F400098472B889A0731D54448FFF791FDA67B07
:103F500096B9012000F050FB314640F6021001F006
:103F600051F940F6441001F083F940F00201C9B262
:103F700040F6441001F046F9394E3A48FF220DF15F
:103F8000070100F0CFFE304600F0E4FE23686BB17D
:103F90009F685FB12B885B0608D496F90D3096F9BF
:103FA0000C209DF807102F481A44B8472B88580654
:103FB00009D5A37B13B9012000F01EFB236813B1C0
:103FC0001B6903B198472B8819060DD52648FFF7C2
:103FD0004FFD012000F010FB23682BB19B691BB142
:103FE0002888C0F3002098472B889A050ED500F04A
:103FF000FDFA04281CD11848FFF73AFD012000F013
:10400000FBFA236813B15B6803B198472B889B06C2
:104010000CD51248FFF72CFDA37B13B9012000F04B
:10402000EBFA236813B1DB6803B1984703B0F0BD26
:1040300000F0DCFA0528E9D10848FFF719FD012056
:1040400000F0DAFA2368002BE0D0DB68DCE700BF81
:104050006C0F0020C80F0020081000204C11002019
:104060003811002020100020201100200A2838B527
:104070000DD8084B03EBC003D3E92E45012088403F
:10408000FCF7C6F922462B46FCF752FB38BD00244C
:104090000025F3E7789F00082DE9F04F85B015461D
:1040A0009DF84C2000929DF85C20794F9DF844804B
:1040B000BDF84040BDF83C90BA73002A06468B46D6
:1040C00018BF0024DFF8E8A1B8F1000F09D09DF86F
:1040D00048208AF8002036B1012E6BD005B0BDE82B
:1040E000F08FFF22F5E7304600F099FB694B019312
:1040F0000B22584683F8286083F83420DD62FFF7EE
:1041000017FE019B04221A7118225A719AF8002096
:104110001A72009A1E704FEAC90988F001089E7150
:1041200083F83500A3F8029083F807801E46012328
:10413000002A3DD0F2227272B372FFF7FBFC96F8B0
:104140002800003018BF0120FFF720FE524800F081
:10415000C7FC504800F028FD504A1068516802AB77
:1041600003C302A800F065FA40F2FF1000F092FAD3
:104170002846FCF73DF902460B4600204849FCF76B
:10418000D7FA0022474BFCF7A9F98046204689461A
:10419000FCF73EF902460B4640464946FCF79EF9BD
:1041A0000022414BFCF79AF9FCF75AFC386195E77D
:1041B0007372C1E70020019300F031FBE0B200F020
:1041C00039FB3A4A334C019B84F828605A44EEB2DA
:1041D00092F8180184F8386084F8390084F83A308D
:1041E000BBF1000F34D10B3D012D36D8012384F8EB
:1041F0003B300123053E9E4223703BD8B9F10B0FA3
:1042000038D80C23A3819AF80030E3739DF800306E
:10421000237401209DF85830637484F80E80FFF7F2
:10422000B5FD1D4800F05CFC1A4800F0BDFC637C45
:10423000012B40F2367020D101F01AF800F0FB019A
:1042400040F2367000F0DEFF4FF6FF733B6145E74A
:10425000BBF1010F01D10C2DC8D03146FFF706FF8D
:1042600009A3D3E90023FCF7BFFB0028BED184F8E3
:104270003B00BEE7A4F80C90C5E700F0F9FF40F062
:104280000401C9B2DCE700BF000000A04761304074
:104290006C0F0020CC0F0020F40F002088A0000835
:1042A0000000F03F0000204000408F40789F000851
:1042B00024000020000000002DE9F34788469246C4
:1042C0000A99BDF830609DF834909DF83870054625
:1042D00048B1012844D040F6890000F0C9FF40F001
:1042E0000401C9B280E0524C0B2284F82800184621
:1042F000E16284F83420FFF71BFD0423F6002371EC
:1043000089F001091823637184F83500C4F830A0DE
:1043100025706680A57184F807900123F7B1F22219
:104320006272A372FFF706FC94F82800003018BFF1
:104330000120FFF72BFD3F4800F0D2FB3C4800F086
:1043400033FC3D4A106851686B4603C3684600F071
:1043500070F940F2FF1000F09DF9BCE76372E0E7EE
:10436000364A334C1A4484F82800CDB292F818012A
:104370009DF82C2084F8385084F8390084F83A20CD
:10438000002B3ED10B3901293FD8012384F83B3063
:104390000123691F9942237044D80B2E42D80C2365
:1043A000A381274B84F80E901B78E3739DF844306B
:1043B00063742774FFF7BEFB94F82800003018BF21
:1043C0000120FFF7E3FC1B4800F08AFB184800F0CF
:1043D000EBFB94F83930062B7FF47DAF40F6890073
:1043E00000F046FF00F0FB0140F6890000F00AFFF4
:1043F000404600F099FF134B129A9A6002B0BDE854
:10440000F087012B01D10C29BFD02946FFF72EFEE2
:1044100005A3D3E90023FCF7E7FA0028B5D184F817
:104420003B00B5E7A681BCE7000000A04761304033
:10443000CC0F0020F40F002088A00008789F00080F
:10444000240000206C0F00202DE9F84F884620B191
:1044500001283DD00020BDE8F88F574BDFED576AAB
:1044600059795A8802EBD10207EE102ADA79F8EE70
:10447000C77A002AB7EE007A08BFB0EE667A37EE48
:10448000277A07EE908A5A7AF8EEE77A022A37EE10
:10449000277AF0EE007A18BFF0EE667A77EE877A28
:1044A000B2EE007A67EE877A93ED0B7AB8EE477A30
:1044B000C7EE876ADFED427A66EEA77A17EE900ABA
:1044C000FBF7B8FF05F0D4FBFCF7CAFABDE8F88F9C
:1044D000394C94F8385094F839002946FFF7C6FD56
:1044E000A38907EE903AF8EEE77AB1EE017A77EE1B
:1044F000877A06460F4617EE900AFBF79BFF324677
:104500003B46FBF7EBFFA37BC5EB48088246207CCC
:10451000012B08F1070808EB80080CBF14200020CD
:10452000C0EB88008B46FBF773FF94F83B30002B01
:10453000804614BF02200020281A80008946FBF71D
:1045400067FF02460B4640464946FCF7F1F805F086
:1045500073FA804694F83A0000F00300894604306C
:10456000FBF756FF42464B46FBF7B8FF00220023FD
:1045700004460D46FCF742FA0022124B28B12046B1
:104580002946FBF7F9FD02460B4630463946FBF754
:10459000A5FF52465B46FBF7EFFD05A3D3E90023D9
:1045A000FBF7EAFD05F0D8FA8EE700BFAFF3008015
:1045B000000000E0CEF7EF3FCC0F0020000000002D
:1045C00000007A440000204008B5064B01221A7111
:1045D00000F0B0F9044B18804FF6FF70BDE80840BA
:1045E00000F0F6BB6C0F0020C80F0020014B1878BC
:1045F000704700BF800F0020014B1870704700BF4C
:10460000800F002008B5074B1A7812B11B78062BD3
:1046100003D100F06FFD00F08DFEBDE8084000F012
:104620005DBD00BF800F00200A460146002000F05B
:104630002BBE08B5014608224FF4D86000F0BCFD3F
:10464000002008BD07B5030A8DF80430064B8DF82D
:1046500005005B782BB9022201A940F2BC6000F092
:10466000ABFD03B05DF804FB800F002007B5030A23
:104670008DF80430064B8DF805005B782BB90222CB
:1046800001A940F2BE6000F097FD03B05DF804FBA5
:10469000800F00200C4B5B7810B504469BB94FF49B
:1046A000D76000F0E5FDC4F3002300F0FE011943DC
:1046B0004FF4D76000F0A6FDE1B240F2B960BDE86A
:1046C000104000F09FBD10BD800F002013B502AC5C
:1046D00004F8040D00F036FE01222146842000F08B
:1046E00021FD024B00221A7002B010BD800F002085
:1046F00007B502A9012201F8010D802000F012FD8A
:104700009DF80720044B22B901221A7003B05DF80E
:1047100004FB0222F9E700BF800F002007B5094B18
:104720008DF8060004221A70030C8DF80430032261
:10473000030A01A983208DF8053000F0F3FC03B0D3
:104740005DF804FB800F002010B51446FFF76CFFE6
:104750002046BDE81040FFF7E1BF000007B5094B58
:104760008DF8060005221A70030C8DF80430032220
:10477000030A01A982208DF8053000F0D3FC03B0B4
:104780005DF804FB800F002013B50C4B0446052296
:10479000962140F6AC001A7000F034FD230C8DF821
:1047A00004300322230A01A982208DF805308DF8F8
:1047B000064000F0B7FC02B010BD00BF800F002023
:1047C00007B5030C8DF80030030A8DF801300B0C8F
:1047D0008DF802008DF803308DF805100B0A0622C3
:1047E000694694208DF8043000F09CFC024B0622B0
:1047F0001A7003B05DF804FB800F002008B500229A
:104800001146C52000F08EFC014B07221A7008BD2E
:10481000800F002000221146D12000F083BC07B594
:1048200002A9012201F8010D9F2000F07BFC03B0DA
:104830005DF804FB07B502A9012201F8010DA020D3
:1048400000F070FC03B05DF804FB07B502A901227B
:1048500001F8010D962000F065FC03B05DF804FB43
:10486000184B984207B50DD9E1238DF80430E923A0
:104870008DF80530022201A9982000F053FC03B006
:104880005DF804FB104B984204D9D7238DF804300F
:10489000D823EDE70D4B984204D9C1238DF804309D
:1048A000C523E5E70A4B984204D975238DF80430F7
:1048B0008123DDE7074B9842DCD96B238DF8043068
:1048C0006F23D5E700E9A43580F8A9328044E52DAF
:1048D000000B6B1B40FC541907B58DF80620042211
:1048E0008DF804008DF8051095200DEB02018DF870
:1048F000073000F017FC03B05DF804FB13B5040AA1
:104900008DF801008DF80310080A8DF80520110AB2
:104910001A0A8DF8062008228DF802008DF804107E
:10492000104669468DF800408DF8073000F0FAFB1C
:1049300002B010BD07B5022201A9122000F018FC38
:104940009DF804009DF8053043EA002003B05DF8AF
:1049500004FB07B502A9012201F8010D9D2000F01A
:10496000E1FB03B05DF804FB08B500F04DFB00F07F
:104970008BFB00F0BFFB0020FFF7BAFE0120FFF722
:10498000E8FF024B01221A7008BD00BF800F002013
:1049900037B5154CA37805461BB9FFF761FF012316
:1049A000A3702846FBF724FD0DA3D3E90023FBF7F2
:1049B000BFFEFCF755F8030E8DF804300422030CFB
:1049C0008DF805308DF80700030A0DEB02018620F3
:1049D0008DF8063000F0A6FB03B030BDAFF30080C9
:1049E000000000008084EE3F800F002007B5064BDA
:1049F00002A9587001F8010D01228A2000F092FBF3
:104A000003B05DF804FB00BF800F0020014B587815
:104A1000704700BF800F002037B5044600200D46C8
:104A200000F085FC0128034624D10F2C02464FF0EC
:104A3000000113D10620FFF74FFF0E24182140F686
:104A4000E70000F0DFFB022201A98E208DF8044070
:104A50008DF8055000F066FB03B030BD0420FFF771
:104A60003BFF6FF002039C42B8BF1C460E2CA8BF50
:104A70000E24E3E740F6D80000F0FAFB40F01E01F8
:104A8000C9B240F6D80000F0BDFB134B18780228DD
:104A900018D0032806D0012818D10346002205218A
:104AA000032003E00221012300220846FFF714FF40
:104AB0006FF002039C42B8BF1C46162CA8BF1624F8
:104AC0003821BCE7012300220321EFE70123002264
:104AD00007210420EAE700BF910F0020000000003A
:104AE00013B50023009301932D4B04465B780078A7
:104AF000834201D0FFF77AFF23781BB1012B37D017
:104B000002B010BD6068FBF773FC02460B4620A1A3
:104B1000D1E90001FBF70CFE0022224BFBF7DEFC83
:104B2000FBF79EFF030C8DF80030030A8DF801306F
:104B3000237B8DF802008DF80330A068637B8DF82D
:104B40000430FBF755FC14A3D3E90023FBF7F0FD79
:104B5000FBF786FF030C8DF80530030A8DF806304D
:104B60008DF80700082269468B2000F0DBFAC7E7C2
:104B7000237C8DF80030637C8DF80130A37C8DF8A8
:104B80000230E37C8DF803300422ECE7AFF30080C1
:104B90000000000080847E41000000008084EE3F21
:104BA000800F0020000040401FB5002301930293B6
:104BB0008DF80C302C4B04465B780078834201D092
:104BC000FFF714FF23781BB1012B39D004B010BDBF
:104BD000637AF12B28D14FF6FF70FFF733FD48F2CF
:104BE0000500FFF743FD022362888DF80520110AB6
:104BF00022798DF8062062798DF80720A2798DF848
:104C00000820E2798DF809208DF80B30227AA37AFA
:104C10008DF80A208DF804108DF80C30092201A9B6
:104C20008C2000F07FFAD1E7F22BDDD141F60F5056
:104C3000FFF708FD41F22100FFF718FD0623D3E737
:104C4000A3898DF805301A0AA37B8DF80630E37B23
:104C50008DF80730237C8DF80830637C8DF80420B4
:104C60008DF809300622DAE7800F002013B5049C86
:104C70008DF80330230C8DF800008DF801108DF8AD
:104C800002208DF804300522230A694688208DF819
:104C900005308DF8064000F045FA024B07221A70E5
:104CA00002B010BD800F002007B502228DF804006D
:104CB0008DF805108F2001A900F034FA03B05DF8DB
:104CC00004FB07B5012201A9152000F051FA9DF857
:104CD00004004042401003B05DF804FB37B50446C1
:104CE0000D46022201A9132000F042FA0C4B5B781A
:104CF000012B11D140F2047000F0BAFAC0F3C710D2
:104D0000012809D140F2027000F0B2FA20709DF83B
:104D100005302B7003B030BD9DF804302370F6E7EA
:104D2000800F0020F7B50D4602A90024064601F8C1
:104D3000014D28461746FFF7D1FF2A78BA4207D817
:104D40009DF80700314600F0C5FA204603B0F0BDDB
:104D50000120FBE713B50322044601A9142000F04B
:104D600007FA1A4A5178217049B1012917D0142243
:104D70000021204600F056FB0F2323700DE09DF824
:104D8000043023719DF80530A1605B425B10A37174
:104D90009DF806305B425B10637102B010BD9DF858
:104DA00004305B425B1023739DF8053019064ABF3F
:104DB000A3F580739B089B1063739DF806305B42DC
:104DC0005B10A37353682361E7E700BF800F0020E7
:104DD00007B50222030A8DF8050001A910468DF8D7
:104DE000043000F09FF903B05DF804FB10B5094CE6
:104DF00023786BB9FEF71EFC01210320FEF7DEF8D5
:104E00000120FEF731FC044B02221A6001232370BB
:104E100010BD00BF880F002000E100E030B587B072
:104E200003AC05462046FEF751FC94E80700144CFD
:104E30008DE8070084E807000020FEF725FC052D1B
:104E4000284638BF0520FBF7D3FA00220D4BFBF7AD
:104E500045FB00220C4BFBF76BFC04F093FFFBF7C8
:104E600037FEFEF7B5FC0120FEF71EFC0120FEF721
:104E70000BFC01211020FEF78DFC07B030BD00BFF8
:104E8000681100200000E04000408F4008B500207D
:104E9000FEF7FAFB00211020BDE80840FEF77ABCBF
:104EA000014BD3E900017047781100200000000099
:104EB0002DE9F04F87B003A8FEF708FC3DA7D7E91E
:104EC00000679DF81030BDF80C1000939DF80F009E
:104ED000059B9DF811909DF812A09DF81380324C0F
:104EE00001934FF0000E00220023A1F5FA6B00257C
:104EF0000FFA8EFCDC4513DB11F0030100F1FF30EB
:104F00001CD02A4D2A4E0024E1B2814204F1010452
:104F10001BDA2944097B7143521843F10003F3E77C
:104F2000BCF1000F02D01EF0030F04D112196B4127
:104F30000EF1010EDCE792197B41F9E71B4D1C4E87
:104F4000CCB2844201F1010128DB3C21AAFB01AB78
:104F50004FF46161E1FB09AB0099481E14491AEB5B
:104F6000080A01FB00F14BF1000B1AEB010A4BF1AF
:104F7000000B4FF47A7012EB0A0243EB0B03A2FB17
:104F8000004500FB0355019BB3FBF0F0221845F1EF
:104F900000031046194607B0BDE8F08F2C5D74433E
:104FA000121943F10003CBE70085E20108A10008D4
:104FB000805101008033E1010000000008B5FFF7D7
:104FC00077FF024BC3E9000108BD00BF7811002044
:104FD00008B5FFF76DFF034BD3E90023801A61EB9F
:104FE000030108BD7811002072B6704762B67047A1
:104FF000044B9860DA6802F01102012AFAD198682D
:10500000C0B270470090004010B500210E20FDF79F
:10501000D5FF01210E20FEF7CFFA00210E20FEF76A
:10502000CBFA154C01210E20FDF7C8FF4FF4007399
:10503000C4F800310723236002232361D4F804312C
:10504000802B0BD01420FDF737FD0023C4F80C3162
:105050006E20FDF731FD0123C4F80C31064B0748E3
:1050600002225A60064B4FF400121A600B210322F1
:10507000BDE81040FDF704BE0090004000FC014078
:1050800000E100E00520704710B5134CD4F804315E
:1050900023F02003C4F804316420FDF70DFDD4F89B
:1050A000043143F02003C4F80431D4F8043123F070
:1050B0008003C4F80431D4F8003143F02003C4F86D
:1050C0000031D4F8043143F00103C4F80431D4F8BA
:1050D0000831DB05FBD410BD0090004008B50A2064
:1050E000FDF7EAFC024AD2F80831DB05FBD408BD23
:1050F0000090004038B572B6094C0025C4F80C5138
:105100001420FDF7D9FCC020FFF772FF2846FFF7F7
:105110006FFF0123C4F80C31FFF7E0FF62B638BD22
:10512000009000402DE9F041104C0D461746804696
:10513000FFF768FA0023C4F80C314046FFF758FF28
:10514000013F6E1E3D44AE4209D10123B8F1840FE8
:10515000C4F80C3108D0BDE8F041FFF7BFBF16F826
:10516000010FFFF745FFEEE7BDE8F081009000403A
:10517000F8B5104C0D4617460646FFF743FA0021D6
:10518000C4F80C113046FFF733FF0846FFF730FF35
:10519000013F6E1E3D44AE4206D10123C4F80C31DE
:1051A000BDE8F840FFF79ABF0020FFF721FF06F89F
:1051B000010FF0E700900040F8B5114C0D4606468F
:1051C0001746FFF71FFA0023C4F80C310D20FFF734
:1051D0000FFF300AFFF70CFFF0B2FFF709FF013FA6
:1051E0006E1E3D44AE4206D10123C4F80C31BDE829
:1051F000F840FFF773BF16F8010FFFF7F9FEF1E76C
:105200000090004007B502AB012203F8011D1946CA
:10521000FFF7D2FF03B05DF804FB0000F8B5134CB4
:10522000174606460D46FFF7EDF90021C4F80C11AC
:105230001D20FFF7DDFE300AFFF7DAFEF0B2FFF7C0
:10524000D7FE0846FFF7D4FE013F6E1E3D44AE4236
:1052500006D10123C4F80C31BDE8F840FFF73EBF8A
:105260000020FFF7C5FE06F8010FF0E700900040B0
:1052700007B501220DF10701FFF7D0FF9DF80700E8
:1052800003B05DF804FB000070B505460E461446F9
:10529000FFF7B8F90E4B0022C3F80C210E20FFF7E0
:1052A000A7FE2846FFF7A4FE3546A4B2AB1B9BB26F
:1052B0009C4207D8064B0122C3F80C21BDE8704080
:1052C000FFF70CBF15F8010BFFF792FEEEE700BFEA
:1052D0000090004070B5144605460E46FFF792F95F
:1052E000104B0021C3F80C111E20FFF781FE284649
:1052F000FFF77EFE0846FFF77BFE3546A4B2AB1BE8
:105300009BB29C4207D8074B0122C3F80C21BDE891
:105310007040FFF7E3BE0020FFF76AFE05F8010BBF
:10532000EDE700BF009000400221FFF775BB0220AF
:105330007047000003220A210148FDF7DBBB00BFD4
:1053400000F0014004220A210148FDF7D3BB00BF51
:1053500000F00140074B0849186843F2390201FB8D
:10536000002018606FF00043B0FBF3F3C3EBC3738E
:10537000C01A7047280000206D4EC641002103E08E
:105380000B4B5B58435004310A480B4B42189A426E
:10539000F6D30A4A02E0002342F8043B084B9A4243
:1053A000F9D3FDF743FB00F015F8FCF783FBFEE7AC
:1053B00004AB000800000020D8090020D809002014
:1053C000A8110020FEE70000014B1868704700BFDD
:1053D0002C00002070B50F4E0F4D761BB61018BF75
:1053E000002405D0013455F8043B9847A642F9D172
:1053F0000A4E0B4D761B04F015FDB61018BF0024A5
:1054000006D0013455F8043B9847A642F9D170BD47
:1054100070BD00BFF8AA0008F8AA000800AB000899
:10542000F8AA000870B4860746D0541E002A41D05E
:10543000CAB2034602E014F1FF343BD303F8012B58
:105440009D07F8D1032C2ED9CDB245EA05250F2CA6
:1054500045EA054519D903F110022646103E0F2EE4
:1054600042F8105C42F80C5C42F8085C42F8045CBC
:1054700002F11002F2D8A4F1100222F00F0204F09F
:105480000F041032032C13440DD91E462246043A51
:10549000032A46F8045BFAD8221F22F003020432E2
:1054A000134404F003042CB1C9B21C4403F8011BDB
:1054B0009C42FBD170BC704714460346C2E700BF54
:1054C0000EB4F0B59CB021AC4FF4017254F8046BEB
:1054D000ADF8142002900690FBF732FD0C4B0194BE
:1054E000054632460B4F1868039523464FF6FF7664
:1054F000002402A907950A970E941394ADF816603C
:1055000000F004F91CB0BDE8F04003B0704700BFE4
:105510002C0000201955000800207047002A41D0B7
:1055200040EA010313F00303F0B425D1032A23D981
:1055300004680D68AC421FD1043A38D0A4F101359B
:1055400025EA040414F0803F2ED1043004310FE02A
:1055500050F8043B0E68A3F10134B34224EA03047B
:1055600001F1040126D1043A21D014F0803F1BD16F
:10557000032A07460D46EBD805780C78AC4202F1B9
:10558000FF331AD183B114B90EE06BB17AB110F8C0
:10559000012F11F8014FA24203F1FF33F5D0101B88
:1055A000F0BC7047104670470020F0BC70471046B2
:1055B000F0BC704729463846DEE72A46EFE700BFD1
:1055C0002DE9F84FDDF828900F46804616461D4617
:1055D0008A4600E0A2465446484614F801BB00F053
:1055E000E5FF5844427812F00802F3D1BBF12D0FC9
:1055F0004FD0BBF12B0F04BF94F800B00AF10204A6
:105600001DB1102D56D0AC4604E0BBF1300F60D078
:105610000A25AC46002A0CBF6FF000494FF0004944
:105620000021B9FBFCFE08460CFB1E9A05E029D0C0
:105630000CFB0030012114F801BBABF13003092B46
:1056400005D9ABF14103192B0BD8ABF137039D42C0
:105650000FDDB1F1FF3FEED08645E8D24FF0FF31CC
:10566000E9E7ABF16103192B03D8ABF157039D4276
:10567000EFDC4B1C13D002B1404246B1C1B93760D8
:10568000BDE8F88F9A45D3DA4FF0FF31D3E7BDE894
:10569000F88F94F800B001220AF10204B0E7222347
:1056A000C8F80030EEB1671E48463760BDE8F88F95
:1056B0008146F8E7BBF1300FA5D1237803F0DF0373
:1056C000582BA0D14FF0100C94F801B0654602346D
:1056D000A0E7237803F0DF03582BF3D00825AC466E
:1056E00098E74846BDE8F88F30B5064C064D24686B
:1056F000646B83B0002C08BF2C460094FFF760FF5A
:1057000003B030BD2C0000205C0400202DE9F04FD8
:105710008B46B1F90C10ADF52B7D8E0482460593B6
:1057200009D4DBF8643041F4005123F40053ABF8A2
:105730000C10CBF864301446A04600230693039364
:105740001F46049318F8013B0F935BB300F032FF40
:105750000F9B1844457815F0080528D0DBF8042085
:1057600011E000F027FFDBF800301A781044013315
:10577000427815070FD5DBF80420CBF80030013A4A
:105780000137CBF80420002AEBDC5946504602F0E2
:1057900009FA0028E5D04446A04618F8013B0F93CB
:1057A000002BD3D104980DF52B7DBDE8F08F252B70
:1057B00040F0868094F801902E462C4608F10103B3
:1057C000B9F1780F00F2FE82DFE819F09200FC02D6
:1057D000FC02FC02FC02FC02FC02FC02FC02FC02D9
:1057E000FC02FC02FC02FC02FC02FC02FC02FC02C9
:1057F000FC02FC02FC02FC02FC02FC02FC02FC02B9
:10580000FC02FC02FC02FC02FC02FC02FC02FC02A8
:10581000FC02FC02FC027900FC02FC02FC02FC021D
:105820004502FC02FC02FC02FC02FC026102610275
:105830006102610261026102610261026102610250
:10584000FC02FC02FC02FC02FC02FC02FC02FC0268
:10585000FC02FC024B029402FC029402FC02FC02D9
:10586000FC02FC028E02FC02FC028402FC02FC022E
:10587000FC02FC02FC02FC02FC02FC028002FC02B4
:10588000FC02C802FC02FC02FC02FC02FC02FC025C
:10589000FC02C202D202940294029402BC029A0058
:1058A000FC02FC029802FC02A402A2027602FC02A4
:1058B000FC027202FC026A02FC02FC0280029846B0
:1058C000DBF80430002B40F34C85DBF8003018F88F
:1058D000011C1A7891427FF465AFDBF80420013394
:1058E000013ACBF800300137CBF80420444653E7A7
:1058F0004FF0FF33049304980DF52B7DBDE8F08F36
:1059000002939C4B0693002303934FF00308DBF8AC
:105910000430002B40F3B38173060DD508F1FF3836
:10592000B8F1030F00F2CE80DFE818F0F400A00019
:1059300030006002CBF8003000F03CFEDBF80030B5
:105940001A781044013342781007E7D5DBF80420B9
:10595000013A002A07F10107CBF80420EADC594696
:10596000504602F01FF90028E6D0049A002ABFD062
:10597000BBF80C3013F0400F134618BF4FF0FF3345
:10598000049304980DF52B7DBDE8F08F631EB3F5ED
:10599000AE7F86BF6FF4AE7004EB00094FF00009D4
:1059A00052AB3A464F46DDF80C90089388BF40F260
:1059B0005D1446F458661D464FF00008DBF80030D1
:1059C0001878A0F12B014D2900F2F180DFE811F0E9
:1059D0003E01EF003E01EF00EF001B011501150134
:1059E000150115011501150115010E010E01EF003C
:1059F000EF00EF00EF00EF00EF00EF0008010801FB
:105A00000801080108010801EF00EF00EF00EF00B6
:105A1000EF00EF00EF00EF00EF00EF00EF00EF000E
:105A2000EF00EF00EF00EF00EF00D400EF00EF0019
:105A3000EF00EF00EF00EF00EF00EF0008010801BA
:105A40000801080108010801EF00EF00EF00EF0076
:105A5000EF00EF00EF00EF00EF00EF00EF00EF00CE
:105A6000EF00EF00EF00EF00EF00D400002C08BFC4
:105A70004FF0FF3416F0010540F07C81F10640F153
:105A8000258400F097FDDBF800301A7810440133CC
:105A90004278120711D4DBF80420CBF8003001352E
:105AA000013AAC42CBF8042007D0002AE9DC594681
:105AB000504602F077F80028E3D0DDF808802F4444
:105AC000444669E6002C08BF012416F0010540F0A9
:105AD0004083F20640F12D8409E01344CBF80030F6
:105AE0001544A41A02F05EF8002840F0E783DBF8C2
:105AF0000420DBF80030A24259465046EDDB121B71
:105B000023442544CBF80420CBF800302F44DDF8A3
:105B10000880D5E7002C08BF4FF0FF34F30640F1B2
:105B20007683DBF80020002512AE1378F35C013297
:105B3000C3B1DBF80430CBF800200135013BAC42A7
:105B4000CBF80430B9D0002BEFDC5946504602F0B8
:105B500029F80028B1D1DBF800201378F35C01327A
:105B6000002BE6D1002D3FF41DAE2F44DDF8088058
:105B7000A6E700BFE956000806F4C061B1F5007F52
:105B800015D126F4007646F4A0664FF01009DBF834
:105B9000041028700139002905F10105CBF8041023
:105BA0004BDD0133CBF80030013C7FF407AFF1054A
:105BB0001746CDF80C9007D5089B9D4200F2EB8369
:105BC000089B9D423FF4EEAD16F0100400F05483A4
:105BD000089BED1AA8444744DDF808804446DBE5FD
:105BE000B9F10A0FE3DD26F43866D0E77C4931F9D4
:105BF0001990B9F1080FF6DCD9E7794926F438662F
:105C000031F91990C3E73105C1D5B9F1000F03D1BE
:105C100046F400764FF00809710500F1668226F41B
:105C200060760FB1013F0134DBF80410013900291F
:105C300008F10108CBF80410B3DC59465046039232
:105C400001F0B0FF039A0028AED0B0E73106AED520
:105C500026F080069BE798F8019046F010069846DB
:105C6000ACE5029346F001065E4B06930A230393CC
:105C7000DBF80430002B4FF003083FF74DAE5946D8
:105C8000504601F08FFF00283FF446AE6DE604EB6E
:105C9000840409EB4404303C98F8019098468DE563
:105CA0000293514B06930A2303934FF003082EE609
:105CB00002934FF002082AE6029346F408764A4B14
:105CC0000693102303934FF0030820E6029346F453
:105CD0000076F4E7029346F00106434B069308234F
:105CE00003934FF0030812E698F8019046F002067D
:105CF000984663E502934FF0040808E698F801908F
:105D0000B9F16C0F00F0588346F00106984655E54E
:105D10000293E2E7F406029350D4700700F1658322
:105D2000F10700F10B82B20740F10882059ADDF815
:105D3000088013683846F91704320592C3E9000158
:105D4000444629E598F8019046F00406984635E562
:105D5000029346F040064FF00008D8E5194612A815
:105D600000F08EFC46F0400602904FF00108CEE5B0
:105D7000029379E710AB1846082200210793FFF73A
:105D800051FB16F01003089300F01E830DF13C093F
:105D900000260DF5A47800F00DFCDBF800301B7830
:105DA00003445B78180702D4002C40F03783089B2B
:105DB00023B9C9F80030049B01330493DDF808804F
:105DC0004446E9E4029300F0F5FB4844437803F0CD
:105DD0000303012B7FF448AF46F0010644E700BF00
:105DE00044A70008E956000821790008504600F051
:105DF000F1FB631E02680A92B3F5AE7F40F2728136
:105E00006FF4AE7163180D9340F25D14002352AA33
:105E1000089246F4F0660B930C93984609939146CA
:105E2000DBF800000178A1F12B0EBEF14E0F00F25D
:105E30002E81DFE81EF07B002C017B002C012C0161
:105E40006E004F004F004F004F004F004F004F00BB
:105E50004F004F002C012C012C012C012C012C0196
:105E60002C0127012C012C012C010D0108012C0112
:105E70002C019B002C012C012C012C0188002C01F1
:105E80002C012C012C012C0184002C012C012C0153
:105E90002C0180002C012C012C012C012C012C0147
:105EA0002C0127012C012C012C010D0108012C01D2
:105EB0002C019B002C012C012C012C0188002C01B1
:105EC0002C012C012C012C0184002C012C012C0113
:105ED0002C018000EB4216D126F4C07689F8001020
:105EE00009F10109DBF804100139002904F1FF343C
:105EF00007F10107CBF8041040F3D7800130CBF84D
:105F00000000002C8CD1B8F1000F3BD026F4807635
:105F100038E0F205DED50D9A26F0800608F101087A
:105F2000002ADFD0013A0D920134DBE73206EAD5D0
:105F300026F08006D2E7072DE5D10825CEE7062D0D
:105F4000E1D10725CAE7002B40F0BC80B8F1000F73
:105F500005D106F4E06EBEF5E06F00F00F82012D72
:105F600001D0042DCFD10135EDB2B7E7002D40F0BF
:105F7000AE80B8F1000FC9D106F4E06EBEF5E06F57
:105F800000F0F881013B012B40F2A6826B1E062B2C
:105F900012D8022D40F2AF82032D0DD02C1FE4B297
:105FA000E5434D4419F8011D5A46504601F0BAFD2B
:105FB0004D45F7D1013F3F1BF1051BD5720500F19F
:105FC0007C8219F8011C652909F1FF3407F1FF35BE
:105FD0000AD0452908D05A46504601F0A3FD19F8C9
:105FE000021CBD1EA9F102045A46504601F09AFD5A
:105FF0002F46A14616F010027FF4E0AE06F4C0630F
:10600000B3F5806F89F8002000F0CD810C9B002B48
:106010007FD108990022504601F0EEFAF30780463E
:10602000894602D416F0020662D0059A136804323B
:106030000592C3E90089049BDDF8088001330493CD
:106040004446FFF7A9BB022D7FF45DAF032545E76A
:1060500006F4A06EBEF5806F05D072057FF553AFD4
:10606000B8F1000F8ED0B20505D4099ACDF82C9066
:10607000A8EB02020C9226F4F06646F4C0764FF0CC
:1060800000082BE7012B7FF43EAF022326E70A9A94
:1060900092F800E08E457FF436AFB2057FF533AF5E
:1060A00026F42076CDF8248018E759465046079309
:1060B00001F078FD079B00287FF425AF002C7FF4CA
:1060C000AFAE20E7022B7FF44AAF032306E7032D90
:1060D0003FF449AF052D3FF446AFB8F1000F3FF450
:1060E00051AF13E700230D9390E626F4B0664EE51A
:1060F000059C02460B46251D2468FAF78FFF0028F1
:1061000040F0088240464946FAF79EFF0595206018
:1061100091E70B990A2301315046FFF7E5FA0C9BF2
:10612000C21A0B990DF29B23994224BF0DF29A23B8
:106130000B930B98B749FCF753FC6AE7059ADDF817
:10614000088013681F601346043305934446FFF725
:1061500023BB10AB1846082200210793FFF762F912
:1061600016F01003089300F036814FF00009002C60
:106170003FF424AE00250DF5A47800F009FAA842FA
:106180003FF4F3AB9BE80C0012F8010BCBF80020B6
:10619000013B079A00926E1CCBF80430494608F880
:1061A000050033464246504600F026FA411C3FF4B3
:1061B000DCABE8B9089BFBB9C9F800303744013CB7
:1061C00009F104090025DBF80430002B06DD002C62
:1061D000D3D1089B002B3FF4EEADEFE55946504676
:1061E00001F0E0FC0028F2D0002DF2D0FFF7BDBB9B
:1061F000023005D13546E6E73744013C0546E2E783
:10620000089B3744013C002BDAD00025DBE7059AD8
:10621000156802F10409A84612AEDBF800301A78BE
:10622000B25C591CC2B1DBF80420CBF80010013A73
:10623000CBF804201B7808F8013B013C0CD0DBF8BC
:106240000430002BE9DC5946504601F0ABFC002835
:10625000E3D045453FF489ABB8EB05053FF4A2AA6E
:10626000049ACDF814900023013288F8003004928B
:106270002F44DDF8088023E422462C70039B089904
:10628000069C5046A047B2067CD4730700F1BB8041
:1062900016F0010276D1B40774D55F4B0699994286
:1062A0005046039B089900F0AB8001F083FA059AF1
:1062B000136804320592C3E9000168E0002D3FF441
:1062C00054AB2F44DDF80880FFF7FABB059A166837
:1062D00002F10408354600F06DF9DBF80020137870
:1062E0001844511C43781B0715D4DBF80430CBF855
:1062F0000010013BCBF80430137805F8013B013C5A
:1063000009D0DBF80430002BE5DC5946504601F09B
:1063100049FC0028DFD0049ACDF81480DDF808800D
:10632000AE1B00230132374404922B704446FFF722
:1063300033BA059D23462968CDF800B001225046A6
:1063400001F04EFC2B46043300283FF40EAB049AB8
:10635000DDF8088005930132074404924446FFF7B4
:106360001BBA5946504601F01DFC00283FF4ADAA67
:10637000FFF7FBBA26F4F0660125AFE526F4F066D8
:106380000123ABE5059A1368043205921860049B5B
:10639000013304931CE415F8011C5A46504601F0E1
:1063A000C1FB013D0CE4099BB8EB03023FF431AEA5
:1063B0005242CDF82C90B4E698F8029046F00206CE
:1063C00008F10208FFF7FAB9059A13460433D2F828
:1063D00000900593DCE4059A13460433D2F800904C
:1063E0000593002C7FF4C6AEE5E4059ADDF808803D
:1063F00013681F801346043305934446FFF7CCB956
:1064000001F07EFB53E7059A136804320592188069
:10641000BDE700BF3CA700082179000800F0B8F8EC
:1064200086423FF4A2AA9BE80C0012F8010BCBF8BD
:106430000020751C079A0092013B08F80600CBF873
:10644000043042462B464946504600F0D5F8461CDB
:106450003FF48BAA90B9C9F8000000F08BF806460B
:10646000F8B1002D3FF4A3AC454415F8011D5A4680
:10647000504601F057FBA845F7D198E4023019D1F6
:106480002E46DBF80430002B3FF785AC59465046CA
:1064900001F088FB00283FF47EAC002E7FF465AA53
:1064A00085E4089B2F44013C002BEAD109F1040943
:1064B0001E46E6E7D9F80000CFE7089B99457FF62E
:1064C00071A919F8011D5A46504601F02BFB089B93
:1064D0009945F6D1FFF766B9089B99457FF662A901
:1064E00019F8011D5A46504601F01CFB089B9945BE
:1064F000F6D1FFF757B9089B99457FF653A919F8CC
:10650000011D5A46504601F00DFB089B9945F6D1F6
:10651000FFF748B9304600F0EDF8059520608AE5B0
:10652000024B13B1024800F005B8704700000000AC
:1065300041650008002301461A46184601F0DABBFF
:1065400038B50A4C0A4D641BA4100AD004F18043EC
:10655000013B05EB8305013C55F804399847002CB5
:10656000F9D1BDE8384003F063BC00BF04AB0008BC
:1065700000AB0008FF2801D90020704710B5044681
:1065800000F018F82044407800F0080010BD00BF6B
:10659000044B054A1B685B6B002B08BF134693F83E
:1065A000280170472C0000205C040020D0F8EC008B
:1065B000704700BF044B054A1B685B6B002B08BF8C
:1065C0001346D3F8EC0070472C0000205C04002038
:1065D000F0307047044A054B1268506B002808BF22
:1065E0001846F030704700BF2C0000205C040020EB
:1065F000704700BF704700BFF0B583B00746089DE5
:1066000092B1114C114E2468646B0095002C08BFA8
:106610003446D4F8E440A047431C03D100228A2327
:106620002A603B6003B0F0BD074B08491B685B6BF9
:106630000095002B08BF0B4614462146044AD3F8A8
:10664000E4400123A047E7E72C0000205C04002081
:1066500040A7000882B049B15AB16BB113780B6002
:106660001278101C18BF012002B0704701A9002A3F
:10667000F3D1104602B070476FF00100F4E700BF9D
:1066800070B40C785E2C2FD000224D1C1646431E91
:1066900000F1FF0103F8012F8B42FBD174B186F0AA
:1066A000010202556E1C16F8013C2D2B31460DD00F
:1066B0005D2B04D033B11C463546F2E7691E08460F
:1066C00070BC70472946084670BC704769785D29E0
:1066D000F1D08C42EFDC023503190134A14203F8FA
:1066E000012FFADC0236DEE701224C7816468D1CBB
:1066F000CDE700BF004870470000C07F2DE9F041A2
:106700000F46904602F0E8FD04460D46B8F1000F32
:1067100011D0C7F30A53C3F16B03002B0BDD1B052C
:1067200003F17F55002405F5401522462B46F9F765
:10673000D5FE04460D4620462946BDE8F0810000FE
:106740002DE9F04FA3B01C460990002320460E46C9
:1067500007921E93FFF73CFF002300228346006848
:10676000CDE90423FAF7ECFB1D96824633461A4620
:1067700013F8017B2D2F00F2B280DFE807F017B08D
:10678000B0B0B0B0B0B0B08383838383B0B0B0B0EA
:10679000B0B0B0B0B0B0B0B0B0B0B0B0B0B083B026
:1067A000B0B0B0B0B0B0B0B0B02DB080079B4FF07B
:1067B000000A4FF0000B53B100230893079B1E60A3
:1067C000089B23B151460BF100438A469B46504635
:1067D000594623B0BDE8F08F0023089302F1010968
:1067E000CDF874905778002FE0D0302F7CD0002364
:1067F0000E93A7F13003092B00F209844FF0000833
:10680000454644464846082CC8BF08EB880805EBB7
:10681000850300F1010007EB43031D90C4BF07EBA4
:106820004807A7F130080778D8BFA3F13005A7F1D2
:106830003003092B04F10104E5D9DBF800105246BE
:10684000FEF76CFE0146F8B1002319469A46A346AE
:10685000652F00F0B680452F00F0B3800022002C99
:1068600056D11BB90E9B002B00F0F2824FF0000AAC
:106870004FF0000B079B002BA2D01D9E9EE701232B
:106880000893ABE71D9372E71D9B03EB0A021D9271
:1068900013F80A70A3460346A7F13002092A00F252
:1068A0009A82581C9646002A00F0928601280144DC
:1068B00018BF1B1906D100F079BE45009F4200F0B9
:1068C000A3843C46082C04F1010705EB8500F4DDA8
:1068D000102FDCBF08EB88084FEA4808EEE70023DA
:1068E000302F9146089382D199F80130582B00F04F
:1068F0007183782B00F06E834B4601331D931F7814
:10690000302FFAD09946002FB0D001230E9370E7B4
:10691000102CA2EB01032846A2460A93A8BF4FF011
:10692000100AF9F765FDBBF1000F08BFA346BAF1E5
:10693000090FCDE9040113DD494B03EBCA0353E909
:106940001223F9F7CBFD064640460F46F9F750FDF6
:1069500002460B4630463946F9F70EFCCDE90401F4
:106960000F2C00F385800A9B002B27D040F3F8847E
:106970000A9B162B00F36184394901EBC301D1E96D
:106980000001DDE90423F9F7A9FD82468B4671E792
:106990001DA8344901F01EFE00283FF407AF1D9BDF
:1069A0003149013B1DA81D9301F014FE10B91D9B38
:1069B00001331D932D4B059300230493DDE904ABB4
:1069C00058E7002C00F0FB811D9E721C1D92777809
:1069D0002B2F00F0FC822D2F00F032824FF0000CA4
:1069E000A7F13002092A00F2EF82302F05D11D9A5B
:1069F00001321D921778302FFAD0A7F13102082A00
:106A00003FF62CAF1D9A0C92501C303F1D900A97F8
:106A10005778A7F1300EBEF1090F0FD80A9A01304E
:106A20001D9002EB820207EB42020778A7F1300EBD
:106A3000BEF1090FA2F13002F1D90A920C9A801A24
:106A4000082800F3F2830A9A44F61F608242A8BF26
:106A50000246BCF1000F3FF402AF5242FFE600BF16
:106A600008AA000878A700087CA700080000F07FAB
:106A70000A9BA4EB0A0A9A44BAF1000F40F37B8305
:106A80001AF00F030AD0AE4901EBC301D1E90001AE
:106A9000DDE90423F9F722FDCDE904013AF00F0600
:106AA00040F02E8200230E932346099C00955A46FF
:106AB0004946204602F094F91290002800F0F48232
:106AC0000A9A0021002AC2F10003A8BF0B460F93C7
:106AD00022EAE2739A4688468B46129D20466968F0
:106AE00002F00EF98146002800F0EC822A69023299
:106AF000920005F10C010C30FAF77EF9DDE9042370
:106B000020A81FA9019000912046CDE90A2302F098
:106B10006DFC1E90002800F035840121204602F013
:106B2000FDF98046002800F0CD821F9A002AC0F2AD
:106B30004E810F9B55469E180E99209B814F521AED
:106B40001A44013ABA42C3F1360380F2EF80BF1A09
:106B50001F2FA3EB070300F341810122BA401392D8
:106B600000221192F7181D440E9BBE4232461D446E
:106B7000A8BF3A46AA42A8BF2A46002A02DDBF1A89
:106B8000AD1AB61A0F9BBBB141461A46204602F019
:106B900061FA8046002800F0958201461E9A204640
:106BA00002F0C6F9002800F08D820C901E99204654
:106BB00002F0CCF80C9A1E92002F08DD3A461E997E
:106BC000204602F097FA1E90002800F0DB8353461F
:106BD00043B149465246204602F03CFA814600281D
:106BE00000F07082002D08DD49462A46204602F05A
:106BF00081FA8146002800F06582002E08DD4146BA
:106C00003246204602F076FA8046002800F05A828A
:106C10004A461E99204602F0DBFA8346002800F01F
:106C200051820025C368C5604146109302F0B4FA52
:106C3000A842C0F2EE8300F0A7834146584602F016
:106C400031FC00224FF0804306460F46F9F7C2FEA2
:106C500000287FD0109B002B00F0C8803A4B3A4FA1
:106C600013950022CDE90C23059B1193374E119A01
:106C7000374B02EA06059D4200F0F0810E9B43B3BC
:106C8000B5F1D46F25D8139E394630462AA3D3E9EF
:106C90000023F9F79FFEB8B130463946F9F7E0FE18
:106CA000002800F02083F9F7A3FB13900F46109BF8
:106CB000002B40F01383139B169307F100431793A7
:106CC000DDE91623CDE90C230D9B03F1D6635B1B95
:106CD0000D93DDE90C23DDE90A01CDE9042302F07F
:106CE000FBFA02460B46DDE90401F9F7F7FBDDE9A3
:106CF0000A23F9F741FACDE904010E460E9B23B9A8
:106D0000124B33409D4200F0FF811E99204602F055
:106D10001DF84946204602F019F84146204602F087
:106D200015F85946204602F011F8D6E600221192D5
:106D30000122139216E700BF0000C0FFFFFFDF41F2
:106D400008AA000802FCFFFF0000F03F0000F07FEF
:106D50000000E07F3946B74B30460022F9F7BEFB12
:106D6000109B13900F46002B65D101F10043149046
:106D70001593DDE91423CDE90C23059B119375E7E9
:106D80001D9B03EB0A021D9213F80A70302F234655
:106D900006D101321D921778302F03F10103F8D08C
:106DA000A7F13102082A40F2CB824FF0000B652F89
:106DB0005946D8465D464FF0010A7FF44CAD002B92
:106DC00044D10E9A002A3FF4F1AC1C46FCE5534630
:106DD0009D1A0F9EB0E64FF0010A39E5964901274A
:106DE0008A1A07FA02F211921397BBE6DDE9041240
:106DF000002940F0CA80C2F313031192002B40F027
:106E0000CA8000228D4B30463946F9F7D9FD00285B
:106E100040F038833946874B30460022F9F75EFB55
:106E200001F1004313901A900F461B93DDE91A23DA
:106E3000CDE90C231AE7139A0B46CDE9142398E702
:106E40004FF0010CB21C1D92B778C9E50024BBE5D8
:106E5000BAF1000F7FF4AAAC493F252F3FF6A6AC4C
:106E600001A353F827F000BF91690008AD6700083F
:106E7000AD670008AD670008AD670008A76F0008A0
:106E8000AD670008AD670008AD670008AD67000892
:106E9000AD670008AD670008AD670008AD67000882
:106EA000AD670008AD670008AD670008AD67000872
:106EB000AD670008AD670008AD670008AD67000862
:106EC000AD670008AD670008AD670008AD67000852
:106ED000AD670008AD670008AD670008AD67000842
:106EE000AD670008AD67000891690008AD6700084C
:106EF000AD670008AD670008AD670008A76F000820
:106F0000B6F59A7F00F3D0803611012EDFF848A144
:106F100040F3D582DDE9040100235746984616F078
:106F2000010F08F101084FEA660604D0D7E90023F3
:106F3000F9F7D4FA0123012E07F10807EFD1002B4E
:106F400040F03883059BA3F1547305930AEBC808FE
:106F5000DDE90423D8E90001F9F7C0FA21F0004384
:106F60001B0D374A1B059342CDE9040100F29C80BA
:106F7000A2F58012934240F28D82324B059300239A
:106F80000E934FF0FF3304938EE5DDE904120129DF
:106F900000F0AC8111922C4B284F0022CDE90C233C
:106FA0000023139362E61DA8284901F013FB002873
:106FB0003FF4FCAB1D9B1B78282B00F0DA82244B9E
:106FC000059300230493F9E41D96002247E44FF053
:106FD000000C37E7089A02941EAB019200931D4AF9
:106FE00009981FAB1DA901F069F810F007050446C8
:106FF0003FF43CAC062D40F03C8109F101031D93A8
:1070000000234FF0000A4FF0000B089332E4DBF846
:10701000001052464846FEF781FA044600283FF425
:10702000AFAE4FF0000BD8465D465B4659465C4616
:10703000DA460DE40000E03FE2FBFFFF0000F03F16
:107040000000A07CFFFFEF7F0000F0BF84A70008D6
:107050000000F8FF88A70008E0A90008A2F1547317
:107060000593DDE9040102F037F902460B46DDE93C
:107070000C01F9F733FADDE90423F9F77DF8AA4B9F
:107080000E40CDE90401DDE90A129E42CDE9181255
:1070900040F2CE8003F154739A4210D0A34B059373
:1070A0004FF0FF33049330E60022A14B0492099A7B
:1070B00005932223DDE904AB1360FFF7DBBB189BCC
:1070C0000133EBD15E461E98994B05930022049242
:1070D000DDE904AB099A22231360099C014620468E
:1070E00001F034FE4946204601F030FE414620467C
:1070F00001F02CFE1299204601F028FE3146204670
:1071000001F024FEFFF7B6BB139D39462846F9F778
:107110007FFCF9F77DF90B46024639462846F9F718
:1071200029F8109BCDE90A018BB9049B7BB9C6F302
:10713000130666B976A3D3E90023F9F741FC0028CA
:107140003FF4E3AD5E461E98DDE904ABC5E772A3EC
:10715000D3E90023DDE90A01F9F732FC0028F1D177
:10716000DDE90A016EA3D3E90023F9F747FC002803
:107170003FF4CBADE6E73FF495ACCAF1000616F05C
:107180000F020AD06B4B03EBC203DDE90401D3E924
:107190000023F9F7CDFACDE9040136113FF482ACB2
:1071A0001F2E28DC16F010030E9300F08B816A234B
:1071B000002E0E9340F3BC81DDE904015E4F0023F5
:1071C000F20704D5D7E90023F9F788F901237610EF
:1071D00007F10807F4D1002B40F0F7810E9B002B3C
:1071E00040F0A68100220023DDE90401F9F7DEFB6F
:1071F00000283FF459AC099A222313604FF0000A8B
:107200004FF0000BFFF736BB1D980234082F40F3F8
:10721000A180102CDCBF08EB880802EB4808002393
:10722000421C1D924778FFF737BB44F61F6210E4FB
:10723000059B03F15476059660E50A9EC4F125038B
:107240009E423FF715AC3B4DC4F10F0405EBC40162
:10725000341BDDE90423D1E9000105EBC405F9F78E
:107260003DF9D5E90023F9F739F982468B46FFF756
:1072700001BB1E9A3AB1352120A802F03FF90998C6
:107280001E9901F063FD013D042D06D8DFE805F0ED
:107290001A0E03131A00264B059321077FF58EABB8
:1072A000059B43F000430593FFF788BB209B0493A5
:1072B000219B0593F1E76FF0004305934FF0FF33F7
:1072C0000493EAE71F9A219B2099049102F233422A
:1072D00023F4801343EA02530593DEE7139A3B46F7
:1072E000CDE91623ECE4154F1390E0E4DDE9041238
:1072F0001192002A7FF44FAE5E46099A1E9822230F
:1073000013604FF0000A4FF0000BE6E6AFF3008089
:107310009535A094FFFFCF3F9535A094FFFFDF3F49
:1073200035E5AF350000E03FFFFF9F7CFFFFEF7FBB
:107330000000F07F08AA0008B0A700080000F03F96
:107340001D984FF0000BA7F1300E591C81465D4689
:10735000D846012405EB85050EEB450500235FE7C4
:107360000A9911F1160FFFF683AB9B4AA2EBC102FB
:10737000D2E90023DDE90401F9F7DAF982468B4608
:10738000FFF778BA5E469FE6109B139F5E46DDE9E5
:107390000AAB002B00F08380DDE904458F4BC5F379
:1073A000130199422A4600F09180119B002B00F0B6
:1073B0008280059A134210D0109B0E9ADDE90401D9
:1073C000002B00F0A380FFF799F902460B465046C8
:1073D0005946F8F7D1FE82468B460E9BBBB1804BD7
:1073E000199300231893DDE9182350465946F9F7FD
:1073F00075F803460C4682468B46CDE9043431B914
:10740000049B23B9099A1E982223136065E61E98EF
:1074100063E6109A5D465E46DDE90AAB002ADCD1E0
:10742000DDE904010028D8D1C1F313030C46002B79
:10743000D3D121F000431B0D1B05B3F1D66FCCD97E
:107440006B6913B92B69012BC7DD314601220998FD
:1074500001F050FE4146064601F09EFE0028BCDDCC
:107460000E9B002B7BD15F4B2340A3F580136FEA6B
:1074700013536FEA035305934FF0FF330493DDE991
:1074800004ABAAE7584B594F0022CDE91A23109BB1
:107490001393CBE401F154730593FFF703BBDDE9CC
:1074A0000412C2F313031446002B7FF47EAF0029AD
:1074B0007FF47BAFD4E7049B1F428ED07CE74FF074
:1074C00000083FE5002E3FF777AE8BE60E9B049950
:1074D000002B41D0434B2B40B3F1D46F3CD81B0D54
:1074E000C3F16B034FF0FF3000FA03F38B427FF4DC
:1074F0005CAF3F498A4256D03A4B134003F58013A4
:10750000059300230493DDE904AB66E7FFF7F6F883
:1075100002460B4650465946F8F72CFE002200233F
:1075200082468B46F9F742FA00287FF4E6AE54E72C
:10753000DDE90412C2F30A53C3F16B03002B1146B9
:107540007FF750AE1F2B26DD0022342B049234DD52
:107550004FF05C73059345E64FF0FF33C6E7214BD0
:107560002340B3F1D66F80DCB3F15C7F3FF737AFD8
:10757000C3E61DA820AA1F4901F044F805287FF49E
:107580001EAD219B43F0FF4343F4E0030593209B92
:107590000493FFF713BA4FF0FF3202FA03F3049A91
:1075A0001A4004921EE60133A6D18CE527461D98A9
:1075B00001342BE6CDE90401C4E4203B4FF0FF3257
:1075C00002FA03F30B4005930CE6CDE9040105E64E
:1075D00003461D9824E600BF08AA0008FFFF0F001D
:1075E000000050390000F07F0000E0BF0000E03FE5
:1075F000FFFFEF7F9CA70008054B1B6810B45B6B77
:10760000044C002B08BF234610BCFFF799B800BFFD
:107610002C0000205C0400202DE9F04F85B01E46B0
:1076200002910390009288460E9F00E0A8464546CE
:10763000384615F8014BFEF7B9FF2044437813F0A4
:107640000803F3D12D2C00F081802B2C03BF2C7864
:10765000019308F10205019366B1102E00F08880B5
:10766000019BB0464FEAE6797BB94FF0FF3A6FF0E5
:1076700000470EE0302C00F08A804FF00A084FF0EF
:1076800000090A26019B002BEFD04FF0000A4FF0B3
:10769000004742464B4650463946F9F701FA4B46F9
:1076A0009346504642463946F9F7FAF94FF0000E34
:1076B000002200230FE044D002FB09F408FB03443E
:1076C000A2FB0823234412EB0C0243EBEC734FF0B4
:1076D000010E15F8014BA4F1300CBCF1090F06D9CD
:1076E000A4F1410CBCF1190F0DD8A4F1370C66457B
:1076F00012DDBEF1FF3FECD0994208BF9042DAD2D2
:107700004FF0FF3EE5E7A4F1610CBCF1190F03D87F
:10771000A4F1570C6645ECDCBEF1FF3F1CD001998B
:1077200011B1524263EB4303009929B1BEF1000F3E
:107730001BD1029D00990D601046194605B0BDE8A9
:10774000F08FE345B8DA4FF0FF3EC2E701232C7813
:10775000019308F102057FE7039A22231360009B3F
:107760002BB352463B46013DE4E792461F46F8E7FD
:10777000302C17D12B7803F0DF03582B12D16C7803
:107780004FF010084FF00009023510267AE72B78E9
:1077900003F0DF03582BF2D04FF008084FF0000938
:1077A00008266FE74FF010084FF000096AE75246CD
:1077B0003B46C1E730B5064C064D2468646B83B088
:1077C000002C08BF2C460094FFF726FF03B030BD05
:1077D0002C0000205C0400202DE9F84FDDF82890F3
:1077E0000E460746154698468A4600E0A24654468D
:1077F000484614F801BBFEF7D9FE5844407810F013
:107800000800F3D159462D2959D02B2904BF2178DE
:107810000AF10204B8F1000F0CD0B8F1100F53D0E8
:107820004FF0FF3CBCFBF8FC08FB0CFA6FEA0A0ABD
:10783000C14608E0302958D04FF00A08DFF8DCC014
:10784000C1464FF0050A00239E4605E02AD009FBF9
:107850000E2E012314F8011BA1F13002092A05D9CB
:10786000A1F14102192A0AD8A1F1370290450EDD93
:10787000002B01DBE645E9D94FF0FF33EAE7A1F140
:107880006102192A03D8A1F157029045F0DC002BC0
:107890000DDB08B1CEF1000E0DB173B92E6070464C
:1078A000BDE8F88F5245D2DD4FF0FF33D2E72223F7
:1078B0003B604FF0FF3E002DF1D0661EEEE72178D1
:1078C00001200AF10204A5E730291BD1237803F037
:1078D000DF03582B1CD14FF010096178C8464FF0D8
:1078E0000F0A02346FF0704CADE7237803F0DF032A
:1078F000582BF0D04FF00808C1464FF0070A6FF040
:10790000604CA0E74FF00F0A6FF0704CC1469AE749
:10791000C1466FF0704C4FF00F0A94E7999999198E
:1079200030B5064C064D2468646B83B0002C08BF4C
:107930002C460094FFF750FF03B030BD2C00002010
:107940005C0400202DE9F04F85B09346029103902E
:107950009A460F460E9E00E02F463D46304615F8EB
:10796000014BFEF723FE2044437813F00803F3D1C4
:107970002D2C00F089802B2C03BF2C780193BD1C8B
:107980000193BAF1000F19D0BAF1100F00F0818005
:10799000D0464FEAEA7942464B464FF0FF304FF06F
:1079A000FF31F9F77DF8424606460F464B464FF049
:1079B000FF304FF0FF31F9F773F80BE0302C7DD03A
:1079C0004E4F05224FF099364FF00A084FF000094C
:1079D0004FF00A0A4FF0000E0020002111E0B942DA
:1079E00008BFB0423FD000FB09F408FB0144A0FBF4
:1079F00008012144C01841EBE3714FF0010E15F866
:107A0000014BA4F13003092B05D9A4F14103192B33
:107A10000DD8A4F137039A4511DDBEF1000F03DB49
:107A20008F4208BF8642DAD24FF0FF3EE7E7A4F16B
:107A30006103192B03D8A4F157039A45EDDCBEF17D
:107A4000000F15DB019B13B1404261EB4101BBF11B
:107A5000000F05D0BEF1000F14D1029DCBF80050ED
:107A600005B0BDE8F08F9342BDDD4FF0FF3EC6E7A5
:107A7000039A222313604FF0FF304FF0FF31BBF128
:107A8000000FEDD0013DE9E701232C780193BD1CE7
:107A900077E7302C23D12B7803F0DF03582B28D144
:107AA0006C780F2202354FF0FF366FF070474FF0C1
:107AB00010084FF000094FF0100A8BE72B7803F005
:107AC000DF03582BECD007224FF0FF366FF06047F2
:107AD0004FF008084FF000094FF0080A7AE70F222C
:107AE0004FF0FF366FF070474FF010084FF000096D
:107AF00070E74FF010084FF000094CE79999991979
:107B000030B5064C064D2468646B83B0002C08BF6A
:107B10002C460094FFF716FF03B030BD2C00002068
:107B20005C04002038B54B1C1AD09389146B23F0E9
:107B30002003CDB29381B4B114465268636B9A426C
:107B400009DA23685A1E226003F8015C6368013376
:107B50006360284638BD214600F082F80028F0D046
:107B60004FF0FF35F5E71169136829B1994203D247
:107B700013F8011C8D420FD0936313465468D463ED
:107B800002F1400003211063516303F8425F0121B9
:107B900013605160284638BD5168013B01311360C4
:107BA0005160D6E710B50C46096B69B104F140038A
:107BB000994201D000F050F9E36B6360002020632C
:107BC00013B1A36B236010BDA3892269226043F027
:107BD00020030022A38162604FF0FF3010BD00BF80
:107BE0002DE9F04F83B002FB03F90C9CB9F1000FB3
:107BF00028D007469A4601920D464E464FF000089F
:107C00000FE02168F9F7F8F82268C4F804805A44B4
:107C10002260214638465D44A6EB0B06FFF7C2FF03
:107C2000A0B9D4F804B05E4528465A46E9D8324691
:107C30002168F9F7E1F862682368921B1E44D14677
:107C400062602660484603B0BDE8F08F019BA9EB57
:107C50000609B9FBF3F9484603B0BDE8F08F00BF51
:107C600001F140032DE9F0410C46096B994214D013
:107C7000666B77003A4601F093FC054640B300EB93
:107C80000608324640462946F9F7B6F8C4F800809F
:107C9000256367630020BDE8F0814FF4806100F048
:107CA00073FDA8B194F8423020634FF480626263A0
:107CB00080F8FF3394F8413080F8FE3394F8403078
:107CC00080F8FD3300F2FD3020600020BDE8F08137
:107CD0004FF0FF30BDE8F08121B1FF2A04D80A70CF
:107CE00001207047084670478A2303604FF0FF3039
:107CF000704700BF2DE9F8432C4D0646286898468A
:107D00000F469146FEF774FC294B1C68D4F84831A5
:107D1000002B3ED05A681F2A1CDC02F1010E76B1FE
:107D200003EB82010124C1F88890D3F888019440C4
:107D30002043022EC3F88801C1F8088123D0023203
:107D4000C3F804E0286843F82270FEF753FC0020D3
:107D5000BDE8F883174B0BB34FF4C870AFF3008046
:107D60000346D8B1D4F848210260002141600A4698
:107D7000C4F848014FF0010EC0F88811C0F88C110A
:107D8000002EDCD0CCE7D3F88C110C43C3F88C4127
:107D9000D5E704F5A673C4F84831BBE72868FEF7B9
:107DA00029FC4FF0FF30BDE8F88300BF58040020E5
:107DB00038A7000800000000F8B5244F0C4606461E
:107DC00000F092FFBB685D68C4F57E610F3125F05D
:107DD0000305294421F47F6121F00F01A1F58054AE
:107DE000B4F5805F07DB0021304601F07FFDBB6802
:107DF0002B44984204D0304600F07CFF0020F8BDB0
:107E00006142304601F072FD01300DD0104BBA686E
:107E100019682D1B45F001053046091B5560196096
:107E200000F068FF0120F8BD0021304601F05EFD42
:107E3000BA68831A0F2BDEDD064C0549246843F02F
:107E40000103001B53600860D5E700BFC805002090
:107E5000940F0020D0090020002944D02DE9F041E2
:107E60000D46804600F040FF55F8047C694927F034
:107E70000103A5F10804E2188E685068B24220F0B0
:107E800003005ED0FE0750600BD455F8087CE41B5D
:107E900001F1080EA56875453B446DD0E768EF60B9
:107EA000BD6015186D68ED073ED543F001026260B4
:107EB000E350B3F5007F17D2DB08581C9A104D68C9
:107EC00051F83070A7600123934001EBC0022B43AF
:107ED000083AE2604B6041F83040FC604046BDE843
:107EE000F04100F007BF70475A0A042A52D89A0995
:107EF00002F13907FF0002F13805C819CA590838DC
:107F000090424FD0516821F003018B4232D29268E7
:107F10009042F7D1C368A060E3609C60C4604046B3
:107F2000BDE8F04100F0E6BE95683B4FBD4203441A
:107F300040D0D068E86043F0010285606260E350A1
:107F4000B7E7FF07034407D455F8082CA41A1344D5
:107F5000A068E268C2609060304A126843F0010095
:107F6000934260608C60B9D32D4B40461968FFF78F
:107F700023FFB3E71046CDE711184968C90744D479
:107F80009168D268CA60034443F001009160606068
:107F9000E350A3E7142A16D802F15C07FF0002F1B0
:107FA0005B05AAE7AA1001234D6893402B434B6061
:107FB0000346B0E743F001024C610C61E560A56047
:107FC0006260E3508AE7542A06D81A0B02F16F0761
:107FD000FF0002F16E0590E7B2F5AA7F06D8DA0B32
:107FE00002F17807FF0002F1770586E740F254506E
:107FF000824206D89A0C02F17D07FF0002F17C054F
:108000007BE74FF47E777E2577E743F001016160DF
:10801000136063E7C8050020D0050020D4090020C4
:10802000C40F0020F0B505694B11AB422ADA00F10C
:10803000140711F01F0107EB850507EB830626D017
:1080400057F82320341DA54222FA01F2C1F1200C79
:1080500032D9BE46236803FA0CF313434EF8043BAF
:1080600054F8042BA54222FA01F2F3D8AB1B053BCE
:1080700023F0030304333B441A6002B10433DB1BD7
:108080009B1015E00023036100234361F0BDB5425E
:10809000F8D900F11002334653F8041B42F8041FCC
:1080A0009D42F9D8F3432B4423F0030304339B1080
:1080B0000361002BE8D0F0BD3B46DDE72DE9F04F32
:1080C0008BB089460590169803920893FEF780FAC4
:1080D0000368029318461C46F8F732FFD9F80030BF
:1080E00000909A782118302A11F801BC40F0AB8139
:1080F00003334FF000081C4613F8012B302A08F117
:108100000108F8D0B34EB35C002B00F0ED8023786B
:108110004FF0000AF35C5546274623B117F8013F9C
:10812000F35C002BFAD1009A02993846FDF7F6F974
:10813000002800F091803B78002D00F07381ED1B4A
:10814000AA000192502B00F09080702B00F08D80DF
:108150003D46C9F80070BAF1000F40F0B5802B1B06
:10816000013B072B514604DD5B10072B01F1010198
:10817000FADC059800F0C4FD03461433AC420490C9
:10818000079380F0D1819946009B0027C3F101033A
:10819000B84606930FE0202F00F09F803A46043740
:1081A00015F8013CF35C554603F00F039340A542DC
:1081B00048EA030815D915F8013C5B4505F1FF3A7B
:1081C000E9D1069B5344A342E5D31846009A02998D
:1081D0000993FDF7A3F9099B0028DCD11D46A542B0
:1081E000E9D849F8048B079B049AA9EB03094FEAE5
:1081F000A903136140464FEA431900F03FFE039B79
:108200001D68A9EB0000A84200F3E680C0F20C81D3
:108210000026039B019A9B689A4200F3988003987A
:1082200001994368994280F2B7805C1AA54200F335
:108230000E81C268022A00F07E81032A00F05B8171
:10824000012A00F07C810499059800F07FFD149AC2
:108250000023136050243CE0002D00F018813B788F
:108260006DE7002301934FF0010A7B782B2B00F080
:10827000AE802D2B77D0791C0025F35C5A1E182A6E
:108280003FF666AF4A78B25C501E1828A3F110037F
:1082900001F101010BD811F8010F03EB830302EB8D
:1082A0004303325C501E1828A3F11003F3D905B123
:1082B0005B42019A3D461A440F460192C9F800708C
:1082C000BAF1000F3FF44BAFB8F1000F0CBF06241A
:1082D000002420460BB0BDE8F08F00220427C9F827
:1082E0000080B94490465BE7009D02992A462046EB
:1082F000FDF714F900283AD022782746502AB0D04A
:10830000702AAED0C9F80070DEE7049B9B689E42DD
:1083100080F23681079B3246049800EB82014FF0D1
:10832000010E0132022C0261C1F814E000F0168146
:10833000964280F2418101210498FFF773FE039B6E
:10834000019A9B6801329A42019240F3D0800598CD
:10835000049900F0FBFCA324149A00232046136028
:108360000BB0BDE8F08F0125BB78B91C85E7625DD5
:10837000B35C6719002BC1D0302A3C4604D114F8F5
:10838000013F302BFBD0F35CB3FA83FA3D464FEA52
:108390005A1A4FF00108BFE6012466B1039BDB685F
:1083A000022B00F08280032B00F08380012B00F071
:1083B000B28044F01004149B1A46049B1360089B7F
:1083C0001A46019B136020460BB0BDE8F08F0025D4
:1083D000CAE700BFDCA80008441B2146049801F04E
:1083E000B1F80646B0B1621E5111079802F01F03A2
:1083F00050F82110012606FA03F30B420AD0B242CC
:1084000040F39780A11E049801F09CF8002800F02A
:1084100090800326019B0498234421460193FFF793
:1084200001FEF6E601958DE62C1A04990598224680
:1084300000F060FE019B04901B1B01930346143364
:1084400007930026E5E69C1C4FF000085AE6671EDD
:10845000002E4ED127B13946049801F073F8064634
:108460007B11079A049852F8232007F01F07012375
:1084700003FA07F71742214618BF46F00206FFF736
:10848000D1FD039B5B6801932D1B022485E70099B6
:108490007B5CF25C7D182F46002A3FF450AE17F843
:1084A000013FF25C002AFAD149E6159BC3F10103B2
:1084B0001593159B002B3FF47CAF049B079A1E6914
:1084C000B700134602EB070E1146002004E043F804
:1084D000040B9E457FF619AF1A68B2F1FF3FF6D044
:1084E0000132022C1A603AD015F01F053ED121242A
:1084F00061E70126B4E7159A002A3FF4A4AE089973
:108500000B60079B049901220A611A60149B1A46AA
:1085100062241160DDE6B2077FF54BAF079B1B6855
:108520001E43F307C9D444E7DDF81C904FF0000860
:1085300057E602266EE7159A002AE0D083E6A542A8
:108540007FF481AE012DDADD691E049800F0FAFF98
:1085500000283FF478AE039B5B68D0E71946039B85
:108560001B68013B9D4229D0222424E7CB19C5F189
:10857000200553F8040C00F081FCA842B7DADAE6D3
:10858000049BDDF8149059684846013100F0B8FBAF
:1085900004990B69023380469A000C310C30F8F7CD
:1085A0002BFC0499484600F0D1FBCDF8108008F16F
:1085B0001403D8F81020AFE6194695E76B1105F0C3
:1085C0001F0551F823200123AB40134214BF21247F
:1085D0002224F0E630B4046808E014F8013FA3F167
:1085E0004105192D98BF2033934208D111F8012B72
:1085F000002AF2D101340460012030BC7047002011
:1086000030BC70472DE9F04F0B68DFF8789185B0EA
:10861000591102EB810113F01F0301911CBF0431BA
:108620000191019C02900393002344F8043C1946F5
:108630009A469E46029B1D686B78A4F1040CE046A6
:1086400060466E1C2BB319F80340002C44D1202B3C
:1086500060D8D64518DD404513D2072911DCC1F199
:10866000080189000568C1F1200B03465F6807FA1D
:108670000BF42C4327FA01F51C6043F8045F98457E
:10868000F4D890423CD8082135466B786E1C002BFC
:10869000D9D1BEF1000F3FD0404501D207295DDDA1
:1086A00090423DD9134650F8041B43F8041B8445FF
:1086B000F9D2002143F8041B9C45FBD2019B53F8DF
:1086C000043C2BB962453CD05CF8043D002BF9D04A
:1086D000052005B0BDE8F08F013108290EF1010E2B
:1086E00006DD9042D0D9002340F8043C0121043833
:1086F000036804F00F0444EA031404603546C4E739
:108700000023A0F1040840F8043CF2464046194614
:108710003546BAE7292B1AD0042005B0BDE8F08F02
:10872000039B002BCAD0019C039B54F8040CC3F19B
:1087300020034FF0FF3121FA03F3034044F8043CD7
:10874000BFE701230520136005B0BDE8F08F029B51
:1087500002351D60BEF1000F9ED1DDE7C1F10803B7
:108760009B000568C3F1200701464E6806FA07F42E
:108770002C4326FA03F50C6041F8045F8845F4D8D1
:108780008EE700BFDCA800082DE9F04F01F10B06D1
:10879000162E83B0054640F29E8036F0070600F1A3
:1087A000BD80B14200F2BA8000F09EFAB6F5FC7FBF
:1087B000C0F09382730A00F0B880042B00F2798134
:1087C000B30903F1390003F1380EC300BF4F3B4436
:1087D000A3F108015C68A14206D10CE0002A80F2F6
:1087E000AA80E468A14206D0636823F003039A1BC1
:1087F0000F2AF3DD70463C69DFF8E4E2744500F0CF
:10880000AB81636823F003039A1B0F2A00F3908166
:10881000002AC7F814E0C7F810E080F29D80B3F595
:10882000007F80F06181DB0803F1010C99107A6808
:1088300057F83C80C4F8088001238B4007EBCC013B
:1088400013430839E1607B6047F83C40C8F80C40AE
:108850008210012494409C4200F28B801C4206D17D
:1088600020F0030064001C4200F10400FAD007EB82
:10887000C009CC468046DCF80C309C4507D16DE140
:10888000002A80F27B81DB689C4500F06781596893
:1088900021F003018A1B0F2AF2DDD3F80CC0D3F8B4
:1088A000088000939C19284646F0010642F0010515
:1088B0005E60C8F80CC0CCF808807C613C61C4F8EC
:1088C0000CE0C4F808E065605A5000F013FA009B11
:1088D00003F108041EE0102920D800F005FA102644
:1088E00018230220794F3B44A3F108025C689442AC
:1088F00000F03D816368E168A66823F00303234428
:1089000028465A68F16042F001028E605A6000F019
:10891000F1F90834204603B0BDE8F08F00240C23A1
:1089200020462B6003B0BDE8F08F40204FF4007369
:108930004FF03F0E4AE72344E1685A68A66842F0C8
:108940000102F16028468E605A6000F0D3F90834C5
:10895000204603B0BDE8F08F234428465A6842F011
:1089600001025A6000F0C6F90834204603B0BDE8A1
:10897000F08FBC68636823F00308B04504D3A8EB0C
:1089800006030F2B00F38580DFF85891504BD9F880
:1089900000201B680132334404EB080A00F05581C3
:1089A00003F580530F3323F47F6B2BF00F0B5946E5
:1089B000284600F09BFF411C024600F0FC808245E7
:1089C00000F2F780434B19685944196000F04D815B
:1089D000D9F8000001301BBFA2EB0A0A5144C9F8C4
:1089E0000020196012F0070100F01581C1F10800A4
:1089F000C1F580510244083102EB0B09C9F30B09A0
:108A0000A1EB0909494628460193009200F06EFF48
:108A1000431C9DE80C0000F04381801A484440F05C
:108A200001001968BA604944BC425060196017D00F
:108A3000B8F10F0F40F2FB806068A8F10C0222F041
:108A4000070204EB020E00F001004FF0050C10438A
:108A50000F2A6060CEF804C0CEF808C000F217817B
:108A60001D4BBC681A68914288BF19601B4B1A687D
:108A70009142626888BF196022F003029642A2EB1D
:108A8000060301D80F2B04DC284600F033F900243C
:108A900040E7A21943F0010346F00106666028464C
:108AA000BA60536000F026F90834204603B0BDE8F0
:108AB000F08F142B71D9542B00F2A380330B03F1E8
:108AC0006F0003F16E0EC30080E600BFC8050020F2
:108AD000C40F0020940F0020BC0F0020C00F002006
:108AE000D0050020D00900205A0A042A5BD9142A94
:108AF00000F2AE8002F15C01C9005B3207EB010CB1
:108B00007958ACF1080C8C4500F088804A6822F056
:108B10000302934273D289688C45F7D1DCF80C20AC
:108B20007B68E260C4F808C09460CCF80C408FE623
:108B3000A11946F0010C42F00106C4F804C0284611
:108B400079613961C1F80CE0C1F808E04E60E2508B
:108B500000F0D0F80834DDE67B6879E608F101081A
:108B600018F0030F0CF1080C7FF485AE2DE0DC68E3
:108B7000A34208BF02303FF43EAEBBE619441C4698
:108B80004A68DB6854F8086F42F001024A602846E0
:108B9000F3609E6000F0AEF8BCE603F15C0003F108
:108BA0005B0EC30012E69A0902F13901C90038329E
:108BB000A4E7BC4254D0BC68626822F003025DE7BF
:108BC00059F80839994540F0868010F0030F00F1FC
:108BD000FF30F5D17B6823EA04037B6064009C428C
:108BE0003FF6C7AE002C3FF4C4AE1C4240467FF4B3
:108BF0003EAE64001C4200F10400FAD037E68C4619
:108C00008CE7B3F5AA7F15D8F30B03F1780003F1D5
:108C1000770EC300DAE54FF48051EDE67B689210E1
:108C2000012101FA02F213437B60624679E70123D6
:108C3000536029E740F25452934222D8B30C03F117
:108C40007D0003F17C0EC300C0E503F1100BAEE61E
:108C5000542A29D81A0B02F16F01C9006E324DE770
:108C6000204B196859441960B2E6CAF30B0000287A
:108C70007FF4AEAE08EB0B03BA6843F00103536018
:108C8000EEE67F204FF47E734FF07E0E9EE504F1FA
:108C9000080128460093FFF7DFF8009B1968DFE61C
:108CA00001204FF00009BCE6B2F5AA7F05D8DA0B27
:108CB00002F17801C900773220E740F254518A422C
:108CC00005D89A0C02F17D01C9007C3216E74FF4F9
:108CD0007E717E2212E77B6880E7F00806F10803C8
:108CE00000E600BF940F00200148FDF781BC00BFE3
:108CF000901100200148FDF77DBC00BF90110020BD
:108D0000C36C70B505460C464BB153F8240080B1D6
:108D1000026843F8242000230361C36070BD212250
:108D2000042100F0F5FDE86403460028EDD10020A1
:108D300070BD012101FA04F6721D2846920000F070
:108D4000E7FD0028F3D044608660E4E731B1C36CEE
:108D50004A6853F82200086043F82210704700BFA9
:108D6000F0B50C6983B00D46064601F1140E0027DC
:108D7000DEF8000081B202FB0133010C180C02FB8B
:108D800001019BB2013703EB0143BC424EF8043BA7
:108D90004FEA1143ECDC3BB1AA68944207DA05EBD9
:108DA0008402013453612C61284603B0F0BD696828
:108DB000019301313046FFF7A3FF2A69023205F122
:108DC0000C01074692000C30F8F716F8F26C69684F
:108DD000019B52F82100286042F821503D46DEE711
:108DE0002DE9F843244C089E1F46083384FB034EAC
:108DF000DB17C3EB6E0EBEF1010F05460C46904625
:108E000035DD012300215B009E4501F10101FADC03
:108E10002846FFF775FF0123B8F1090F466103618A
:108E200021DD04F109094E46444416F8013B014690
:108E3000303B0A222846FFF793FFA642F5D1A8F15E
:108E400008044C44474514DDA7EB0807274414F8F1
:108E5000013B0146303B0A222846FFF781FFA7422B
:108E6000F5D1BDE8F8830A344FF00908EAE700219C
:108E7000CEE7BDE8F88300BF398EE338020C120458
:108E80000346B2B90304102013F07F4F04BF1B0246
:108E9000083013F0704F04BF1B01043013F0404F33
:108EA00004BF9B000230002B02DB5B0003D42020B8
:108EB00070470020E8E70130704700BF036813F0F7
:108EC0000702014607D0DA0721D4980721D49B086E
:108ED0000B600220704798B298B1104613F0FF0F54
:108EE00004BF1B0A08301A0704BF1B0904309A0785
:108EF00004BF9B080230DA0707D45B0804D12020A6
:108F000070471B0C1020E9E701300B607047002010
:108F100070475B080B600120704700BF10B50C461E
:108F20000121FFF7EDFE01224461026110BD00BF87
:108F30002DE9F04F0C691569AC4283B08B4616469B
:108F400004DA2246B3462C460E461546DBF80830B6
:108F5000DBF8041004EB05089845C8BF0131FFF7A2
:108F6000CFFE00F1140909EB880AD145009005D223
:108F70004B46002143F8041B9A45FBD806F1140C1C
:108F80000CEB85030BF1140B9C450BEB840E4CD2C0
:108F9000CDF804A09A46DCF80050AFB2EFB1002142
:108FA0004D465E460C4656F8042B286893B281B2B3
:108FB00007FB0313120C010C234407FB021101EB06
:108FC00013419BB243EA0143B64545F8043B4FEADF
:108FD0001144E8D82C60DCF800502D0C1DD0D9F8D5
:108FE000003048461C46594600220E88240C05FBDA
:108FF000064422449BB243EA024340F8043B51F842
:10900000043B04681B0CA6B205FB036303EB12438D
:109010008E454FEA1342E8D803600CF1040CE24598
:1090200009F10409B7D8DDF804A0B8F1000F0BDD91
:109030005AF8043CAAF1040A1BB105E05AF8043DB1
:1090400013B9B8F10108F9D10098C0F8108003B045
:10905000BDE8F08F12F003032DE9F04114460746F6
:109060002ED10D46A4101CD0BE6C96B3E3074FF072
:10907000000806D4641014D03068A8B10646E3078F
:10908000F8D5324629463846FFF752FFB5B16A682F
:10909000FB6C641053F82210296043F822500546F7
:1090A000EAD12846BDE8F081324631463846FFF71E
:1090B0003FFF3060C0F800800646E0E70546D9E78C
:1090C0005A1E0B4D002355F82220FFF749FE054696
:1090D000C8E701213846FFF713FE40F27121012253
:1090E0000023416102610646B8640360BEE700BF29
:1090F000D0AA00082DE9F84391460A698B684FEA27
:10910000691404EB020808F101059D420E4607466A
:10911000496804DD5B009D4201F10101FADC38463B
:10912000FFF7EEFD002C00F1140306DD03EB8402D3
:10913000002143F8041B9A42FBD1346906F1140163
:1091400019F01F0901EB840E1DD0C9F1200C00227B
:109150000C6804FA09F4144343F8044B51F8042B47
:109160008E4522FA0CF2F3D81A600AB108F1020512
:10917000FB6C7268013D53F822100561316043F8C1
:109180002260BDE8F883043B51F8042B43F8042F18
:109190008E45F9D8ECE700BF30B40B69054600698D
:1091A000C01A0FD19B001435143119442B4401E02F
:1091B0009D4207D253F8044D51F8042D9442F7D044
:1091C00002D3012030BC70474FF0FF30FAE700BFF8
:1091D0002DE9F0410F690E4611697F1A002F904664
:1091E00017D1890006F1140502F1140E6B187144B1
:1091F00001E09D425CD253F8042D51F8044DA24287
:10920000F7D05ED233462C4646467546984601272F
:1092100005E058DB06F1140508F114040027716815
:10922000FFF76EFDD8F810303669C76004EB830C89
:10923000A64605EB860700F1140400235EF8041B24
:1092400055F8048B8AB213FA88F3090C9A1AC1EB09
:10925000184303EB224392B242EA0342F44544F836
:10926000042B4FEA2343E9D8AF4217D9A446AE46B0
:109270005EF8042B13FA82F3191401EB12419BB22E
:1092800043EA014277454CF8042B4FEA2143EFD8DB
:10929000ED432F4427F0030704373C44043C22B934
:1092A00054F8043D013E002BFAD00661BDE8F08180
:1092B0000021FFF725FD0122002302614361BDE883
:1092C000F0817446ABE7334606F1140402F114054D
:1092D000164601279846A2E70F4B0B40A3F15073A7
:1092E000002B02DD0020194670475B421B15132B33
:1092F0000BDD143B1E2BDDBFC3F11F03012202FA5D
:1093000003F301230021184670474FF40022002088
:1093100042FA03F1704700BF0000F07F2DE9F041F1
:10932000066900F1140808EB860656F8047C3846F6
:10933000FFF7A4FDC0F120030A280B60A6F1040387
:1093400018DCC0F10B0127FA01F2984542F07F5575
:1093500038BF56F8082C00F1150334BFCA4000226C
:1093600007FA03F345F4401543EA02042046294670
:10937000BDE8F08198451FD2B0F10B0256F8083CC9
:109380001DD0974047F07F57C2F12000A6F1080199
:1093900047F4401723FA00FE884547EA0E0520D21D
:1093A00056F80C1C03FA02F221FA00F002431446AC
:1093B00020462946BDE8F0810B3809D1034647F025
:1093C0007F5545F440151C4620462946BDE8F081EE
:1093D00007FA00F040F07F55002245F4401514468E
:1093E000E6E703FA02F21446E2E700BF2DE9F04196
:1093F00082B001211C46C3F30A571546089EFFF7A9
:109400007FFCC4F3130480460FB144F4801401942C
:109410001DB302A840F8085DFFF750FD002834D1C5
:109420009DE80C00C8F81420002B0CBF012102217C
:10943000C8F81830C8F81010DFB908EB8103A0F2A3
:10944000324030601869FFF719FD099BC0EB4110ED
:109450001860404602B0BDE8F08101A8FFF72EFD7C
:10946000019BC8F8143001212030C8F81010002FDB
:10947000E3D0099BA7F233470744C0F135003760BA
:109480001860404602B0BDE8F0819DE80A00C0F1D6
:10949000200203FA02F20A43C3400193C8F81420E1
:1094A000C2E700BF2DE9F04383B00F466946064688
:1094B000FFF734FF04460D46384601A9FFF72EFF9B
:1094C00089469DE80A0036693A69CB1AB61A03EB59
:1094D0004613002B80460BDD05EB03573D46424605
:1094E0004B4620462946F7F723F903B0BDE8F08341
:1094F000C3EB033309EB03518946F0E770B41469F9
:109500004E1E02F11403761103EB840101368B42E7
:1095100000EB86060CD2041F53F8045B44F8045F8A
:109520009942F9D88B1A153B23F0030304331844EE
:10953000864204D9002340F8043B8642FBD870BC25
:10954000704700BF03694A11934210B400F114043C
:109550000FDA04EB83039C421FD253F8040C043B44
:1095600018B114E053F8042D8AB99C42FAD310BC08
:1095700070470FDD11F01F010CD054F8220020FAC3
:1095800001F303FA01F1884204EB8203E3D00120E6
:1095900010BC704704EB8203DDE70020E7E700BF63
:1095A000002900F095802DE9F04F0D46164683B056
:1095B000804606F10B07FFF797FB55F804EC162FD2
:1095C0002EF00304A5F108093CD810221746BE422C
:1095D0003DD8944243DAC44B996809EB04008842B1
:1095E00000F0B480436823F0010101444968C907D1
:1095F0004CD51EF0010F00F09B8031464046FFF72E
:10960000C3F8064600283AD055F8043C23F001037D
:109610004B44A0F108029A4200F02181221F242A23
:1096200000F20781132A00F2DB8003462A46116804
:1096300019605168596092689A6029464046FEF761
:109640000BFC1CE027F00707002F3A46BFDA002684
:109650000C233046C8F8003003B0BDE8F08F2E462A
:10966000E31B0F2B1ED8D9F8043003F0010323436A
:109670004C44C9F80430636843F00103636040461A
:10968000FFF738FB304603B0BDE8F08F23F003034B
:10969000E11891421FDBC36882682E46D3600C46F6
:1096A0009A60DDE7D9F8042009EB070102F0010216
:1096B0004C4443F001031743C9F804704B606368DE
:1096C00043F00103083163604046FEF7C5FBD6E76F
:1096D0001146FFF759B81EF0010F8ED155F8081C3E
:1096E000A9EB010ADAF8041021F003010B4423442A
:1096F000934225DBC26881685646CA609160DAF8F9
:109700000C1056F8080F221F242AC160886000F24E
:109710009480132A6FD92968CAF808106968CAF8B2
:109720000C101B2A00F2A28008350AF1100263E037
:1097300055F8083CA9EB030ADAF8041021F00301FC
:1097400063189342FFF659AF5646D8E7416821F0B7
:10975000030BA34407F11000834556DA1EF0010FF6
:109760007FF44BAF55F8081CA9EB010ADAF8041096
:1097700021F003018B445845E2DC5646DAF80C1020
:1097800056F8080F221F242AC160886000F28F80DB
:10979000132A40F28A802968CAF808106968CAF852
:1097A0000C101B2A00F28A8008350AF11002296881
:1097B000116069685160A96891600AEB0701ABEB21
:1097C000070242F0010299604A60DAF8043003F0BF
:1097D00001031F434046CAF80470FFF78BFA51E7B4
:1097E0002B6803606B6843601B2A2DD800F10803C7
:1097F00005F108021BE7324629681160696851606B
:10980000A96891601C46D1462AE709EB0701ABEB3A
:10981000070B4BF0010299604A6055F8043C03F0D5
:1098200001031F43404645F8047CFFF763FA2E46C8
:1098300028E7294600F09CF8FFE6294630461C46FA
:10984000D14600F095F80BE7AB688360EB68C36026
:10985000242A17D000F1100305F11002E7E650F8B2
:10986000043C23F003031C442E46F9E6A968CAF819
:109870001010E968CAF81410242A0CD010350AF127
:109880001802B9E72B6903616B69436105F118029E
:1098900000F11803CBE62A69CAF818206A69CAF8E9
:1098A0001C2018350AF12002A6E732467FE7294638
:1098B0003046019300F05CF8019B7EE7A968CAF886
:1098C0001010E968CAF81410242A03D010350AF1E0
:1098D00018026CE72A69CAF818206A69CAF81C20BD
:1098E00018350AF1200262E7C805002038B5074C98
:1098F0000023054608462360F8F7E4F8431C00D02F
:1099000038BD2368002BFBD02B6038BDA41100208C
:1099100010B502FB01F1FEF737FF0446D8B150F84D
:10992000042C22F00302043A242A18D8132A14D94A
:1099300000231B2A0360436016D9242A8360C36076
:1099400011BF00F110020361436100F1180200230E
:10995000136053609360204610BD0246F7E7002174
:10996000FBF760FD204610BD00F10802EFE700BFE5
:109970008842F0B50DD98B1898420AD28418002A73
:1099800051D0224613F8014D02F8014D9942F9D108
:10999000F0BD0F2A48D941EA00039B0746D100F1E8
:1099A000100401F11003154653F8106C44F8106CC4
:1099B00053F80C6C44F80C6C53F8086C44F8086CC1
:1099C000103D53F8046C44F8046C0F2D03F11003A0
:1099D00004F11004E8D8A2F1100323F00F0302F001
:1099E0000F0E1033BEF1030F1944034421D91E1F7B
:1099F0000D467446043C55F8047B46F8047F032C5E
:109A0000F8D8AEF1040424F00304043421442344C0
:109A100002F0030262B1013B0A4411F8014B03F862
:109A2000014F8A42F9D1F0BD0346F3E70346F2E75E
:109A3000F0BD7246EEE700BF2DE9F047C1F30A59C9
:109A4000A9F2FF36132E0B460D46044607468846FC
:109A5000824622DC002E4FDB3D4A42FA06F901EA3B
:109A6000090202431ED038A3D3E90023F6F784FB92
:109A700000220023F6F7C2FF50B1002D04DD4FF4A1
:109A8000801343FA06F6B04428EA09054FF0000AAD
:109A9000544629462046BDE8F087332E06DDB6F54C
:109AA000806F3DD019462046BDE8F087A9F21349E2
:109AB0004FF0FF3222FA09F910EA090FF2D022A37F
:109AC000D3E90023F6F758FB00220023F6F796FFB0
:109AD0000028DDD0002D09DD142E2FD00123C6F182
:109AE000340603FA06F6371928BF9844454627EA94
:109AF000090A54462946CDE713A3D3E90023F6F714
:109B00003BFB00220023F6F779FF0028C0D0002D90
:109B10000FDB55EA040709D04FF0000A0D4DB7E7F7
:109B200002460B46F6F728FB0446BCE7BA463D461C
:109B3000AEE74FF0000A4FF00045A9E705F1010834
:109B4000D4E700BFAFF300809C7500883CE4377E0B
:109B5000FFFF0F000000F03FC1F30A522DE9F84368
:109B6000A2F2FF36132E0B460D46044688460746E2
:109B70001DDC002E40DB3C4A42FA06F901EA0902EC
:109B80000243864618D036A3D3E90023F6F7F4FA49
:109B900000220023F6F732FF20B1002D42DB28EA35
:109BA000090500273C4629462046BDE8F883332EA8
:109BB00006DDB6F5806F2FD019462046BDE8F88344
:109BC000A2F213424FF0FF3929FA02F910EA090F05
:109BD000F2D023A3D3E90023F6F7CEFA0022002324
:109BE000F6F70CFF0028DDD0002D21DB454627EAE3
:109BF00009073C462946D7E719A3D3E90023F6F71E
:109C0000BBFA00220023F6F7F9FE0028CAD0002D87
:109C100019DB00273D46C5E702460B46F6F7ACFACE
:109C20000446CAE74FF4801343FA06F6B044B6E799
:109C3000142E10D00123C6F1340603FA06F63719A4
:109C400028BF9844D2E725F00042084B224318BFB2
:109C50001D460027A6E705F10108C7E7AFF300801E
:109C60009C7500883CE4377EFFFF0F000000F0BFCA
:109C7000F0B5C1F30A5EAEF2FF36132E83B0024692
:109C80000B460C464FEAD17507462EDC002E49DB09
:109C90003A49314103EA010010432BD049080B40F7
:109CA00053EA02070CD04FF48023132E24EA01015B
:109CB00043FA06F444EA01040CBF4FF000470027C2
:109CC0002F4B03EBC5052146D5E900453846224612
:109CD0002B46F6F751FACDE9000122462B46DDE985
:109CE0000001F6F747FA03B0F0BD332E06DDB6F5F6
:109CF000806F40D01046194603B0F0BDAEF2134E4F
:109D00004FF0FF3121FA0EF10842F3D04908084222
:109D1000D6D04FF0804320EA010143FA0EFE4EEA0E
:109D20000107CDE721F000410143E3D0C3F3130164
:109D3000134E0143C1F1000C06EBC506D6E90067DE
:109D40004CEA010C4FEA1C3C5C0C64040CF400234C
:109D500043EA040132463B46F6F70EFACDE900012C
:109D600032463B46DDE90001F6F704FA21F00044F3
:109D700044EAC571C0E7F6F7FFF9BDE7FFFF0F0042
:109D8000E0AA0008F8B5C1F30A56A6F2FF35132D74
:109D90000A460B46044611DC002D2EDB8E46204978
:109DA00029410A4225D04FF400232B41734423EA72
:109DB00001030026194634462046F8BD332D05DD43
:109DC000B5F5806F1FD011462046F8BDA6F21346A8
:109DD0004FF0FF3121FA06F63042F4D00122C5F1EE
:109DE000330502FA05F52D1828BF9B1825EA06064B
:109DF000E0E70028D7D11146E6E7013501F000433E
:109E000007D00026D6E702460B46F6F7B5F904461A
:109E1000D2E743F07F5343F440130026CAE700BF64
:109E2000FFFF0F00F8B500BFF8BC08BC9E467047A6
:0C9E3000F8B500BFF8BC08BC9E467047A7
:109E40000907050300010200841E0000093D00000F
:109E5000127A000024F4000048E8010090D00300CA
:109E600020A10700E8A400080100000087150008F1
:109E7000871500087D150008EAA4000801A5000860
:109E8000060000008D15000811160008871500084F
:109E900008A50008F5A500080400000087150008C3
:109EA000D516000887150008FAA500084EA6000878
:109EB0000400000087150008871500083117000806
:109EC00053A600087CA600080500000087150008BE
:109ED000871500084117000882A60008A8A60008F8
:109EE0000A00000087150008871500084B170008B6
:109EF000B3A600081BA400083EA3000822A4000883
:109F00002FA4000842A400087BA3000854A4000862
:109F10006DA400087DA400088DA40008A6A4000874
:109F2000C2A40008D6A40008000000000000F03F12
:109F30000000000000002440000000000000594024
:109F40000000000000408F40000000000088C34077
:109F500000000000006AF8400000000080842E41EC
:109F600000000000D01263410000000084D7974138
:109F70000000000065CDCD4103020100C0120000C9
:109F80001F000000A816000017000000841C00003D
:109F90000F000000E42500001E000000B42D0000AA
:109FA00016000000083900000E0000002C4C0000D4
:109FB0001D000000685B00001500000074720000C6
:109FC0000D000000589800001C00000034B700008D
:109FD00014000000E8E400000C00000078310100EB
:109FE0001B000000686E01001300000034CA01006D
:109FF0000B000000286202001A00000040DB020093
:10A00000120000003C9303000A000000C0C20400DC
:10A010001900000060B3050011000000382007009F
:10A020000900000020A1070000000000000000005F
:10A03000000000A0703D1F40000000608F422F40D4
:10A040000000000000403F400000000000404F4082
:10A050000000000000405F400000000000406F4032
:10A060000000000000407F400000000000000000F1
:10A07000000000400AD72440000000E07AD43440B9
:10A0800000000080C2D54440C194C100000000001F
:10A09000040506030A020901080000003D3B000810
:10A0A000A93B00088D3D0008C53B0008793E00082B
:10A0B000F93D000899400008B9420008073B000834
:10A0C00049440008D93B00082D3C0008353B0008F6
:10A0D000353E0008453C0008B13C0008C93B00087B
:10A0E000D53B0008D13B0008FD3C0008013D0008BD
:10A0F000653D0008BD3D0008053D00080D3F000816
:10A10000CD3E0008413C00081F1D1F1E1F1E1F1FC3
:10A110001E1F1E1F1F1C1F1E1F1E1F1F1E1F1E1F58
:10A12000415474656E74696F6E20636F6D6D616EFE
:10A130006420696E746572666163650D0A0041543E
:10A140003F20746F206C69737420616C6C206176A1
:10A1500061696C61626C652066756E6374696F6EAF
:10A16000730D0A004F6E52784572726F720D0A00BD
:10A170004F6E527854696D656F75740D0A004F6E9D
:10A180005278446F6E650D0A00526563763A0D0A87
:10A19000002530327820000D0A4461746120656E1C
:10A1A000640D0A72737369203D2025642064426D3A
:10A1B0002C20736E72203D2025642064420D0A001D
:10A1C00049646C652E2E2E0D0A0050696E20616C5C
:10A1D0007265616479206C6F772C2063616E6E6F9D
:10A1E0007420656E746572206465657020736C659B
:10A1F00065702E0D0A00656E746572206465657069
:10A20000736C6565702E2E2E0D0A006C6561766587
:10A210002064656570736C6565702E2E2E0D0A00C6
:10A220004352303A2030782530386C780D0A00439C
:10A2300052313A2030782530386C780D0A0053526C
:10A24000303A2030782530386C780D0A005352317E
:10A250003A2030782530386C780D0A004352323A73
:10A260002030782530386C780D0A004352333A207C
:10A2700030782530386C780D0A004352343A20305B
:10A28000782530386C780D0A004352353A20307802
:10A290002530386C780D0A004F6E5478446F6E6527
:10A2A0000D0A004F6E547854696D656F75740D0A10
:10A2B00000526563656976696E672E2E2E0D0A0061
:10A2C000313A20467265713D20256C7520487A0D23
:10A2D0000A00323A20506F7765723D20256C642069
:10A2E00064426D0D0A00333A2042616E64776964FE
:10A2F00074683D20256C7520283D256C7520487AB2
:10A30000290D0A00343A2053463D20256C75200D56
:10A310000A00353A2043523D20256C7520283D34F3
:10A320002F256C7529200D0A00363A204C4E41200D
:10A3300053746174653D20256C7520200D0A00372B
:10A340003A204C6F7744526F70745B3020746F20EA
:10A35000325D3D20256C75200D0A00256C753A256F
:10A360006C643A256C753A256C753A256C752F2509
:10A370006C753A256C753A256C75000D0A41545F71
:10A38000544553545F504152414D5F4F56455246DC
:10A390004C4F570D0A0041542B3C434D443E3F2047
:10A3A000202020202020203A2048656C70206F6EED
:10A3B000203C434D443E0D0A41542B3C434D443E0A
:10A3C0002020202020202020203A2052756E203C82
:10A3D000434D443E0D0A41542B3C434D443E3D3CCD
:10A3E00076616C75653E203A20536574207468650B
:10A3F0002076616C75650D0A41542B3C434D443EFB
:10A400003D3F202020202020203A204765742074E2
:10A4100068652076616C75650D0A000D0A4F4B0D5D
:10A420000A000D0A41545F4552524F520D0A000D69
:10A430000A41545F504152414D5F4552524F520DB7
:10A440000A000D0A41545F425553595F4552524F1D
:10A45000520D0A000D0A41545F4E4F5F4E4554574E
:10A460004F524B5F4A4F494E45440D0A000D0A4179
:10A47000545F52585F4552524F520D0A000D0A4127
:10A48000545F54585F4552524F520D0A000D0A4115
:10A49000545F4E4F5F434C4153535F425F454E41C3
:10A4A000424C450D0A000D0A41545F44555459432E
:10A4B00059434C455F524553545249435445440D0A
:10A4C0000A000D0A41545F43525950544F5F4552A0
:10A4D000524F520D0A000D0A6572726F7220756E2E
:10A4E0006B6E6F776E0D0A005A0041545A205472F9
:10A4F00069672061204D43552072657365740D0AAC
:10A50000002B43434F4E460041542B43434F4E468E
:10A510003D3C4672657120696E20487A3E3A3C5057
:10A520006F77657220696E2064426D3E3A3C4C6FD5
:10A5300072612042616E647769647468203C3020E7
:10A54000746F20363E3A3C4C6F72612053463E3A5F
:10A550003C436F64696E675261746520342F352CFB
:10A5600020342F362C20342F372C20342F383E3AED
:10A570000D0A202020202020202020202020202004
:10A5800020203C4C6E613E3A3C4C6F7744724F70D9
:10A590007420303A6F66662C20313A6F6E2C203270
:10A5A0003A4175746F3E3C43523E2E20436F6E66B7
:10A5B000696775726520637573746F6D20525820DA
:10A5C0006F7220545820666F72204C6F52610D0AD2
:10A5D00041542B43434F4E463D39313530303030B6
:10A5E00030303A32323A343A31323A342F353A3125
:10A5F0003A320D0A002B4354580041542B4354580F
:10A600003D3C5061636B6574206461746120696EC8
:10A6100020322D62797465207061646465642068FD
:10A6200065782C206E6F2073657061726174696F3C
:10A630006E3E3C43523E2E2053656E647320612073
:10A640004C6F5261207061636B65740D0A002B437F
:10A6500052580041542B4352583C43523E2E2053F3
:10A66000746172747320726563656976696E6720C0
:10A670004C6F526120646174610D0A002B434F4698
:10A68000460041542B434F46462E205475726E733C
:10A69000206F6666206F6E2D676F696E67204C6F46
:10A6A00052612052580D0A002B434C4F57504F57C0
:10A6B00045520041542B434C4F57504F5745522E53
:10A6C00020456E746572206C6F772D706F776572A0
:10A6D000206D6F64652E2057616B65732075702047
:10A6E0007468726F75676820696E746572727570D0
:10A6F00074206F76657220554152540D0A005761DF
:10A700006B652D75702066726F6D204750494F2024
:10A71000696E746572727570742E0D0A00666E69CA
:10A720002B00666E69006E616E00666E692D0028F2
:10A730006E756C6C290000003000002065256C648B
:10A74000000000000A0001000200030004000500F0
:10A7500006000700080009000A000B000C000D00AD
:10A760000E000F001000000043000000504F53493E
:10A77000580000002E0000006E660000696E6974CB
:10A7800079000000616E000035000000CEFBFFFF85
:10A79000CB030000010000000000000034000000B6
:10A7A000CEFBFFFFCB030000010000000000000013
:10A7B000BC89D897B2D29C3C33A7A8D523F6493997
:10A7C0003DA7F444FD0FA5329D978CCF08BA5B25B9
:10A7D000436FAC6428066811002020202020202030
:10A7E0002020282828282820202020202020202041
:10A7F0002020202020202020208810101010101051
:10A80000101010101010101010040404040404049C
:10A810000404041010101010101041414141414136
:10A820000101010101010101010101010101010118
:10A830000101010110101010101042424242424228
:10A8400002020202020202020202020202020202E8
:10A850000202020210101010200000000000000090
:10A8600000000000000000000000000000000000E8
:10A8700000000000000000000000000000000000D8
:10A8800000000000000000000000000000000000C8
:10A8900000000000000000000000000000000000B8
:10A8A00000000000000000000000000000000000A8
:10A8B0000000000000000000000000000000000098
:10A8C0000000000000000000000000000000000088
:10A8D0000000000000000000000000000000000078
:10A8E0000000000000000000000000000000000068
:10A8F0000000000000000000000000000000000058
:10A900000000000000000000000000001011121301
:10A91000141516171819000000000000001A1B1C5F
:10A920001D1E1F00000000000000000000000000CD
:10A93000000000000000000000000000001A1B1CC6
:10A940001D1E1F00000000000000000000000000AD
:10A9500000000000000000000000000000000000F7
:10A9600000000000000000000000000000000000E7
:10A9700000000000000000000000000000000000D7
:10A9800000000000000000000000000000000000C7
:10A9900000000000000000000000000000000000B7
:10A9A00000000000000000000000000000000000A7
:10A9B0000000000000000000000000000000000097
:10A9C0000000000000000000000000000000000087
:10A9D0000000000000000000000000000000000077
:10A9E0000080E03779C34143176E05B5B5B893468B
:10A9F000F5F93FE9034F384D321D30F94877825A57
:10AA00003CBF737FDD4F1575000000000000F03F74
:10AA10000000000000002440000000000000594039
:10AA20000000000000408F40000000000088C3408C
:10AA300000000000006AF8400000000080842E4101
:10AA400000000000D01263410000000084D797414D
:10AA50000000000065CDCD41000000205FA0024253
:10AA6000000000E876483742000000A2941A6D42C8
:10AA7000000040E59C30A2420000901EC4BCD642BB
:10AA800000003426F56B0C430080E03779C3414366
:10AA900000A0D8855734764300C84E676DC1AB43DC
:10AAA000003D9160E458E143408CB5781DAF1544FA
:10AAB00050EFE2D6E41A4B4492D54D06CFF08044D5
:10AAC000F64AE1C7022DB544B49DD9794378EA44EA
:10AAD00005000000190000007D00000000000000DB
:10AAE000000000000000304300000000000030C300
:08AAF0002860FF7F0100000057
:08AAF80021650008250100089A
:04AB00000101000847
:10AB0400C0CA893616000000050000000C000000D1
:10AB14000100000001000000020000000B00000022
:10AB240000F00140FF0000000100000030000020A0
:10AB3400000000001C03002084030020EC0300201C
:10AB44000000000000000000000000000000000001
:10AB540000000000000000000000000000000000F1
:10AB640000000000000000000000000000000000E1
:10AB740000000000000000000000000000000000D1
:10AB840000000000000000000000000000000000C1
:10AB940000000000000000000000000000000000B1
:10ABA40000000000000000000000000000000000A1
:10ABB4000000000000000000000000000000000091
:10ABC4000000000000000000000000000000000081
:10ABD4000000000000000000010000000000000070
:10ABE4000E33CDAB34126DE6ECDE05000B00000035
:10ABF4000000000000000000000000000000000051
:10AC04000000000000000000000000000000000040
:10AC14000000000000000000000000000000000030
:10AC24000000000000000000000000000000000020
:10AC34000000000000000000000000000000000010
:10AC44000000000000000000000000000000000000
:10AC540000000000000000000000000000000000F0
:10AC640000000000000000000000000000000000E0
:10AC740000000000000000000000000000000000D0
:10AC840000000000000000000000000000000000C0
:10AC940000000000000000000000000000000000B0
:10ACA40000000000000000000000000000000000A0
:10ACB4000000000000000000000000000000000090
:10ACC4000000000000000000000000000000000080
:10ACD4000000000000000000000000000000000070
:10ACE4000000000000000000000000000000000060
:10ACF4000000000000000000000000000000000050
:10AD0400000000000000000000000000000000003F
:10AD1400000000000000000000000000000000002F
:10AD2400000000000000000000000000000000001F
:10AD3400000000000000000000000000000000000F
:10AD440000000000000000000000000000000000FF
:10AD540000000000000000000000000000000000EF
:10AD640000000000000000000000000000000000DF
:10AD740000000000000000000000000000000000CF
:10AD840000000000000000000000000000000000BF
:10AD940000000000000000000000000000000000AF
:10ADA400000000000000000000000000000000009F
:10ADB400000000000000000000000000000000008F
:10ADC400000000000000000000000000000000007F
:10ADD400000000000000000000000000000000006F
:10ADE400000000000000000000000000000000005F
:10ADF400000000000000000000000000000000004F
:10AE0400000000000000000000000000000000003E
:10AE1400000000000000000000000000000000002E
:10AE2400000000000000000000000000000000001E
:10AE3400000000000000000000000000000000000E
:10AE440000000000000000000000000000000000FE
:10AE540000000000000000000000000000000000EE
:10AE640000000000000000000000000000000000DE
:10AE740000000000000000000000000000000000CE
:10AE840000000000000000000000000000000000BE
:10AE940000000000000000000000000000000000AE
:10AEA400000000000000000000000000000000009E
:10AEB400000000000000000000000000000000008E
:10AEC400000000000000000000000000000000007E
:10AED400000000000000000000000000000000006E
:10AEE400000000000000000000000000000000005E
:10AEF400000000000000000000000000000000004E
:10AF0400000000000000000000000000000000003D
:10AF1400000000000000000000000000000000002D
:10AF2400000000000000000000000000000000001D
:10AF3400000000000000000000000000000000000D
:10AF440000000000000000000000000000000000FD
:10AF540000000000000000008011002043000000F9
:10AF640000000000000000000000000000000000DD
:10AF7400000000000000000000000000430000008A
:10AF840000000000000000000000000000000000BD
:10AF9400000000000000000000000000430000006A
:10AFA400000000000000000000000000000000009D
:10AFB400000000000000000000000000430000004A
:10AFC400000000000000000000000000000000007D
:10AFD400000000000000000000000000430000002A
:10AFE400000000000000000000000000000000005D
:10AFF400000000000000000000000000430000000A
:10B00400000000000000000000000000000000003C
:10B0140000000000000000000000000043000000E9
:10B02400000000000000000000000000000000001C
:10B03400000000000000000000000000D97C0008AF
:10B044005566000800000000D8A7000874A700088F
:10B0540040A7000840A7000840A7000840A7000830
:10B0640040A7000840A7000840A7000840A7000820
:10B0740040A70008FFFFFFFFFFFFFFFFFFFFFFFFE9
:10B08400FFFF000001004153434949000000000054
:10B0940000000000000000000000000000000000AC
:10B0A4000000000000004153434949000000000033
:10B0B400000000000000000000000000000000008C
:10B0C400000000000000000000000000000000007C
:10B0D400C8050020C8050020D0050020D0050020A8
:10B0E400D8050020D8050020E0050020E005002058
:10B0F400E8050020E8050020F0050020F005002008
:10B10400F8050020F80500200006002000060020B5
:10B114000806002008060020100600201006002063
:10B124001806002018060020200600202006002013
:10B1340028060020280600203006002030060020C3
:10B144003806002038060020400600204006002073
:10B154004806002048060020500600205006002023
:10B1640058060020580600206006002060060020D3
:10B174006806002068060020700600207006002083
:10B184007806002078060020800600208006002033
:10B1940088060020880600209006002090060020E3
:10B1A4009806002098060020A0060020A006002093
:10B1B400A8060020A8060020B0060020B006002043
:10B1C400B8060020B8060020C0060020C0060020F3
:10B1D400C8060020C8060020D0060020D0060020A3
:10B1E400D8060020D8060020E0060020E006002053
:10B1F400E8060020E8060020F0060020F006002003
:10B20400F8060020F80600200007002000070020B0
:10B21400080700200807002010070020100700205E
:10B22400180700201807002020070020200700200E
:10B2340028070020280700203007002030070020BE
:10B24400380700203807002040070020400700206E
:10B25400480700204807002050070020500700201E
:10B2640058070020580700206007002060070020CE
:10B27400680700206807002070070020700700207E
:10B28400780700207807002080070020800700202E
:10B2940088070020880700209007002090070020DE
:10B2A4009807002098070020A0070020A00700208E
:10B2B400A8070020A8070020B0070020B00700203E
:10B2C400B8070020B8070020C0070020C0070020EE
:10B2D400C8070020C8070020D0070020D00700209E
:10B2E400D8070020D8070020E0070020E00700204E
:10B2F400E8070020E8070020F0070020F0070020FE
:10B30400F8070020F80700200008002000080020AB
:10B314000808002008080020100800201008002059
:10B324001808002018080020200800202008002009
:10B3340028080020280800203008002030080020B9
:10B344003808002038080020400800204008002069
:10B354004808002048080020500800205008002019
:10B3640058080020580800206008002060080020C9
:10B374006808002068080020700800207008002079
:10B384007808002078080020800800208008002029
:10B3940088080020880800209008002090080020D9
:10B3A4009808002098080020A0080020A008002089
:10B3B400A8080020A8080020B0080020B008002039
:10B3C400B8080020B8080020C0080020C0080020E9
:10B3D400C8080020C8080020D0080020D008002099
:10B3E400D8080020D8080020E0080020E008002049
:10B3F400E8080020E8080020F0080020F0080020F9
:10B40400F8080020F80800200009002000090020A6
:10B414000809002008090020100900201009002054
:10B424001809002018090020200900202009002004
:10B4340028090020280900203009002030090020B4
:10B444003809002038090020400900204009002064
:10B454004809002048090020500900205009002014
:10B4640058090020580900206009002060090020C4
:10B474006809002068090020700900207009002074
:10B484007809002078090020800900208009002024
:10B4940088090020880900209009002090090020D4
:10B4A4009809002098090020A0090020A009002084
:10B4B400A8090020A8090020B0090020B009002034
:10B4C400B8090020B8090020C0090020C0090020E4
:08B4D400FFFFFFFF0000020072
:040000050800537D1F
:00000001FF
