#
# There is insufficient memory for the Java Runtime Environment to continue.
# Native memory allocation (malloc) failed to allocate 1048576 bytes. Error detail: AllocateHeap
# Possible reasons:
#   The system is out of physical RAM or swap space
#   This process is running with CompressedOops enabled, and the Java Heap may be blocking the growth of the native heap
# Possible solutions:
#   Reduce memory load on the system
#   Increase physical memory or swap space
#   Check if swap backing store is full
#   Decrease Java heap size (-Xmx/-Xms)
#   Decrease number of Java threads
#   Decrease Java thread stack sizes (-Xss)
#   Set larger code cache with -XX:ReservedCodeCacheSize=
#   JVM is running with Unscaled Compressed Oops mode in which the Java heap is
#     placed in the first 4GB address space. The Java Heap base address is the
#     maximum limit for the native heap growth. Please use -XX:HeapBaseMinAddress
#     to set the Java Heap base and to place the Java Heap above 4GB virtual address.
# This output file may be truncated or incomplete.
#
#  Out of Memory Error (allocation.cpp:44), pid=23132, tid=23952
#
# JRE version: OpenJDK Runtime Environment Temurin-17.0.11+9 (17.0.11+9) (build 17.0.11+9)
# Java VM: OpenJDK 64-Bit Server VM Temurin-17.0.11+9 (17.0.11+9, mixed mode, tiered, compressed oops, compressed class ptrs, g1 gc, windows-amd64)
# No core dump will be written. Minidumps are not enabled by default on client versions of Windows
#

---------------  S U M M A R Y ------------

Command Line: -Dosgi.requiredJavaVersion=1.8 -Dosgi.instance.area.default=@user.home/STM32CubeIDE/workspace_1.16.1 -Declipse.buildId=Version 1.16.1 -DproductMaturityGrade=mm -Djdk.http.auth.tunneling.disabledSchemes= -XX:+UseG1GC -XX:+UseStringDeduplication -Xms256m -Xmx1024m -Djavax.net.ssl.trustStoreType=WINDOWS-ROOT 

Host: AMD Ryzen 9 5900HX with Radeon Graphics        , 16 cores, 31G,  Windows 11 , 64 bit Build 26100 (10.0.26100.2454)
Time: Sat Dec 14 14:59:22 2024 Hora de verano de Nueva Zelanda elapsed time: 51125.717440 seconds (0d 14h 12m 5s)

---------------  T H R E A D  ---------------

Current thread (0x0000023efc371e70):  VMThread "VM Thread" [stack: 0x000000d300100000,0x000000d300200000] [id=23952]

Stack: [0x000000d300100000,0x000000d300200000]
Native frames: (J=compiled Java code, j=interpreted, Vv=VM code, C=native code)
V  [jvm.dll+0x67d429]
V  [jvm.dll+0x834b7a]
V  [jvm.dll+0x83663e]
V  [jvm.dll+0x836ca3]
V  [jvm.dll+0x247dbf]
V  [jvm.dll+0xa6cb3]
V  [jvm.dll+0x2f8ad3]
V  [jvm.dll+0x2f4750]
V  [jvm.dll+0x2dcf67]
V  [jvm.dll+0x31fb67]
V  [jvm.dll+0x83b19b]
V  [jvm.dll+0x83bed2]
V  [jvm.dll+0x83c3ed]
V  [jvm.dll+0x83c7c4]
V  [jvm.dll+0x83c890]
V  [jvm.dll+0x7e410a]
V  [jvm.dll+0x67c315]
C  [ucrtbase.dll+0x14ea0]
C  [KERNEL32.DLL+0x2e8d7]
C  [ntdll.dll+0xdfbcc]

VM_Operation (0x000000d304ffedb0): G1CollectFull, mode: safepoint, requested by thread 0x0000023e8acbe8e0


---------------  P R O C E S S  ---------------

Threads class SMR info:
_java_thread_list=0x0000023e956c4f00, length=78, elements={
0x0000023edf261d40, 0x0000023efc396250, 0x0000023efc39b6b0, 0x0000023efc3e6830,
0x0000023efc3e8950, 0x0000023efc3ed410, 0x0000023efc3ebb80, 0x0000023efc3d4550,
0x0000023efc422e70, 0x0000023efc425f30, 0x0000023efc2fa100, 0x0000023efc5b1b70,
0x0000023efe8321e0, 0x0000023e841a0d80, 0x0000023e84427850, 0x0000023eff465f60,
0x0000023efe970780, 0x0000023efe970c90, 0x0000023efe9725e0, 0x0000023efe973510,
0x0000023efe973000, 0x0000023e85c57060, 0x0000023e85c57570, 0x0000023e85c593d0,
0x0000023e85c5e4d0, 0x0000023e85c5d090, 0x0000023e8acbac20, 0x0000023e8acbe3d0,
0x0000023e8acbe8e0, 0x0000023e8acbf810, 0x0000023e8cc6eec0, 0x0000023e87ebf050,
0x0000023e87c2d460, 0x0000023e8ce0a290, 0x0000023e8ce0acb0, 0x0000023eabba94e0,
0x0000023e87ebd700, 0x0000023e87507160, 0x0000023e87cfd8a0, 0x0000023e8c355ec0,
0x0000023e87c2cf50, 0x0000023e8c356df0, 0x0000023efcd69b10, 0x0000023efcd6af50,
0x0000023e8ca1b570, 0x0000023e9691b8f0, 0x0000023eabba8fd0, 0x0000023eabba9f00,
0x0000023e8e260f10, 0x0000023e87d00120, 0x0000023e87cfddb0, 0x0000023e9691b3e0,
0x0000023efcd6b460, 0x0000023efcd6a530, 0x0000023e96bcd630, 0x0000023e8acbd9b0,
0x0000023e8acbc570, 0x0000023e8b491e20, 0x0000023e8acbedf0, 0x0000023e9d19fcf0,
0x0000023efcd9c510, 0x0000023efedb58f0, 0x0000023e8acba710, 0x0000023e970cec30,
0x0000023e8ca1b060, 0x0000023e87cfc970, 0x0000023e8acbb640, 0x0000023e8b492330,
0x0000023e96bcd120, 0x0000023efcd6aa40, 0x0000023e8e260a00, 0x0000023efcf4c050,
0x0000023e8c63c7f0, 0x0000023e8c63e140, 0x0000023eaaa2af80, 0x0000023e8c63cd00,
0x0000023e96bcdb40, 0x0000023e8acbca80
}

Java Threads: ( => current thread )
  0x0000023edf261d40 JavaThread "main" [_thread_in_native, id=35556, stack(0x000000d37f420000,0x000000d37f520000)]
  0x0000023efc396250 JavaThread "Reference Handler" daemon [_thread_blocked, id=28844, stack(0x000000d300200000,0x000000d300300000)]
  0x0000023efc39b6b0 JavaThread "Finalizer" daemon [_thread_blocked, id=32608, stack(0x000000d300300000,0x000000d300400000)]
  0x0000023efc3e6830 JavaThread "Signal Dispatcher" daemon [_thread_blocked, id=21696, stack(0x000000d300400000,0x000000d300500000)]
  0x0000023efc3e8950 JavaThread "Attach Listener" daemon [_thread_blocked, id=13612, stack(0x000000d300500000,0x000000d300600000)]
  0x0000023efc3ed410 JavaThread "Service Thread" daemon [_thread_blocked, id=29288, stack(0x000000d300600000,0x000000d300700000)]
  0x0000023efc3ebb80 JavaThread "Monitor Deflation Thread" daemon [_thread_blocked, id=12368, stack(0x000000d300700000,0x000000d300800000)]
  0x0000023efc3d4550 JavaThread "C2 CompilerThread0" daemon [_thread_blocked, id=6068, stack(0x000000d300800000,0x000000d300900000)]
  0x0000023efc422e70 JavaThread "C1 CompilerThread0" daemon [_thread_blocked, id=33028, stack(0x000000d300900000,0x000000d300a00000)]
  0x0000023efc425f30 JavaThread "Sweeper thread" daemon [_thread_blocked, id=14164, stack(0x000000d300a00000,0x000000d300b00000)]
  0x0000023efc2fa100 JavaThread "Notification Thread" daemon [_thread_blocked, id=10764, stack(0x000000d300c00000,0x000000d300d00000)]
  0x0000023efc5b1b70 JavaThread "Common-Cleaner" daemon [_thread_blocked, id=32628, stack(0x000000d300e00000,0x000000d300f00000)]
  0x0000023efe8321e0 JavaThread "Active Thread: Equinox Container: b1244161-4bee-48ee-8105-64c13c1ed07d" [_thread_blocked, id=4920, stack(0x000000d302800000,0x000000d302900000)]
  0x0000023e841a0d80 JavaThread "Framework Event Dispatcher: Equinox Container: b1244161-4bee-48ee-8105-64c13c1ed07d" daemon [_thread_blocked, id=22540, stack(0x000000d302900000,0x000000d302a00000)]
  0x0000023e84427850 JavaThread "Start Level: Equinox Container: b1244161-4bee-48ee-8105-64c13c1ed07d" daemon [_thread_blocked, id=20684, stack(0x000000d302a00000,0x000000d302b00000)]
  0x0000023eff465f60 JavaThread "SCR Component Actor" daemon [_thread_blocked, id=24248, stack(0x000000d302b00000,0x000000d302c00000)]
  0x0000023efe970780 JavaThread "EMF Reference Cleaner" daemon [_thread_blocked, id=12360, stack(0x000000d301600000,0x000000d301700000)]
  0x0000023efe970c90 JavaThread "Worker-JM" [_thread_blocked, id=35536, stack(0x000000d303000000,0x000000d303100000)]
  0x0000023efe9725e0 JavaThread "Gogo shell" [_thread_blocked, id=24728, stack(0x000000d303100000,0x000000d303200000)]
  0x0000023efe973510 JavaThread "Bundle File Closer" daemon [_thread_blocked, id=10628, stack(0x000000d303400000,0x000000d303500000)]
  0x0000023efe973000 JavaThread "JNA Cleaner" daemon [_thread_blocked, id=32464, stack(0x000000d302d00000,0x000000d302e00000)]
  0x0000023e85c57060 JavaThread "EventAdmin Async Event Dispatcher Thread" daemon [_thread_blocked, id=5972, stack(0x000000d301000000,0x000000d301100000)]
  0x0000023e85c57570 JavaThread "pool-3-thread-1" [_thread_blocked, id=26724, stack(0x000000d301200000,0x000000d301300000)]
  0x0000023e85c593d0 JavaThread "pool-4-thread-1" [_thread_blocked, id=5328, stack(0x000000d301300000,0x000000d301400000)]
  0x0000023e85c5e4d0 JavaThread "Java2D Disposer" daemon [_thread_blocked, id=6688, stack(0x000000d304a00000,0x000000d304b00000)]
  0x0000023e85c5d090 JavaThread "AWT-Windows" daemon [_thread_in_native, id=6004, stack(0x000000d304c00000,0x000000d304d00000)]
  0x0000023e8acbac20 JavaThread "RMI TCP Accept-41337" daemon [_thread_in_native, id=8448, stack(0x000000d304d00000,0x000000d304e00000)]
  0x0000023e8acbe3d0 JavaThread "RMI Reaper" [_thread_blocked, id=31636, stack(0x000000d304e00000,0x000000d304f00000)]
  0x0000023e8acbe8e0 JavaThread "RMI GC Daemon" daemon [_thread_blocked, id=25856, stack(0x000000d304f00000,0x000000d305000000)]
  0x0000023e8acbf810 JavaThread "org.eclipse.jface.text.reconciler.MonoReconciler" daemon [_thread_blocked, id=17240, stack(0x000000d304b00000,0x000000d304c00000)]
  0x0000023e8cc6eec0 JavaThread "TimerQueue" daemon [_thread_blocked, id=13572, stack(0x000000d303700000,0x000000d303800000)]
  0x0000023e87ebf050 JavaThread "AWT-Shutdown" [_thread_blocked, id=7692, stack(0x000000d305400000,0x000000d305500000)]
  0x0000023e87c2d460 JavaThread "AWT-EventQueue-0" [_thread_blocked, id=29100, stack(0x000000d306f00000,0x000000d307000000)]
  0x0000023e8ce0a290 JavaThread "IPC Server Thread" daemon [_thread_in_native, id=34888, stack(0x000000d304700000,0x000000d304800000)]
  0x0000023e8ce0acb0 JavaThread "Chromium Process Thread" [_thread_in_native, id=25224, stack(0x000000d305300000,0x000000d305400000)]
  0x0000023eabba94e0 JavaThread "Chromium Process Logger" daemon [_thread_in_native, id=23640, stack(0x000000d307400000,0x000000d307500000)]
  0x0000023e87ebd700 JavaThread "IPC Memory Reader Thread" [_thread_in_native, id=25448, stack(0x000000d307600000,0x000000d307700000)]
  0x0000023e87507160 JavaThread "Browser Thread: de23ed73-7c2e-45cd-8b53-1a9f8a008ce3" daemon [_thread_blocked, id=5292, stack(0x000000d307700000,0x000000d307800000)]
  0x0000023e87cfd8a0 JavaThread "Socket Connection Checker: de23ed73-7c2e-45cd-8b53-1a9f8a008ce3" [_thread_in_native, id=14132, stack(0x000000d300f00000,0x000000d301000000)]
  0x0000023e8c355ec0 JavaThread "GPU Thread: 9ee2bc1a-bfff-483b-a05c-af6042299b46" daemon [_thread_blocked, id=24440, stack(0x000000d304600000,0x000000d304700000)]
  0x0000023e87c2cf50 JavaThread "IPC Memory Reader Thread" [_thread_in_native, id=12096, stack(0x000000d304500000,0x000000d304600000)]
  0x0000023e8c356df0 JavaThread "Socket Connection Checker: 9ee2bc1a-bfff-483b-a05c-af6042299b46" [_thread_in_native, id=13680, stack(0x000000d307800000,0x000000d307900000)]
  0x0000023efcd69b10 JavaThread "Render Thread: 5b19b097-0d8b-461b-8219-7a21f49abc8c" daemon [_thread_blocked, id=13812, stack(0x000000d307a00000,0x000000d307b00000)]
  0x0000023efcd6af50 JavaThread "Socket Connection Checker: 5b19b097-0d8b-461b-8219-7a21f49abc8c" [_thread_in_native, id=9076, stack(0x000000d307b00000,0x000000d307c00000)]
  0x0000023e8ca1b570 JavaThread "IPC Memory Reader Thread" [_thread_in_native, id=3388, stack(0x000000d307900000,0x000000d307a00000)]
  0x0000023e9691b8f0 JavaThread "Serial Ports Filter" daemon [_thread_blocked, id=28824, stack(0x000000d307100000,0x000000d307200000)]
  0x0000023eabba8fd0 JavaThread "Render Thread: ae333940-97e5-4e24-bbfc-04539625e9d9" daemon [_thread_blocked, id=20888, stack(0x000000d308200000,0x000000d308300000)]
  0x0000023eabba9f00 JavaThread "Socket Connection Checker: ae333940-97e5-4e24-bbfc-04539625e9d9" [_thread_in_native, id=25672, stack(0x000000d308300000,0x000000d308400000)]
  0x0000023e8e260f10 JavaThread "IPC Memory Reader Thread" [_thread_in_native, id=7452, stack(0x000000d308100000,0x000000d308200000)]
  0x0000023e87d00120 JavaThread "HttpClient-1-SelectorManager" daemon [_thread_in_native, id=28624, stack(0x000000d308700000,0x000000d308800000)]
  0x0000023e87cfddb0 JavaThread "Provisioning Event Dispatcher" daemon [_thread_blocked, id=22800, stack(0x000000d308a00000,0x000000d308b00000)]
  0x0000023e9691b3e0 JavaThread "pool-5-thread-1" [_thread_blocked, id=28428, stack(0x000000d305100000,0x000000d305200000)]
  0x0000023efcd6b460 JavaThread "org.eclipse.cdt.internal.ui.text.CReconciler" daemon [_thread_blocked, id=3792, stack(0x000000d303900000,0x000000d303a00000)]
  0x0000023efcd6a530 JavaThread "org.eclipse.cdt.internal.ui.text.CReconciler" daemon [_thread_blocked, id=23700, stack(0x000000d303800000,0x000000d303900000)]
  0x0000023e96bcd630 JavaThread "org.eclipse.cdt.internal.ui.text.CReconciler" daemon [_thread_blocked, id=31136, stack(0x000000d303a00000,0x000000d303b00000)]
  0x0000023e8acbd9b0 JavaThread "org.eclipse.cdt.internal.ui.text.CReconciler" daemon [_thread_blocked, id=676, stack(0x000000d303b00000,0x000000d303c00000)]
  0x0000023e8acbc570 JavaThread "org.eclipse.cdt.internal.ui.text.CReconciler" daemon [_thread_blocked, id=32632, stack(0x000000d303c00000,0x000000d303d00000)]
  0x0000023e8b491e20 JavaThread "org.eclipse.cdt.internal.ui.text.CReconciler" daemon [_thread_blocked, id=20368, stack(0x000000d300b00000,0x000000d300c00000)]
  0x0000023e8acbedf0 JavaThread "org.eclipse.jface.text.reconciler.MonoReconciler" daemon [_thread_blocked, id=23560, stack(0x000000d304800000,0x000000d304900000)]
  0x0000023e9d19fcf0 JavaThread "org.eclipse.cdt.internal.ui.text.CReconciler" daemon [_thread_blocked, id=5984, stack(0x000000d303500000,0x000000d303600000)]
  0x0000023efcd9c510 JavaThread "org.eclipse.cdt.internal.ui.text.CReconciler" daemon [_thread_blocked, id=6148, stack(0x000000d303f00000,0x000000d304000000)]
  0x0000023efedb58f0 JavaThread "org.eclipse.cdt.internal.ui.text.CReconciler" daemon [_thread_blocked, id=29144, stack(0x000000d304200000,0x000000d304300000)]
  0x0000023e8acba710 JavaThread "org.eclipse.cdt.internal.ui.text.CReconciler" daemon [_thread_blocked, id=31360, stack(0x000000d303600000,0x000000d303700000)]
  0x0000023e970cec30 JavaThread "org.eclipse.cdt.internal.ui.text.CReconciler" daemon [_thread_blocked, id=8464, stack(0x000000d305200000,0x000000d305300000)]
  0x0000023e8ca1b060 JavaThread "org.eclipse.cdt.internal.ui.text.CReconciler" daemon [_thread_blocked, id=22092, stack(0x000000d301400000,0x000000d301500000)]
  0x0000023e87cfc970 JavaThread "org.eclipse.cdt.internal.ui.text.CReconciler" daemon [_thread_blocked, id=5084, stack(0x000000d305700000,0x000000d305800000)]
  0x0000023e8acbb640 JavaThread "org.eclipse.cdt.internal.ui.text.CReconciler" daemon [_thread_blocked, id=29700, stack(0x000000d307200000,0x000000d307300000)]
  0x0000023e8b492330 JavaThread "org.eclipse.cdt.internal.ui.text.CReconciler" daemon [_thread_blocked, id=21016, stack(0x000000d307c00000,0x000000d307d00000)]
  0x0000023e96bcd120 JavaThread "org.eclipse.cdt.internal.ui.text.CReconciler" daemon [_thread_blocked, id=27932, stack(0x000000d304100000,0x000000d304200000)]
  0x0000023efcd6aa40 JavaThread "org.eclipse.cdt.internal.ui.text.CReconciler" daemon [_thread_blocked, id=4412, stack(0x000000d307e00000,0x000000d307f00000)]
  0x0000023e8e260a00 JavaThread "SwingWorker-pool-8-thread-1" daemon [_thread_blocked, id=37044, stack(0x000000d309000000,0x000000d309100000)]
  0x0000023efcf4c050 JavaThread "D3D Screen Updater" daemon [_thread_blocked, id=37168, stack(0x000000d309100000,0x000000d309200000)]
  0x0000023e8c63c7f0 JavaThread "Browser Widget Thread" [_thread_blocked, id=4724, stack(0x000000d309200000,0x000000d309300000)]
  0x0000023e8c63e140 JavaThread "SwingWorker-pool-8-thread-2" daemon [_thread_blocked, id=23784, stack(0x000000d308400000,0x000000d308500000)]
  0x0000023eaaa2af80 JavaThread "SwingWorker-pool-8-thread-3" daemon [_thread_blocked, id=5924, stack(0x000000d307d00000,0x000000d307e00000)]
  0x0000023e8c63cd00 JavaThread "SwingWorker-pool-8-thread-4" daemon [_thread_blocked, id=37188, stack(0x000000d308900000,0x000000d308a00000)]
  0x0000023e96bcdb40 JavaThread "Worker-218" [_thread_blocked, id=31900, stack(0x000000d307000000,0x000000d307100000)]
  0x0000023e8acbca80 JavaThread "Worker-220" [_thread_blocked, id=29808, stack(0x000000d303300000,0x000000d303400000)]

Other Threads:
=>0x0000023efc371e70 VMThread "VM Thread" [stack: 0x000000d300100000,0x000000d300200000] [id=23952]
  0x0000023efc5a98c0 WatcherThread [stack: 0x000000d300d00000,0x000000d300e00000] [id=30028]
  0x0000023edf2a0520 GCTaskThread "GC Thread#0" [stack: 0x000000d37fb00000,0x000000d37fc00000] [id=35616]
  0x0000023eff274980 GCTaskThread "GC Thread#1" [stack: 0x000000d301700000,0x000000d301800000] [id=8276]
  0x0000023eff274c40 GCTaskThread "GC Thread#2" [stack: 0x000000d301800000,0x000000d301900000] [id=30032]
  0x0000023efea2c0f0 GCTaskThread "GC Thread#3" [stack: 0x000000d301900000,0x000000d301a00000] [id=3148]
  0x0000023efea2c3b0 GCTaskThread "GC Thread#4" [stack: 0x000000d301a00000,0x000000d301b00000] [id=16152]
  0x0000023efe99b560 GCTaskThread "GC Thread#5" [stack: 0x000000d301b00000,0x000000d301c00000] [id=25444]
  0x0000023efea7c8a0 GCTaskThread "GC Thread#6" [stack: 0x000000d301c00000,0x000000d301d00000] [id=20208]
  0x0000023efeceac10 GCTaskThread "GC Thread#7" [stack: 0x000000d301d00000,0x000000d301e00000] [id=30540]
  0x0000023efe838e00 GCTaskThread "GC Thread#8" [stack: 0x000000d301e00000,0x000000d301f00000] [id=30576]
  0x0000023eff129300 GCTaskThread "GC Thread#9" [stack: 0x000000d301f00000,0x000000d302000000] [id=30224]
  0x0000023efeb467a0 GCTaskThread "GC Thread#10" [stack: 0x000000d302000000,0x000000d302100000] [id=23920]
  0x0000023efeb46e70 GCTaskThread "GC Thread#11" [stack: 0x000000d302100000,0x000000d302200000] [id=16164]
  0x0000023efec55590 GCTaskThread "GC Thread#12" [stack: 0x000000d302200000,0x000000d302300000] [id=23548]
  0x0000023edf2a94d0 ConcurrentGCThread "G1 Main Marker" [stack: 0x000000d37fc00000,0x000000d37fd00000] [id=34840]
  0x0000023edf2ac380 ConcurrentGCThread "G1 Conc#0" [stack: 0x000000d37fd00000,0x000000d37fe00000] [id=24128]
  0x0000023efec55b10 ConcurrentGCThread "G1 Conc#1" [stack: 0x000000d302e00000,0x000000d302f00000] [id=30344]
  0x0000023efec56350 ConcurrentGCThread "G1 Conc#2" [stack: 0x000000d302f00000,0x000000d303000000] [id=28944]
  0x0000023edf30d400 ConcurrentGCThread "G1 Refine#0" [stack: 0x000000d37fe00000,0x000000d37ff00000] [id=34624]
  0x0000023efef45540 ConcurrentGCThread "G1 Refine#1" [stack: 0x000000d302300000,0x000000d302400000] [id=24124]
  0x0000023efeacb930 ConcurrentGCThread "G1 Refine#2" [stack: 0x000000d302400000,0x000000d302500000] [id=34652]
  0x0000023efe99bc30 ConcurrentGCThread "G1 Refine#3" [stack: 0x000000d302500000,0x000000d302600000] [id=32988]
  0x0000023efec56a50 ConcurrentGCThread "G1 Refine#4" [stack: 0x000000d302600000,0x000000d302700000] [id=28128]
  0x0000023efc94f8a0 ConcurrentGCThread "G1 Refine#5" [stack: 0x000000d302700000,0x000000d302800000] [id=19052]
  0x0000023e8b2be920 ConcurrentGCThread "G1 Refine#6" [stack: 0x000000d302c00000,0x000000d302d00000] [id=26128]
  0x0000023e8b2bec10 ConcurrentGCThread "G1 Refine#7" [stack: 0x000000d304900000,0x000000d304a00000] [id=20336]
  0x0000023edf30dae0 ConcurrentGCThread "G1 Service" [stack: 0x000000d37ff00000,0x000000d380000000] [id=2824]
  0x0000023efc3140b0 ConcurrentGCThread "StringDedupProcessor" [stack: 0x000000d300000000,0x000000d300100000] [id=23936]

Threads with active compile tasks:

VM state: at safepoint (normal execution)

VM Mutex/Monitor currently owned by a thread:  ([mutex/lock_event])
[0x0000023edcbaa140] Threads_lock - owner thread: 0x0000023efc371e70
[0x0000023edf25fa60] Heap_lock - owner thread: 0x0000023e8acbe8e0

Heap address: 0x00000000c0000000, size: 1024 MB, Compressed Oops mode: 32-bit

CDS archive(s) not mapped
Compressed class space mapped at: 0x0000000100000000-0x0000000140000000, reserved size: 1073741824
Narrow klass base: 0x0000000000000000, Narrow klass shift: 3, Narrow klass range: 0x140000000

GC Precious Log:
 CPUs: 16 total, 16 available
 Memory: 32158M
 Large Page Support: Disabled
 NUMA Support: Disabled
 Compressed Oops: Enabled (32-bit)
 Heap Region Size: 1M
 Heap Min Capacity: 256M
 Heap Initial Capacity: 256M
 Heap Max Capacity: 1G
 Pre-touch: Disabled
 Parallel Workers: 13
 Concurrent Workers: 3
 Concurrent Refinement Workers: 13
 Periodic GC: Disabled
 String Deduplication is enabled

Heap:
 garbage-first heap   total 1048576K, used 719297K [0x00000000c0000000, 0x0000000100000000)
  region size 1024K, 89 young (91136K), 10 survivors (10240K)
 Metaspace       used 208201K, committed 211392K, reserved 1245184K
  class space    used 23318K, committed 24768K, reserved 1048576K

Heap Regions: E=young(eden), S=young(survivor), O=old, HS=humongous(starts), HC=humongous(continues), CS=collection set, F=free, OA=open archive, CA=closed archive, TAMS=top-at-mark-start (previous, next)
|   0|0x00000000c0000000, 0x00000000c0100000, 0x00000000c0100000|100%| O|  |TAMS 0x00000000c0100000, 0x00000000c0000000| Untracked 
|   1|0x00000000c0100000, 0x00000000c0200000, 0x00000000c0200000|100%| O|  |TAMS 0x00000000c0200000, 0x00000000c0100000| Untracked 
|   2|0x00000000c0200000, 0x00000000c0300000, 0x00000000c0300000|100%| O|  |TAMS 0x00000000c0300000, 0x00000000c0200000| Untracked 
|   3|0x00000000c0300000, 0x00000000c0400000, 0x00000000c0400000|100%| O|  |TAMS 0x00000000c0400000, 0x00000000c0300000| Untracked 
|   4|0x00000000c0400000, 0x00000000c0500000, 0x00000000c0500000|100%| O|  |TAMS 0x00000000c0500000, 0x00000000c0400000| Untracked 
|   5|0x00000000c0500000, 0x00000000c05ffff0, 0x00000000c0600000| 99%| O|  |TAMS 0x00000000c05ffff0, 0x00000000c0500000| Untracked 
|   6|0x00000000c0600000, 0x00000000c06ff3d8, 0x00000000c0700000| 99%| O|  |TAMS 0x00000000c06ff3d8, 0x00000000c0600000| Untracked 
|   7|0x00000000c0700000, 0x00000000c0800000, 0x00000000c0800000|100%| O|  |TAMS 0x00000000c0800000, 0x00000000c0700000| Untracked 
|   8|0x00000000c0800000, 0x00000000c08ffff8, 0x00000000c0900000| 99%| O|  |TAMS 0x00000000c08ffff8, 0x00000000c0800000| Untracked 
|   9|0x00000000c0900000, 0x00000000c09fed98, 0x00000000c0a00000| 99%| O|  |TAMS 0x00000000c09fed98, 0x00000000c0900000| Untracked 
|  10|0x00000000c0a00000, 0x00000000c0affff8, 0x00000000c0b00000| 99%| O|  |TAMS 0x00000000c0affff8, 0x00000000c0a00000| Untracked 
|  11|0x00000000c0b00000, 0x00000000c0bfffe8, 0x00000000c0c00000| 99%| O|  |TAMS 0x00000000c0bfffe8, 0x00000000c0b00000| Untracked 
|  12|0x00000000c0c00000, 0x00000000c0cffff8, 0x00000000c0d00000| 99%| O|  |TAMS 0x00000000c0cffff8, 0x00000000c0c00000| Untracked 
|  13|0x00000000c0d00000, 0x00000000c0df8b20, 0x00000000c0e00000| 97%| O|  |TAMS 0x00000000c0df8b20, 0x00000000c0d00000| Untracked 
|  14|0x00000000c0e00000, 0x00000000c0effff8, 0x00000000c0f00000| 99%| O|  |TAMS 0x00000000c0effff8, 0x00000000c0e00000| Untracked 
|  15|0x00000000c0f00000, 0x00000000c0fffff8, 0x00000000c1000000| 99%| O|  |TAMS 0x00000000c0fffff8, 0x00000000c0f00000| Untracked 
|  16|0x00000000c1000000, 0x00000000c10fffd8, 0x00000000c1100000| 99%| O|  |TAMS 0x00000000c10fffd8, 0x00000000c1000000| Untracked 
|  17|0x00000000c1100000, 0x00000000c11ffff8, 0x00000000c1200000| 99%| O|  |TAMS 0x00000000c11ffff8, 0x00000000c1100000| Untracked 
|  18|0x00000000c1200000, 0x00000000c12fffc0, 0x00000000c1300000| 99%| O|  |TAMS 0x00000000c12fffc0, 0x00000000c1200000| Untracked 
|  19|0x00000000c1300000, 0x00000000c13fffe0, 0x00000000c1400000| 99%| O|  |TAMS 0x00000000c13fffe0, 0x00000000c1300000| Untracked 
|  20|0x00000000c1400000, 0x00000000c1500000, 0x00000000c1500000|100%| O|  |TAMS 0x00000000c1500000, 0x00000000c1400000| Untracked 
|  21|0x00000000c1500000, 0x00000000c15ffff8, 0x00000000c1600000| 99%| O|  |TAMS 0x00000000c15ffff8, 0x00000000c1500000| Untracked 
|  22|0x00000000c1600000, 0x00000000c1700000, 0x00000000c1700000|100%|HS|  |TAMS 0x00000000c1700000, 0x00000000c1600000| Complete 
|  23|0x00000000c1700000, 0x00000000c1800000, 0x00000000c1800000|100%|HC|  |TAMS 0x00000000c1800000, 0x00000000c1700000| Complete 
|  24|0x00000000c1800000, 0x00000000c1900000, 0x00000000c1900000|100%|HC|  |TAMS 0x00000000c1900000, 0x00000000c1800000| Complete 
|  25|0x00000000c1900000, 0x00000000c1a00000, 0x00000000c1a00000|100%|HC|  |TAMS 0x00000000c1a00000, 0x00000000c1900000| Complete 
|  26|0x00000000c1a00000, 0x00000000c1b00000, 0x00000000c1b00000|100%|HC|  |TAMS 0x00000000c1b00000, 0x00000000c1a00000| Complete 
|  27|0x00000000c1b00000, 0x00000000c1c00000, 0x00000000c1c00000|100%|HC|  |TAMS 0x00000000c1c00000, 0x00000000c1b00000| Complete 
|  28|0x00000000c1c00000, 0x00000000c1d00000, 0x00000000c1d00000|100%|HS|  |TAMS 0x00000000c1d00000, 0x00000000c1c00000| Complete 
|  29|0x00000000c1d00000, 0x00000000c1dffbd8, 0x00000000c1e00000| 99%| O|  |TAMS 0x00000000c1dffbd8, 0x00000000c1d00000| Untracked 
|  30|0x00000000c1e00000, 0x00000000c1efffd0, 0x00000000c1f00000| 99%| O|  |TAMS 0x00000000c1efffd0, 0x00000000c1e00000| Untracked 
|  31|0x00000000c1f00000, 0x00000000c2000000, 0x00000000c2000000|100%| O|  |TAMS 0x00000000c2000000, 0x00000000c1f00000| Untracked 
|  32|0x00000000c2000000, 0x00000000c20fffd8, 0x00000000c2100000| 99%| O|  |TAMS 0x00000000c20fffd8, 0x00000000c2000000| Untracked 
|  33|0x00000000c2100000, 0x00000000c21ffff0, 0x00000000c2200000| 99%| O|  |TAMS 0x00000000c21ffff0, 0x00000000c2100000| Untracked 
|  34|0x00000000c2200000, 0x00000000c2300000, 0x00000000c2300000|100%| O|  |TAMS 0x00000000c2300000, 0x00000000c2200000| Untracked 
|  35|0x00000000c2300000, 0x00000000c23fffe8, 0x00000000c2400000| 99%| O|  |TAMS 0x00000000c23fffe8, 0x00000000c2300000| Untracked 
|  36|0x00000000c2400000, 0x00000000c24ffff8, 0x00000000c2500000| 99%| O|  |TAMS 0x00000000c24ffff8, 0x00000000c2400000| Untracked 
|  37|0x00000000c2500000, 0x00000000c2600000, 0x00000000c2600000|100%|HS|  |TAMS 0x00000000c2600000, 0x00000000c2500000| Untracked 
|  38|0x00000000c2600000, 0x00000000c2700000, 0x00000000c2700000|100%|HS|  |TAMS 0x00000000c2700000, 0x00000000c2600000| Complete 
|  39|0x00000000c2700000, 0x00000000c2800000, 0x00000000c2800000|100%| O|  |TAMS 0x00000000c2800000, 0x00000000c2700000| Untracked 
|  40|0x00000000c2800000, 0x00000000c2900000, 0x00000000c2900000|100%| O|  |TAMS 0x00000000c2900000, 0x00000000c2800000| Untracked 
|  41|0x00000000c2900000, 0x00000000c29ffff0, 0x00000000c2a00000| 99%| O|  |TAMS 0x00000000c29ffff0, 0x00000000c2900000| Untracked 
|  42|0x00000000c2a00000, 0x00000000c2affff8, 0x00000000c2b00000| 99%| O|  |TAMS 0x00000000c2affff8, 0x00000000c2a00000| Untracked 
|  43|0x00000000c2b00000, 0x00000000c2bfffe0, 0x00000000c2c00000| 99%| O|  |TAMS 0x00000000c2bfffe0, 0x00000000c2b00000| Untracked 
|  44|0x00000000c2c00000, 0x00000000c2d00000, 0x00000000c2d00000|100%| O|  |TAMS 0x00000000c2d00000, 0x00000000c2c00000| Untracked 
|  45|0x00000000c2d00000, 0x00000000c2df4578, 0x00000000c2e00000| 95%| O|  |TAMS 0x00000000c2df4578, 0x00000000c2d00000| Untracked 
|  46|0x00000000c2e00000, 0x00000000c2eff7c8, 0x00000000c2f00000| 99%| O|  |TAMS 0x00000000c2eff7c8, 0x00000000c2e00000| Untracked 
|  47|0x00000000c2f00000, 0x00000000c2ffffe8, 0x00000000c3000000| 99%| O|  |TAMS 0x00000000c2ffffe8, 0x00000000c2f00000| Untracked 
|  48|0x00000000c3000000, 0x00000000c30ffff0, 0x00000000c3100000| 99%| O|  |TAMS 0x00000000c30ffff0, 0x00000000c3000000| Untracked 
|  49|0x00000000c3100000, 0x00000000c31ff310, 0x00000000c3200000| 99%| O|  |TAMS 0x00000000c31ff310, 0x00000000c3100000| Untracked 
|  50|0x00000000c3200000, 0x00000000c32f68d0, 0x00000000c3300000| 96%| O|  |TAMS 0x00000000c32f68d0, 0x00000000c3200000| Untracked 
|  51|0x00000000c3300000, 0x00000000c3400000, 0x00000000c3400000|100%| O|  |TAMS 0x00000000c3400000, 0x00000000c3300000| Untracked 
|  52|0x00000000c3400000, 0x00000000c34fffe8, 0x00000000c3500000| 99%| O|  |TAMS 0x00000000c34fffe8, 0x00000000c3400000| Untracked 
|  53|0x00000000c3500000, 0x00000000c35ffff0, 0x00000000c3600000| 99%| O|  |TAMS 0x00000000c35ffff0, 0x00000000c3500000| Untracked 
|  54|0x00000000c3600000, 0x00000000c3700000, 0x00000000c3700000|100%| O|  |TAMS 0x00000000c3700000, 0x00000000c3600000| Untracked 
|  55|0x00000000c3700000, 0x00000000c3800000, 0x00000000c3800000|100%|HS|  |TAMS 0x00000000c3800000, 0x00000000c3700000| Complete 
|  56|0x00000000c3800000, 0x00000000c38fffe0, 0x00000000c3900000| 99%| O|  |TAMS 0x00000000c38fffe0, 0x00000000c3800000| Untracked 
|  57|0x00000000c3900000, 0x00000000c39fffe8, 0x00000000c3a00000| 99%| O|  |TAMS 0x00000000c39fffe8, 0x00000000c3900000| Untracked 
|  58|0x00000000c3a00000, 0x00000000c3affff8, 0x00000000c3b00000| 99%| O|  |TAMS 0x00000000c3affff8, 0x00000000c3a00000| Untracked 
|  59|0x00000000c3b00000, 0x00000000c3c00000, 0x00000000c3c00000|100%| O|  |TAMS 0x00000000c3c00000, 0x00000000c3b00000| Untracked 
|  60|0x00000000c3c00000, 0x00000000c3cffcd0, 0x00000000c3d00000| 99%| O|  |TAMS 0x00000000c3cffcd0, 0x00000000c3c00000| Untracked 
|  61|0x00000000c3d00000, 0x00000000c3dffff0, 0x00000000c3e00000| 99%| O|  |TAMS 0x00000000c3dffff0, 0x00000000c3d00000| Untracked 
|  62|0x00000000c3e00000, 0x00000000c3f00000, 0x00000000c3f00000|100%| O|  |TAMS 0x00000000c3f00000, 0x00000000c3e00000| Untracked 
|  63|0x00000000c3f00000, 0x00000000c3ffffe8, 0x00000000c4000000| 99%| O|  |TAMS 0x00000000c3ffffe8, 0x00000000c3f00000| Untracked 
|  64|0x00000000c4000000, 0x00000000c40ffbb8, 0x00000000c4100000| 99%| O|  |TAMS 0x00000000c40ffbb8, 0x00000000c4000000| Untracked 
|  65|0x00000000c4100000, 0x00000000c4200000, 0x00000000c4200000|100%| O|  |TAMS 0x00000000c4200000, 0x00000000c4100000| Untracked 
|  66|0x00000000c4200000, 0x00000000c42ff618, 0x00000000c4300000| 99%| O|  |TAMS 0x00000000c42ff618, 0x00000000c4200000| Untracked 
|  67|0x00000000c4300000, 0x00000000c4400000, 0x00000000c4400000|100%| O|  |TAMS 0x00000000c4400000, 0x00000000c4300000| Untracked 
|  68|0x00000000c4400000, 0x00000000c4500000, 0x00000000c4500000|100%| O|  |TAMS 0x00000000c4500000, 0x00000000c4400000| Untracked 
|  69|0x00000000c4500000, 0x00000000c4600000, 0x00000000c4600000|100%| O|  |TAMS 0x00000000c4600000, 0x00000000c4500000| Untracked 
|  70|0x00000000c4600000, 0x00000000c46ffff8, 0x00000000c4700000| 99%| O|  |TAMS 0x00000000c46ffff8, 0x00000000c4600000| Untracked 
|  71|0x00000000c4700000, 0x00000000c47ff8b8, 0x00000000c4800000| 99%| O|  |TAMS 0x00000000c47ff8b8, 0x00000000c4700000| Untracked 
|  72|0x00000000c4800000, 0x00000000c48ffef8, 0x00000000c4900000| 99%| O|  |TAMS 0x00000000c48ffef8, 0x00000000c4800000| Untracked 
|  73|0x00000000c4900000, 0x00000000c4a00000, 0x00000000c4a00000|100%| O|  |TAMS 0x00000000c4a00000, 0x00000000c4900000| Untracked 
|  74|0x00000000c4a00000, 0x00000000c4afffe8, 0x00000000c4b00000| 99%| O|  |TAMS 0x00000000c4afffe8, 0x00000000c4a00000| Untracked 
|  75|0x00000000c4b00000, 0x00000000c4c00000, 0x00000000c4c00000|100%| O|  |TAMS 0x00000000c4c00000, 0x00000000c4b00000| Untracked 
|  76|0x00000000c4c00000, 0x00000000c4d00000, 0x00000000c4d00000|100%|HS|  |TAMS 0x00000000c4d00000, 0x00000000c4c00000| Complete 
|  77|0x00000000c4d00000, 0x00000000c4dffff8, 0x00000000c4e00000| 99%| O|  |TAMS 0x00000000c4dffff8, 0x00000000c4d00000| Untracked 
|  78|0x00000000c4e00000, 0x00000000c4efffe0, 0x00000000c4f00000| 99%| O|  |TAMS 0x00000000c4efffe0, 0x00000000c4e00000| Untracked 
|  79|0x00000000c4f00000, 0x00000000c4fffff0, 0x00000000c5000000| 99%| O|  |TAMS 0x00000000c4fffff0, 0x00000000c4f00000| Untracked 
|  80|0x00000000c5000000, 0x00000000c50ffff0, 0x00000000c5100000| 99%| O|  |TAMS 0x00000000c50ffff0, 0x00000000c5000000| Untracked 
|  81|0x00000000c5100000, 0x00000000c5200000, 0x00000000c5200000|100%| O|  |TAMS 0x00000000c5200000, 0x00000000c5100000| Untracked 
|  82|0x00000000c5200000, 0x00000000c52ffcc8, 0x00000000c5300000| 99%| O|  |TAMS 0x00000000c52ffcc8, 0x00000000c5200000| Untracked 
|  83|0x00000000c5300000, 0x00000000c53fd3a8, 0x00000000c5400000| 98%| O|  |TAMS 0x00000000c53fd3a8, 0x00000000c5300000| Untracked 
|  84|0x00000000c5400000, 0x00000000c54ffff8, 0x00000000c5500000| 99%| O|  |TAMS 0x00000000c54ffff8, 0x00000000c5400000| Untracked 
|  85|0x00000000c5500000, 0x00000000c5600000, 0x00000000c5600000|100%|HS|  |TAMS 0x00000000c5600000, 0x00000000c5500000| Complete 
|  86|0x00000000c5600000, 0x00000000c5700000, 0x00000000c5700000|100%| O|  |TAMS 0x00000000c5700000, 0x00000000c5600000| Untracked 
|  87|0x00000000c5700000, 0x00000000c57fff90, 0x00000000c5800000| 99%| O|  |TAMS 0x00000000c57fff90, 0x00000000c5700000| Untracked 
|  88|0x00000000c5800000, 0x00000000c5900000, 0x00000000c5900000|100%|HS|  |TAMS 0x00000000c5900000, 0x00000000c5800000| Complete 
|  89|0x00000000c5900000, 0x00000000c5a00000, 0x00000000c5a00000|100%|HC|  |TAMS 0x00000000c5a00000, 0x00000000c5900000| Complete 
|  90|0x00000000c5a00000, 0x00000000c5b00000, 0x00000000c5b00000|100%|HC|  |TAMS 0x00000000c5b00000, 0x00000000c5a00000| Complete 
|  91|0x00000000c5b00000, 0x00000000c5bfffe0, 0x00000000c5c00000| 99%| O|  |TAMS 0x00000000c5bfffe0, 0x00000000c5b00000| Untracked 
|  92|0x00000000c5c00000, 0x00000000c5cfc260, 0x00000000c5d00000| 98%| O|  |TAMS 0x00000000c5cfc260, 0x00000000c5c00000| Untracked 
|  93|0x00000000c5d00000, 0x00000000c5e00000, 0x00000000c5e00000|100%|HS|  |TAMS 0x00000000c5e00000, 0x00000000c5d00000| Complete 
|  94|0x00000000c5e00000, 0x00000000c5f00000, 0x00000000c5f00000|100%|HS|  |TAMS 0x00000000c5f00000, 0x00000000c5e00000| Complete 
|  95|0x00000000c5f00000, 0x00000000c6000000, 0x00000000c6000000|100%|HS|  |TAMS 0x00000000c6000000, 0x00000000c5f00000| Complete 
|  96|0x00000000c6000000, 0x00000000c6100000, 0x00000000c6100000|100%|HS|  |TAMS 0x00000000c6100000, 0x00000000c6000000| Complete 
|  97|0x00000000c6100000, 0x00000000c61fe578, 0x00000000c6200000| 99%| O|  |TAMS 0x00000000c61fe578, 0x00000000c6100000| Untracked 
|  98|0x00000000c6200000, 0x00000000c62ffff0, 0x00000000c6300000| 99%| O|  |TAMS 0x00000000c62ffff0, 0x00000000c6200000| Untracked 
|  99|0x00000000c6300000, 0x00000000c63ffff0, 0x00000000c6400000| 99%| O|  |TAMS 0x00000000c63ffff0, 0x00000000c6300000| Untracked 
| 100|0x00000000c6400000, 0x00000000c6500000, 0x00000000c6500000|100%|HS|  |TAMS 0x00000000c6500000, 0x00000000c6400000| Complete 
| 101|0x00000000c6500000, 0x00000000c6600000, 0x00000000c6600000|100%|HS|  |TAMS 0x00000000c6600000, 0x00000000c6500000| Complete 
| 102|0x00000000c6600000, 0x00000000c66ffe50, 0x00000000c6700000| 99%| O|  |TAMS 0x00000000c66ffe50, 0x00000000c6600000| Untracked 
| 103|0x00000000c6700000, 0x00000000c6800000, 0x00000000c6800000|100%|HS|  |TAMS 0x00000000c6800000, 0x00000000c6700000| Complete 
| 104|0x00000000c6800000, 0x00000000c6900000, 0x00000000c6900000|100%|HC|  |TAMS 0x00000000c6900000, 0x00000000c6800000| Complete 
| 105|0x00000000c6900000, 0x00000000c6a00000, 0x00000000c6a00000|100%|HS|  |TAMS 0x00000000c6a00000, 0x00000000c6900000| Complete 
| 106|0x00000000c6a00000, 0x00000000c6b00000, 0x00000000c6b00000|100%|HS|  |TAMS 0x00000000c6b00000, 0x00000000c6a00000| Complete 
| 107|0x00000000c6b00000, 0x00000000c6c00000, 0x00000000c6c00000|100%| O|  |TAMS 0x00000000c6c00000, 0x00000000c6b00000| Untracked 
| 108|0x00000000c6c00000, 0x00000000c6cffff8, 0x00000000c6d00000| 99%| O|  |TAMS 0x00000000c6cffff8, 0x00000000c6c00000| Untracked 
| 109|0x00000000c6d00000, 0x00000000c6e00000, 0x00000000c6e00000|100%| O|  |TAMS 0x00000000c6e00000, 0x00000000c6d00000| Untracked 
| 110|0x00000000c6e00000, 0x00000000c6f00000, 0x00000000c6f00000|100%| O|  |TAMS 0x00000000c6f00000, 0x00000000c6e00000| Untracked 
| 111|0x00000000c6f00000, 0x00000000c6fffff8, 0x00000000c7000000| 99%| O|  |TAMS 0x00000000c6fffff8, 0x00000000c6f00000| Untracked 
| 112|0x00000000c7000000, 0x00000000c7100000, 0x00000000c7100000|100%|HS|  |TAMS 0x00000000c7100000, 0x00000000c7000000| Complete 
| 113|0x00000000c7100000, 0x00000000c7200000, 0x00000000c7200000|100%| O|  |TAMS 0x00000000c7200000, 0x00000000c7100000| Untracked 
| 114|0x00000000c7200000, 0x00000000c7300000, 0x00000000c7300000|100%|HS|  |TAMS 0x00000000c7300000, 0x00000000c7200000| Complete 
| 115|0x00000000c7300000, 0x00000000c7400000, 0x00000000c7400000|100%| O|  |TAMS 0x00000000c7400000, 0x00000000c7300000| Untracked 
| 116|0x00000000c7400000, 0x00000000c7500000, 0x00000000c7500000|100%|HS|  |TAMS 0x00000000c7500000, 0x00000000c7400000| Complete 
| 117|0x00000000c7500000, 0x00000000c7600000, 0x00000000c7600000|100%|HS|  |TAMS 0x00000000c7600000, 0x00000000c7500000| Complete 
| 118|0x00000000c7600000, 0x00000000c7700000, 0x00000000c7700000|100%|HS|  |TAMS 0x00000000c7700000, 0x00000000c7600000| Complete 
| 119|0x00000000c7700000, 0x00000000c7800000, 0x00000000c7800000|100%| O|  |TAMS 0x00000000c7800000, 0x00000000c7700000| Untracked 
| 120|0x00000000c7800000, 0x00000000c78fffd8, 0x00000000c7900000| 99%| O|  |TAMS 0x00000000c78fffd8, 0x00000000c7800000| Untracked 
| 121|0x00000000c7900000, 0x00000000c79ffff0, 0x00000000c7a00000| 99%| O|  |TAMS 0x00000000c79ffff0, 0x00000000c7900000| Untracked 
| 122|0x00000000c7a00000, 0x00000000c7affff8, 0x00000000c7b00000| 99%| O|  |TAMS 0x00000000c7affff8, 0x00000000c7a00000| Untracked 
| 123|0x00000000c7b00000, 0x00000000c7c00000, 0x00000000c7c00000|100%|HS|  |TAMS 0x00000000c7c00000, 0x00000000c7b00000| Complete 
| 124|0x00000000c7c00000, 0x00000000c7d00000, 0x00000000c7d00000|100%|HS|  |TAMS 0x00000000c7d00000, 0x00000000c7c00000| Complete 
| 125|0x00000000c7d00000, 0x00000000c7e00000, 0x00000000c7e00000|100%|HC|  |TAMS 0x00000000c7e00000, 0x00000000c7d00000| Complete 
| 126|0x00000000c7e00000, 0x00000000c7f00000, 0x00000000c7f00000|100%|HC|  |TAMS 0x00000000c7f00000, 0x00000000c7e00000| Complete 
| 127|0x00000000c7f00000, 0x00000000c8000000, 0x00000000c8000000|100%|HS|  |TAMS 0x00000000c8000000, 0x00000000c7f00000| Complete 
| 128|0x00000000c8000000, 0x00000000c8100000, 0x00000000c8100000|100%|HC|  |TAMS 0x00000000c8100000, 0x00000000c8000000| Complete 
| 129|0x00000000c8100000, 0x00000000c8200000, 0x00000000c8200000|100%|HC|  |TAMS 0x00000000c8200000, 0x00000000c8100000| Complete 
| 130|0x00000000c8200000, 0x00000000c8300000, 0x00000000c8300000|100%|HS|  |TAMS 0x00000000c8300000, 0x00000000c8200000| Complete 
| 131|0x00000000c8300000, 0x00000000c8400000, 0x00000000c8400000|100%|HC|  |TAMS 0x00000000c8400000, 0x00000000c8300000| Complete 
| 132|0x00000000c8400000, 0x00000000c8500000, 0x00000000c8500000|100%|HC|  |TAMS 0x00000000c8500000, 0x00000000c8400000| Complete 
| 133|0x00000000c8500000, 0x00000000c8600000, 0x00000000c8600000|100%|HS|  |TAMS 0x00000000c8600000, 0x00000000c8500000| Complete 
| 134|0x00000000c8600000, 0x00000000c8700000, 0x00000000c8700000|100%|HC|  |TAMS 0x00000000c8700000, 0x00000000c8600000| Complete 
| 135|0x00000000c8700000, 0x00000000c8800000, 0x00000000c8800000|100%|HC|  |TAMS 0x00000000c8800000, 0x00000000c8700000| Complete 
| 136|0x00000000c8800000, 0x00000000c8900000, 0x00000000c8900000|100%| O|  |TAMS 0x00000000c8900000, 0x00000000c8800000| Untracked 
| 137|0x00000000c8900000, 0x00000000c89ffff0, 0x00000000c8a00000| 99%| O|  |TAMS 0x00000000c89ffff0, 0x00000000c8900000| Untracked 
| 138|0x00000000c8a00000, 0x00000000c8afffe8, 0x00000000c8b00000| 99%| O|  |TAMS 0x00000000c8afffe8, 0x00000000c8a00000| Untracked 
| 139|0x00000000c8b00000, 0x00000000c8bffdd0, 0x00000000c8c00000| 99%| O|  |TAMS 0x00000000c8bffdd0, 0x00000000c8b00000| Untracked 
| 140|0x00000000c8c00000, 0x00000000c8d00000, 0x00000000c8d00000|100%| O|  |TAMS 0x00000000c8d00000, 0x00000000c8c00000| Untracked 
| 141|0x00000000c8d00000, 0x00000000c8e00000, 0x00000000c8e00000|100%| O|  |TAMS 0x00000000c8e00000, 0x00000000c8d00000| Untracked 
| 142|0x00000000c8e00000, 0x00000000c8effff8, 0x00000000c8f00000| 99%| O|  |TAMS 0x00000000c8effff8, 0x00000000c8e00000| Untracked 
| 143|0x00000000c8f00000, 0x00000000c8ffffe8, 0x00000000c9000000| 99%| O|  |TAMS 0x00000000c8ffffe8, 0x00000000c8f00000| Untracked 
| 144|0x00000000c9000000, 0x00000000c9100000, 0x00000000c9100000|100%| O|  |TAMS 0x00000000c9100000, 0x00000000c9000000| Untracked 
| 145|0x00000000c9100000, 0x00000000c91ffff8, 0x00000000c9200000| 99%| O|  |TAMS 0x00000000c91ffff8, 0x00000000c9100000| Untracked 
| 146|0x00000000c9200000, 0x00000000c9300000, 0x00000000c9300000|100%| O|  |TAMS 0x00000000c9300000, 0x00000000c9200000| Untracked 
| 147|0x00000000c9300000, 0x00000000c93ffff8, 0x00000000c9400000| 99%| O|  |TAMS 0x00000000c93ffff8, 0x00000000c9300000| Untracked 
| 148|0x00000000c9400000, 0x00000000c94fb1b8, 0x00000000c9500000| 98%| O|  |TAMS 0x00000000c94fb1b8, 0x00000000c9400000| Untracked 
| 149|0x00000000c9500000, 0x00000000c9600000, 0x00000000c9600000|100%| O|  |TAMS 0x00000000c9600000, 0x00000000c9500000| Untracked 
| 150|0x00000000c9600000, 0x00000000c96fffc8, 0x00000000c9700000| 99%| O|  |TAMS 0x00000000c96fffc8, 0x00000000c9600000| Untracked 
| 151|0x00000000c9700000, 0x00000000c97ffff8, 0x00000000c9800000| 99%| O|  |TAMS 0x00000000c97ffff8, 0x00000000c9700000| Untracked 
| 152|0x00000000c9800000, 0x00000000c98ffff8, 0x00000000c9900000| 99%| O|  |TAMS 0x00000000c98ffff8, 0x00000000c9800000| Untracked 
| 153|0x00000000c9900000, 0x00000000c99ffff8, 0x00000000c9a00000| 99%| O|  |TAMS 0x00000000c99ffff8, 0x00000000c9900000| Untracked 
| 154|0x00000000c9a00000, 0x00000000c9b00000, 0x00000000c9b00000|100%| O|  |TAMS 0x00000000c9b00000, 0x00000000c9a00000| Untracked 
| 155|0x00000000c9b00000, 0x00000000c9bfffc8, 0x00000000c9c00000| 99%| O|  |TAMS 0x00000000c9bfffc8, 0x00000000c9b00000| Untracked 
| 156|0x00000000c9c00000, 0x00000000c9d00000, 0x00000000c9d00000|100%| O|  |TAMS 0x00000000c9d00000, 0x00000000c9c00000| Untracked 
| 157|0x00000000c9d00000, 0x00000000c9e00000, 0x00000000c9e00000|100%| O|  |TAMS 0x00000000c9e00000, 0x00000000c9d00000| Untracked 
| 158|0x00000000c9e00000, 0x00000000c9efffe8, 0x00000000c9f00000| 99%| O|  |TAMS 0x00000000c9efffe8, 0x00000000c9e00000| Untracked 
| 159|0x00000000c9f00000, 0x00000000c9fffff0, 0x00000000ca000000| 99%| O|  |TAMS 0x00000000c9fffff0, 0x00000000c9f00000| Untracked 
| 160|0x00000000ca000000, 0x00000000ca100000, 0x00000000ca100000|100%| O|  |TAMS 0x00000000ca100000, 0x00000000ca000000| Untracked 
| 161|0x00000000ca100000, 0x00000000ca1ffff8, 0x00000000ca200000| 99%| O|  |TAMS 0x00000000ca1ffff8, 0x00000000ca100000| Untracked 
| 162|0x00000000ca200000, 0x00000000ca2ffff0, 0x00000000ca300000| 99%| O|  |TAMS 0x00000000ca2ffff0, 0x00000000ca200000| Untracked 
| 163|0x00000000ca300000, 0x00000000ca400000, 0x00000000ca400000|100%| O|  |TAMS 0x00000000ca400000, 0x00000000ca300000| Untracked 
| 164|0x00000000ca400000, 0x00000000ca4ffff8, 0x00000000ca500000| 99%| O|  |TAMS 0x00000000ca4ffff8, 0x00000000ca400000| Untracked 
| 165|0x00000000ca500000, 0x00000000ca600000, 0x00000000ca600000|100%| O|  |TAMS 0x00000000ca600000, 0x00000000ca500000| Untracked 
| 166|0x00000000ca600000, 0x00000000ca700000, 0x00000000ca700000|100%| O|  |TAMS 0x00000000ca700000, 0x00000000ca600000| Untracked 
| 167|0x00000000ca700000, 0x00000000ca800000, 0x00000000ca800000|100%| O|  |TAMS 0x00000000ca800000, 0x00000000ca700000| Untracked 
| 168|0x00000000ca800000, 0x00000000ca900000, 0x00000000ca900000|100%| O|  |TAMS 0x00000000ca900000, 0x00000000ca800000| Untracked 
| 169|0x00000000ca900000, 0x00000000caa00000, 0x00000000caa00000|100%| O|  |TAMS 0x00000000caa00000, 0x00000000ca900000| Untracked 
| 170|0x00000000caa00000, 0x00000000cab00000, 0x00000000cab00000|100%| O|  |TAMS 0x00000000cab00000, 0x00000000caa00000| Untracked 
| 171|0x00000000cab00000, 0x00000000cac00000, 0x00000000cac00000|100%| O|  |TAMS 0x00000000cac00000, 0x00000000cab00000| Untracked 
| 172|0x00000000cac00000, 0x00000000cad00000, 0x00000000cad00000|100%| O|  |TAMS 0x00000000cad00000, 0x00000000cac00000| Untracked 
| 173|0x00000000cad00000, 0x00000000cae00000, 0x00000000cae00000|100%| O|  |TAMS 0x00000000cae00000, 0x00000000cad00000| Untracked 
| 174|0x00000000cae00000, 0x00000000caf00000, 0x00000000caf00000|100%| O|  |TAMS 0x00000000caf00000, 0x00000000cae00000| Untracked 
| 175|0x00000000caf00000, 0x00000000cb000000, 0x00000000cb000000|100%| O|  |TAMS 0x00000000cb000000, 0x00000000caf00000| Untracked 
| 176|0x00000000cb000000, 0x00000000cb100000, 0x00000000cb100000|100%| O|  |TAMS 0x00000000cb100000, 0x00000000cb000000| Untracked 
| 177|0x00000000cb100000, 0x00000000cb1ffff8, 0x00000000cb200000| 99%| O|  |TAMS 0x00000000cb1ffff8, 0x00000000cb100000| Untracked 
| 178|0x00000000cb200000, 0x00000000cb2ffff0, 0x00000000cb300000| 99%| O|  |TAMS 0x00000000cb2ffff0, 0x00000000cb200000| Untracked 
| 179|0x00000000cb300000, 0x00000000cb400000, 0x00000000cb400000|100%| O|  |TAMS 0x00000000cb400000, 0x00000000cb300000| Untracked 
| 180|0x00000000cb400000, 0x00000000cb500000, 0x00000000cb500000|100%| O|  |TAMS 0x00000000cb500000, 0x00000000cb400000| Untracked 
| 181|0x00000000cb500000, 0x00000000cb600000, 0x00000000cb600000|100%| O|  |TAMS 0x00000000cb600000, 0x00000000cb500000| Untracked 
| 182|0x00000000cb600000, 0x00000000cb700000, 0x00000000cb700000|100%| O|  |TAMS 0x00000000cb700000, 0x00000000cb600000| Untracked 
| 183|0x00000000cb700000, 0x00000000cb800000, 0x00000000cb800000|100%|HS|  |TAMS 0x00000000cb800000, 0x00000000cb700000| Complete 
| 184|0x00000000cb800000, 0x00000000cb8ffff8, 0x00000000cb900000| 99%| O|  |TAMS 0x00000000cb8ffff8, 0x00000000cb800000| Untracked 
| 185|0x00000000cb900000, 0x00000000cba00000, 0x00000000cba00000|100%| O|  |TAMS 0x00000000cba00000, 0x00000000cb900000| Untracked 
| 186|0x00000000cba00000, 0x00000000cbaffff8, 0x00000000cbb00000| 99%| O|  |TAMS 0x00000000cbaffff8, 0x00000000cba00000| Untracked 
| 187|0x00000000cbb00000, 0x00000000cbbffff8, 0x00000000cbc00000| 99%| O|  |TAMS 0x00000000cbbffff8, 0x00000000cbb00000| Untracked 
| 188|0x00000000cbc00000, 0x00000000cbd00000, 0x00000000cbd00000|100%| O|  |TAMS 0x00000000cbd00000, 0x00000000cbc00000| Untracked 
| 189|0x00000000cbd00000, 0x00000000cbdfffe8, 0x00000000cbe00000| 99%| O|  |TAMS 0x00000000cbdfffe8, 0x00000000cbd00000| Untracked 
| 190|0x00000000cbe00000, 0x00000000cbf00000, 0x00000000cbf00000|100%| O|  |TAMS 0x00000000cbf00000, 0x00000000cbe00000| Untracked 
| 191|0x00000000cbf00000, 0x00000000cc000000, 0x00000000cc000000|100%| O|  |TAMS 0x00000000cc000000, 0x00000000cbf00000| Untracked 
| 192|0x00000000cc000000, 0x00000000cc100000, 0x00000000cc100000|100%| O|  |TAMS 0x00000000cc100000, 0x00000000cc000000| Untracked 
| 193|0x00000000cc100000, 0x00000000cc200000, 0x00000000cc200000|100%| O|  |TAMS 0x00000000cc200000, 0x00000000cc100000| Untracked 
| 194|0x00000000cc200000, 0x00000000cc2ffff0, 0x00000000cc300000| 99%| O|  |TAMS 0x00000000cc2ffff0, 0x00000000cc200000| Untracked 
| 195|0x00000000cc300000, 0x00000000cc3ffff0, 0x00000000cc400000| 99%| O|  |TAMS 0x00000000cc3ffff0, 0x00000000cc300000| Untracked 
| 196|0x00000000cc400000, 0x00000000cc4ffff0, 0x00000000cc500000| 99%| O|  |TAMS 0x00000000cc4ffff0, 0x00000000cc400000| Untracked 
| 197|0x00000000cc500000, 0x00000000cc600000, 0x00000000cc600000|100%| O|  |TAMS 0x00000000cc600000, 0x00000000cc500000| Untracked 
| 198|0x00000000cc600000, 0x00000000cc6ffff8, 0x00000000cc700000| 99%| O|  |TAMS 0x00000000cc6ffff8, 0x00000000cc600000| Untracked 
| 199|0x00000000cc700000, 0x00000000cc7fffc8, 0x00000000cc800000| 99%| O|  |TAMS 0x00000000cc7fffc8, 0x00000000cc700000| Untracked 
| 200|0x00000000cc800000, 0x00000000cc8ffff8, 0x00000000cc900000| 99%| O|  |TAMS 0x00000000cc8ffff8, 0x00000000cc800000| Untracked 
| 201|0x00000000cc900000, 0x00000000cca00000, 0x00000000cca00000|100%|HS|  |TAMS 0x00000000cca00000, 0x00000000cc900000| Complete 
| 202|0x00000000cca00000, 0x00000000ccb00000, 0x00000000ccb00000|100%| O|  |TAMS 0x00000000ccb00000, 0x00000000cca00000| Untracked 
| 203|0x00000000ccb00000, 0x00000000ccbfffc0, 0x00000000ccc00000| 99%| O|  |TAMS 0x00000000ccbfffc0, 0x00000000ccb00000| Untracked 
| 204|0x00000000ccc00000, 0x00000000ccd00000, 0x00000000ccd00000|100%|HS|  |TAMS 0x00000000ccd00000, 0x00000000ccc00000| Complete 
| 205|0x00000000ccd00000, 0x00000000cce00000, 0x00000000cce00000|100%| O|  |TAMS 0x00000000cce00000, 0x00000000ccd00000| Untracked 
| 206|0x00000000cce00000, 0x00000000ccf00000, 0x00000000ccf00000|100%| O|  |TAMS 0x00000000ccf00000, 0x00000000cce00000| Untracked 
| 207|0x00000000ccf00000, 0x00000000cd000000, 0x00000000cd000000|100%| O|  |TAMS 0x00000000cd000000, 0x00000000ccf00000| Untracked 
| 208|0x00000000cd000000, 0x00000000cd100000, 0x00000000cd100000|100%| O|  |TAMS 0x00000000cd100000, 0x00000000cd000000| Untracked 
| 209|0x00000000cd100000, 0x00000000cd200000, 0x00000000cd200000|100%|HS|  |TAMS 0x00000000cd200000, 0x00000000cd100000| Complete 
| 210|0x00000000cd200000, 0x00000000cd2f9480, 0x00000000cd300000| 97%| O|  |TAMS 0x00000000cd2f9480, 0x00000000cd200000| Untracked 
| 211|0x00000000cd300000, 0x00000000cd3ffff8, 0x00000000cd400000| 99%| O|  |TAMS 0x00000000cd3ffff8, 0x00000000cd300000| Untracked 
| 212|0x00000000cd400000, 0x00000000cd500000, 0x00000000cd500000|100%|HS|  |TAMS 0x00000000cd500000, 0x00000000cd400000| Complete 
| 213|0x00000000cd500000, 0x00000000cd600000, 0x00000000cd600000|100%|HS|  |TAMS 0x00000000cd600000, 0x00000000cd500000| Complete 
| 214|0x00000000cd600000, 0x00000000cd700000, 0x00000000cd700000|100%|HS|  |TAMS 0x00000000cd700000, 0x00000000cd600000| Complete 
| 215|0x00000000cd700000, 0x00000000cd7ffff8, 0x00000000cd800000| 99%| O|  |TAMS 0x00000000cd7ffff8, 0x00000000cd700000| Untracked 
| 216|0x00000000cd800000, 0x00000000cd900000, 0x00000000cd900000|100%|HS|  |TAMS 0x00000000cd900000, 0x00000000cd800000| Complete 
| 217|0x00000000cd900000, 0x00000000cda00000, 0x00000000cda00000|100%|HS|  |TAMS 0x00000000cda00000, 0x00000000cd900000| Complete 
| 218|0x00000000cda00000, 0x00000000cdaffff0, 0x00000000cdb00000| 99%| O|  |TAMS 0x00000000cdaffff0, 0x00000000cda00000| Untracked 
| 219|0x00000000cdb00000, 0x00000000cdc00000, 0x00000000cdc00000|100%| O|  |TAMS 0x00000000cdc00000, 0x00000000cdb00000| Untracked 
| 220|0x00000000cdc00000, 0x00000000cdcffff8, 0x00000000cdd00000| 99%| O|  |TAMS 0x00000000cdcffff8, 0x00000000cdc00000| Untracked 
| 221|0x00000000cdd00000, 0x00000000cddffff0, 0x00000000cde00000| 99%| O|  |TAMS 0x00000000cddffff0, 0x00000000cdd00000| Untracked 
| 222|0x00000000cde00000, 0x00000000cdf00000, 0x00000000cdf00000|100%| O|  |TAMS 0x00000000cdf00000, 0x00000000cde00000| Untracked 
| 223|0x00000000cdf00000, 0x00000000ce000000, 0x00000000ce000000|100%| O|  |TAMS 0x00000000ce000000, 0x00000000cdf00000| Untracked 
| 224|0x00000000ce000000, 0x00000000ce100000, 0x00000000ce100000|100%| O|  |TAMS 0x00000000ce100000, 0x00000000ce000000| Untracked 
| 225|0x00000000ce100000, 0x00000000ce1ffff8, 0x00000000ce200000| 99%| O|  |TAMS 0x00000000ce1ffff8, 0x00000000ce100000| Untracked 
| 226|0x00000000ce200000, 0x00000000ce2ffff0, 0x00000000ce300000| 99%| O|  |TAMS 0x00000000ce2ffff0, 0x00000000ce200000| Untracked 
| 227|0x00000000ce300000, 0x00000000ce400000, 0x00000000ce400000|100%| O|  |TAMS 0x00000000ce400000, 0x00000000ce300000| Untracked 
| 228|0x00000000ce400000, 0x00000000ce500000, 0x00000000ce500000|100%|HS|  |TAMS 0x00000000ce500000, 0x00000000ce400000| Complete 
| 229|0x00000000ce500000, 0x00000000ce600000, 0x00000000ce600000|100%|HS|  |TAMS 0x00000000ce600000, 0x00000000ce500000| Complete 
| 230|0x00000000ce600000, 0x00000000ce700000, 0x00000000ce700000|100%|HS|  |TAMS 0x00000000ce700000, 0x00000000ce600000| Complete 
| 231|0x00000000ce700000, 0x00000000ce7fffe8, 0x00000000ce800000| 99%| O|  |TAMS 0x00000000ce7fffe8, 0x00000000ce700000| Untracked 
| 232|0x00000000ce800000, 0x00000000ce900000, 0x00000000ce900000|100%|HS|  |TAMS 0x00000000ce900000, 0x00000000ce800000| Complete 
| 233|0x00000000ce900000, 0x00000000cea00000, 0x00000000cea00000|100%| O|  |TAMS 0x00000000cea00000, 0x00000000ce900000| Untracked 
| 234|0x00000000cea00000, 0x00000000ceb00000, 0x00000000ceb00000|100%| O|  |TAMS 0x00000000ceb00000, 0x00000000cea00000| Untracked 
| 235|0x00000000ceb00000, 0x00000000cec00000, 0x00000000cec00000|100%| O|  |TAMS 0x00000000cec00000, 0x00000000ceb00000| Untracked 
| 236|0x00000000cec00000, 0x00000000ced00000, 0x00000000ced00000|100%| O|  |TAMS 0x00000000ced00000, 0x00000000cec00000| Untracked 
| 237|0x00000000ced00000, 0x00000000cedffff0, 0x00000000cee00000| 99%| O|  |TAMS 0x00000000cedffff0, 0x00000000ced00000| Untracked 
| 238|0x00000000cee00000, 0x00000000ceefffe0, 0x00000000cef00000| 99%| O|  |TAMS 0x00000000ceefffe0, 0x00000000cee00000| Untracked 
| 239|0x00000000cef00000, 0x00000000cf000000, 0x00000000cf000000|100%| O|  |TAMS 0x00000000cf000000, 0x00000000cef00000| Untracked 
| 240|0x00000000cf000000, 0x00000000cf0ff840, 0x00000000cf100000| 99%| O|  |TAMS 0x00000000cf0ff840, 0x00000000cf000000| Untracked 
| 241|0x00000000cf100000, 0x00000000cf1ffff8, 0x00000000cf200000| 99%| O|  |TAMS 0x00000000cf1ffff8, 0x00000000cf100000| Untracked 
| 242|0x00000000cf200000, 0x00000000cf2ffff0, 0x00000000cf300000| 99%| O|  |TAMS 0x00000000cf2ffff0, 0x00000000cf200000| Untracked 
| 243|0x00000000cf300000, 0x00000000cf3ffff0, 0x00000000cf400000| 99%| O|  |TAMS 0x00000000cf3ffff0, 0x00000000cf300000| Untracked 
| 244|0x00000000cf400000, 0x00000000cf500000, 0x00000000cf500000|100%|HS|  |TAMS 0x00000000cf500000, 0x00000000cf400000| Complete 
| 245|0x00000000cf500000, 0x00000000cf600000, 0x00000000cf600000|100%| O|  |TAMS 0x00000000cf600000, 0x00000000cf500000| Untracked 
| 246|0x00000000cf600000, 0x00000000cf700000, 0x00000000cf700000|100%| O|  |TAMS 0x00000000cf700000, 0x00000000cf600000| Untracked 
| 247|0x00000000cf700000, 0x00000000cf800000, 0x00000000cf800000|100%|HS|  |TAMS 0x00000000cf800000, 0x00000000cf700000| Complete 
| 248|0x00000000cf800000, 0x00000000cf900000, 0x00000000cf900000|100%| O|  |TAMS 0x00000000cf900000, 0x00000000cf800000| Untracked 
| 249|0x00000000cf900000, 0x00000000cfa00000, 0x00000000cfa00000|100%| O|  |TAMS 0x00000000cfa00000, 0x00000000cf900000| Untracked 
| 250|0x00000000cfa00000, 0x00000000cfb00000, 0x00000000cfb00000|100%|HS|  |TAMS 0x00000000cfb00000, 0x00000000cfa00000| Complete 
| 251|0x00000000cfb00000, 0x00000000cfc00000, 0x00000000cfc00000|100%| O|  |TAMS 0x00000000cfc00000, 0x00000000cfb00000| Untracked 
| 252|0x00000000cfc00000, 0x00000000cfd00000, 0x00000000cfd00000|100%| O|  |TAMS 0x00000000cfd00000, 0x00000000cfc00000| Untracked 
| 253|0x00000000cfd00000, 0x00000000cfe00000, 0x00000000cfe00000|100%| O|  |TAMS 0x00000000cfe00000, 0x00000000cfd00000| Untracked 
| 254|0x00000000cfe00000, 0x00000000cff00000, 0x00000000cff00000|100%| O|  |TAMS 0x00000000cff00000, 0x00000000cfe00000| Untracked 
| 255|0x00000000cff00000, 0x00000000d0000000, 0x00000000d0000000|100%| O|  |TAMS 0x00000000d0000000, 0x00000000cff00000| Untracked 
| 256|0x00000000d0000000, 0x00000000d0100000, 0x00000000d0100000|100%| O|  |TAMS 0x00000000d0100000, 0x00000000d0000000| Untracked 
| 257|0x00000000d0100000, 0x00000000d0200000, 0x00000000d0200000|100%| O|  |TAMS 0x00000000d0200000, 0x00000000d0100000| Untracked 
| 258|0x00000000d0200000, 0x00000000d0300000, 0x00000000d0300000|100%| O|  |TAMS 0x00000000d0300000, 0x00000000d0200000| Untracked 
| 259|0x00000000d0300000, 0x00000000d0400000, 0x00000000d0400000|100%| O|  |TAMS 0x00000000d0400000, 0x00000000d0300000| Untracked 
| 260|0x00000000d0400000, 0x00000000d0500000, 0x00000000d0500000|100%| O|  |TAMS 0x00000000d0500000, 0x00000000d0400000| Untracked 
| 261|0x00000000d0500000, 0x00000000d05fffe8, 0x00000000d0600000| 99%| O|  |TAMS 0x00000000d05fffe8, 0x00000000d0500000| Untracked 
| 262|0x00000000d0600000, 0x00000000d0700000, 0x00000000d0700000|100%| O|  |TAMS 0x00000000d0700000, 0x00000000d0600000| Untracked 
| 263|0x00000000d0700000, 0x00000000d0800000, 0x00000000d0800000|100%| O|  |TAMS 0x00000000d0800000, 0x00000000d0700000| Untracked 
| 264|0x00000000d0800000, 0x00000000d08ffff0, 0x00000000d0900000| 99%| O|  |TAMS 0x00000000d08ffff0, 0x00000000d0800000| Untracked 
| 265|0x00000000d0900000, 0x00000000d0a00000, 0x00000000d0a00000|100%| O|  |TAMS 0x00000000d0a00000, 0x00000000d0900000| Untracked 
| 266|0x00000000d0a00000, 0x00000000d0b00000, 0x00000000d0b00000|100%| O|  |TAMS 0x00000000d0b00000, 0x00000000d0a00000| Untracked 
| 267|0x00000000d0b00000, 0x00000000d0c00000, 0x00000000d0c00000|100%| O|  |TAMS 0x00000000d0c00000, 0x00000000d0b00000| Untracked 
| 268|0x00000000d0c00000, 0x00000000d0d00000, 0x00000000d0d00000|100%| O|  |TAMS 0x00000000d0d00000, 0x00000000d0c00000| Untracked 
| 269|0x00000000d0d00000, 0x00000000d0e00000, 0x00000000d0e00000|100%| O|  |TAMS 0x00000000d0e00000, 0x00000000d0d00000| Untracked 
| 270|0x00000000d0e00000, 0x00000000d0f00000, 0x00000000d0f00000|100%| O|  |TAMS 0x00000000d0f00000, 0x00000000d0e00000| Untracked 
| 271|0x00000000d0f00000, 0x00000000d1000000, 0x00000000d1000000|100%| O|  |TAMS 0x00000000d1000000, 0x00000000d0f00000| Untracked 
| 272|0x00000000d1000000, 0x00000000d1100000, 0x00000000d1100000|100%| O|  |TAMS 0x00000000d1100000, 0x00000000d1000000| Untracked 
| 273|0x00000000d1100000, 0x00000000d1200000, 0x00000000d1200000|100%| O|  |TAMS 0x00000000d1200000, 0x00000000d1100000| Untracked 
| 274|0x00000000d1200000, 0x00000000d1300000, 0x00000000d1300000|100%| O|  |TAMS 0x00000000d1300000, 0x00000000d1200000| Untracked 
| 275|0x00000000d1300000, 0x00000000d1400000, 0x00000000d1400000|100%| O|  |TAMS 0x00000000d1400000, 0x00000000d1300000| Untracked 
| 276|0x00000000d1400000, 0x00000000d14ffff0, 0x00000000d1500000| 99%| O|  |TAMS 0x00000000d14ffff0, 0x00000000d1400000| Untracked 
| 277|0x00000000d1500000, 0x00000000d1600000, 0x00000000d1600000|100%| O|  |TAMS 0x00000000d1600000, 0x00000000d1500000| Untracked 
| 278|0x00000000d1600000, 0x00000000d1700000, 0x00000000d1700000|100%| O|  |TAMS 0x00000000d1700000, 0x00000000d1600000| Untracked 
| 279|0x00000000d1700000, 0x00000000d1800000, 0x00000000d1800000|100%| O|  |TAMS 0x00000000d1800000, 0x00000000d1700000| Untracked 
| 280|0x00000000d1800000, 0x00000000d1900000, 0x00000000d1900000|100%| O|  |TAMS 0x00000000d1900000, 0x00000000d1800000| Untracked 
| 281|0x00000000d1900000, 0x00000000d1a00000, 0x00000000d1a00000|100%| O|  |TAMS 0x00000000d1a00000, 0x00000000d1900000| Untracked 
| 282|0x00000000d1a00000, 0x00000000d1b00000, 0x00000000d1b00000|100%| O|  |TAMS 0x00000000d1b00000, 0x00000000d1a00000| Untracked 
| 283|0x00000000d1b00000, 0x00000000d1c00000, 0x00000000d1c00000|100%| O|  |TAMS 0x00000000d1c00000, 0x00000000d1b00000| Untracked 
| 284|0x00000000d1c00000, 0x00000000d1d00000, 0x00000000d1d00000|100%| O|  |TAMS 0x00000000d1d00000, 0x00000000d1c00000| Untracked 
| 285|0x00000000d1d00000, 0x00000000d1e00000, 0x00000000d1e00000|100%| O|  |TAMS 0x00000000d1e00000, 0x00000000d1d00000| Untracked 
| 286|0x00000000d1e00000, 0x00000000d1f00000, 0x00000000d1f00000|100%| O|  |TAMS 0x00000000d1f00000, 0x00000000d1e00000| Untracked 
| 287|0x00000000d1f00000, 0x00000000d2000000, 0x00000000d2000000|100%| O|  |TAMS 0x00000000d2000000, 0x00000000d1f00000| Untracked 
| 288|0x00000000d2000000, 0x00000000d2100000, 0x00000000d2100000|100%| O|  |TAMS 0x00000000d2100000, 0x00000000d2000000| Untracked 
| 289|0x00000000d2100000, 0x00000000d2200000, 0x00000000d2200000|100%| O|  |TAMS 0x00000000d2200000, 0x00000000d2100000| Untracked 
| 290|0x00000000d2200000, 0x00000000d2300000, 0x00000000d2300000|100%| O|  |TAMS 0x00000000d2300000, 0x00000000d2200000| Untracked 
| 291|0x00000000d2300000, 0x00000000d2400000, 0x00000000d2400000|100%| O|  |TAMS 0x00000000d2400000, 0x00000000d2300000| Untracked 
| 292|0x00000000d2400000, 0x00000000d2500000, 0x00000000d2500000|100%| O|  |TAMS 0x00000000d2500000, 0x00000000d2400000| Untracked 
| 293|0x00000000d2500000, 0x00000000d2600000, 0x00000000d2600000|100%| O|  |TAMS 0x00000000d2600000, 0x00000000d2500000| Untracked 
| 294|0x00000000d2600000, 0x00000000d2700000, 0x00000000d2700000|100%| O|  |TAMS 0x00000000d2700000, 0x00000000d2600000| Untracked 
| 295|0x00000000d2700000, 0x00000000d2800000, 0x00000000d2800000|100%| O|  |TAMS 0x00000000d2800000, 0x00000000d2700000| Untracked 
| 296|0x00000000d2800000, 0x00000000d2900000, 0x00000000d2900000|100%| O|  |TAMS 0x00000000d2900000, 0x00000000d2800000| Untracked 
| 297|0x00000000d2900000, 0x00000000d2a00000, 0x00000000d2a00000|100%| O|  |TAMS 0x00000000d2a00000, 0x00000000d2900000| Untracked 
| 298|0x00000000d2a00000, 0x00000000d2b00000, 0x00000000d2b00000|100%| O|  |TAMS 0x00000000d2b00000, 0x00000000d2a00000| Untracked 
| 299|0x00000000d2b00000, 0x00000000d2c00000, 0x00000000d2c00000|100%| O|  |TAMS 0x00000000d2c00000, 0x00000000d2b00000| Untracked 
| 300|0x00000000d2c00000, 0x00000000d2d00000, 0x00000000d2d00000|100%| O|  |TAMS 0x00000000d2d00000, 0x00000000d2c00000| Untracked 
| 301|0x00000000d2d00000, 0x00000000d2e00000, 0x00000000d2e00000|100%| O|  |TAMS 0x00000000d2e00000, 0x00000000d2d00000| Untracked 
| 302|0x00000000d2e00000, 0x00000000d2f00000, 0x00000000d2f00000|100%| O|  |TAMS 0x00000000d2f00000, 0x00000000d2e00000| Untracked 
| 303|0x00000000d2f00000, 0x00000000d3000000, 0x00000000d3000000|100%| O|  |TAMS 0x00000000d3000000, 0x00000000d2f00000| Untracked 
| 304|0x00000000d3000000, 0x00000000d3100000, 0x00000000d3100000|100%| O|  |TAMS 0x00000000d3100000, 0x00000000d3000000| Untracked 
| 305|0x00000000d3100000, 0x00000000d3200000, 0x00000000d3200000|100%| O|  |TAMS 0x00000000d3200000, 0x00000000d3100000| Untracked 
| 306|0x00000000d3200000, 0x00000000d3300000, 0x00000000d3300000|100%| O|  |TAMS 0x00000000d3300000, 0x00000000d3200000| Untracked 
| 307|0x00000000d3300000, 0x00000000d3400000, 0x00000000d3400000|100%| O|  |TAMS 0x00000000d3400000, 0x00000000d3300000| Untracked 
| 308|0x00000000d3400000, 0x00000000d3500000, 0x00000000d3500000|100%| O|  |TAMS 0x00000000d3500000, 0x00000000d3400000| Untracked 
| 309|0x00000000d3500000, 0x00000000d35ffff0, 0x00000000d3600000| 99%| O|  |TAMS 0x00000000d35ffff0, 0x00000000d3500000| Untracked 
| 310|0x00000000d3600000, 0x00000000d3700000, 0x00000000d3700000|100%| O|  |TAMS 0x00000000d3700000, 0x00000000d3600000| Untracked 
| 311|0x00000000d3700000, 0x00000000d37ffff8, 0x00000000d3800000| 99%| O|  |TAMS 0x00000000d37ffff8, 0x00000000d3700000| Untracked 
| 312|0x00000000d3800000, 0x00000000d3900000, 0x00000000d3900000|100%| O|  |TAMS 0x00000000d3900000, 0x00000000d3800000| Untracked 
| 313|0x00000000d3900000, 0x00000000d3a00000, 0x00000000d3a00000|100%| O|  |TAMS 0x00000000d3a00000, 0x00000000d3900000| Untracked 
| 314|0x00000000d3a00000, 0x00000000d3b00000, 0x00000000d3b00000|100%| O|  |TAMS 0x00000000d3b00000, 0x00000000d3a00000| Untracked 
| 315|0x00000000d3b00000, 0x00000000d3c00000, 0x00000000d3c00000|100%| O|  |TAMS 0x00000000d3c00000, 0x00000000d3b00000| Untracked 
| 316|0x00000000d3c00000, 0x00000000d3d00000, 0x00000000d3d00000|100%| O|  |TAMS 0x00000000d3d00000, 0x00000000d3c00000| Untracked 
| 317|0x00000000d3d00000, 0x00000000d3e00000, 0x00000000d3e00000|100%| O|  |TAMS 0x00000000d3e00000, 0x00000000d3d00000| Untracked 
| 318|0x00000000d3e00000, 0x00000000d3f00000, 0x00000000d3f00000|100%| O|  |TAMS 0x00000000d3f00000, 0x00000000d3e00000| Untracked 
| 319|0x00000000d3f00000, 0x00000000d4000000, 0x00000000d4000000|100%| O|  |TAMS 0x00000000d4000000, 0x00000000d3f00000| Untracked 
| 320|0x00000000d4000000, 0x00000000d4100000, 0x00000000d4100000|100%| O|  |TAMS 0x00000000d4100000, 0x00000000d4000000| Untracked 
| 321|0x00000000d4100000, 0x00000000d4200000, 0x00000000d4200000|100%| O|  |TAMS 0x00000000d4200000, 0x00000000d4100000| Untracked 
| 322|0x00000000d4200000, 0x00000000d4300000, 0x00000000d4300000|100%| O|  |TAMS 0x00000000d4300000, 0x00000000d4200000| Untracked 
| 323|0x00000000d4300000, 0x00000000d4400000, 0x00000000d4400000|100%| O|  |TAMS 0x00000000d4400000, 0x00000000d4300000| Untracked 
| 324|0x00000000d4400000, 0x00000000d4500000, 0x00000000d4500000|100%| O|  |TAMS 0x00000000d4500000, 0x00000000d4400000| Untracked 
| 325|0x00000000d4500000, 0x00000000d4600000, 0x00000000d4600000|100%| O|  |TAMS 0x00000000d4600000, 0x00000000d4500000| Untracked 
| 326|0x00000000d4600000, 0x00000000d4700000, 0x00000000d4700000|100%| O|  |TAMS 0x00000000d4700000, 0x00000000d4600000| Untracked 
| 327|0x00000000d4700000, 0x00000000d4800000, 0x00000000d4800000|100%| O|  |TAMS 0x00000000d4800000, 0x00000000d4700000| Untracked 
| 328|0x00000000d4800000, 0x00000000d4900000, 0x00000000d4900000|100%| O|  |TAMS 0x00000000d4900000, 0x00000000d4800000| Untracked 
| 329|0x00000000d4900000, 0x00000000d4a00000, 0x00000000d4a00000|100%| O|  |TAMS 0x00000000d4a00000, 0x00000000d4900000| Untracked 
| 330|0x00000000d4a00000, 0x00000000d4b00000, 0x00000000d4b00000|100%| O|  |TAMS 0x00000000d4b00000, 0x00000000d4a00000| Untracked 
| 331|0x00000000d4b00000, 0x00000000d4c00000, 0x00000000d4c00000|100%| O|  |TAMS 0x00000000d4c00000, 0x00000000d4b00000| Untracked 
| 332|0x00000000d4c00000, 0x00000000d4cffff0, 0x00000000d4d00000| 99%| O|  |TAMS 0x00000000d4cffff0, 0x00000000d4c00000| Untracked 
| 333|0x00000000d4d00000, 0x00000000d4e00000, 0x00000000d4e00000|100%| O|  |TAMS 0x00000000d4e00000, 0x00000000d4d00000| Untracked 
| 334|0x00000000d4e00000, 0x00000000d4effff8, 0x00000000d4f00000| 99%| O|  |TAMS 0x00000000d4effff8, 0x00000000d4e00000| Untracked 
| 335|0x00000000d4f00000, 0x00000000d4ffffc8, 0x00000000d5000000| 99%| O|  |TAMS 0x00000000d4ffffc8, 0x00000000d4f00000| Untracked 
| 336|0x00000000d5000000, 0x00000000d50ffaf0, 0x00000000d5100000| 99%| O|  |TAMS 0x00000000d50ffaf0, 0x00000000d5000000| Untracked 
| 337|0x00000000d5100000, 0x00000000d51ffff8, 0x00000000d5200000| 99%| O|  |TAMS 0x00000000d51ffff8, 0x00000000d5100000| Untracked 
| 338|0x00000000d5200000, 0x00000000d5300000, 0x00000000d5300000|100%| O|  |TAMS 0x00000000d5300000, 0x00000000d5200000| Untracked 
| 339|0x00000000d5300000, 0x00000000d5400000, 0x00000000d5400000|100%| O|  |TAMS 0x00000000d5400000, 0x00000000d5300000| Untracked 
| 340|0x00000000d5400000, 0x00000000d54fffa0, 0x00000000d5500000| 99%| O|  |TAMS 0x00000000d54fffa0, 0x00000000d5400000| Untracked 
| 341|0x00000000d5500000, 0x00000000d55ffff8, 0x00000000d5600000| 99%| O|  |TAMS 0x00000000d55ffff8, 0x00000000d5500000| Untracked 
| 342|0x00000000d5600000, 0x00000000d56fffd8, 0x00000000d5700000| 99%| O|  |TAMS 0x00000000d56fffd8, 0x00000000d5600000| Untracked 
| 343|0x00000000d5700000, 0x00000000d57ffff0, 0x00000000d5800000| 99%| O|  |TAMS 0x00000000d57ffff0, 0x00000000d5700000| Untracked 
| 344|0x00000000d5800000, 0x00000000d58fffe0, 0x00000000d5900000| 99%| O|  |TAMS 0x00000000d58fffe0, 0x00000000d5800000| Untracked 
| 345|0x00000000d5900000, 0x00000000d5a00000, 0x00000000d5a00000|100%| O|  |TAMS 0x00000000d5a00000, 0x00000000d5900000| Untracked 
| 346|0x00000000d5a00000, 0x00000000d5b00000, 0x00000000d5b00000|100%| O|  |TAMS 0x00000000d5b00000, 0x00000000d5a00000| Untracked 
| 347|0x00000000d5b00000, 0x00000000d5c00000, 0x00000000d5c00000|100%| O|  |TAMS 0x00000000d5c00000, 0x00000000d5b00000| Untracked 
| 348|0x00000000d5c00000, 0x00000000d5cfffe0, 0x00000000d5d00000| 99%| O|  |TAMS 0x00000000d5cfffe0, 0x00000000d5c00000| Untracked 
| 349|0x00000000d5d00000, 0x00000000d5dffff0, 0x00000000d5e00000| 99%| O|  |TAMS 0x00000000d5dffff0, 0x00000000d5d00000| Untracked 
| 350|0x00000000d5e00000, 0x00000000d5effff8, 0x00000000d5f00000| 99%| O|  |TAMS 0x00000000d5effff8, 0x00000000d5e00000| Untracked 
| 351|0x00000000d5f00000, 0x00000000d6000000, 0x00000000d6000000|100%| O|  |TAMS 0x00000000d6000000, 0x00000000d5f00000| Untracked 
| 352|0x00000000d6000000, 0x00000000d6100000, 0x00000000d6100000|100%| O|  |TAMS 0x00000000d6100000, 0x00000000d6000000| Untracked 
| 353|0x00000000d6100000, 0x00000000d61fffe8, 0x00000000d6200000| 99%| O|  |TAMS 0x00000000d61fffe8, 0x00000000d6100000| Untracked 
| 354|0x00000000d6200000, 0x00000000d6300000, 0x00000000d6300000|100%| O|  |TAMS 0x00000000d6300000, 0x00000000d6200000| Untracked 
| 355|0x00000000d6300000, 0x00000000d63fffe8, 0x00000000d6400000| 99%| O|  |TAMS 0x00000000d63fffe8, 0x00000000d6300000| Untracked 
| 356|0x00000000d6400000, 0x00000000d6500000, 0x00000000d6500000|100%| O|  |TAMS 0x00000000d6500000, 0x00000000d6400000| Untracked 
| 357|0x00000000d6500000, 0x00000000d6600000, 0x00000000d6600000|100%| O|  |TAMS 0x00000000d6600000, 0x00000000d6500000| Untracked 
| 358|0x00000000d6600000, 0x00000000d66ffff8, 0x00000000d6700000| 99%| O|  |TAMS 0x00000000d66ffff8, 0x00000000d6600000| Untracked 
| 359|0x00000000d6700000, 0x00000000d6800000, 0x00000000d6800000|100%| O|  |TAMS 0x00000000d6800000, 0x00000000d6700000| Untracked 
| 360|0x00000000d6800000, 0x00000000d6900000, 0x00000000d6900000|100%| O|  |TAMS 0x00000000d6900000, 0x00000000d6800000| Untracked 
| 361|0x00000000d6900000, 0x00000000d6a00000, 0x00000000d6a00000|100%| O|  |TAMS 0x00000000d6a00000, 0x00000000d6900000| Untracked 
| 362|0x00000000d6a00000, 0x00000000d6affff8, 0x00000000d6b00000| 99%| O|  |TAMS 0x00000000d6affff8, 0x00000000d6a00000| Untracked 
| 363|0x00000000d6b00000, 0x00000000d6c00000, 0x00000000d6c00000|100%| O|  |TAMS 0x00000000d6c00000, 0x00000000d6b00000| Untracked 
| 364|0x00000000d6c00000, 0x00000000d6d00000, 0x00000000d6d00000|100%| O|  |TAMS 0x00000000d6d00000, 0x00000000d6c00000| Untracked 
| 365|0x00000000d6d00000, 0x00000000d6e00000, 0x00000000d6e00000|100%| O|  |TAMS 0x00000000d6e00000, 0x00000000d6d00000| Untracked 
| 366|0x00000000d6e00000, 0x00000000d6f00000, 0x00000000d6f00000|100%| O|  |TAMS 0x00000000d6f00000, 0x00000000d6e00000| Untracked 
| 367|0x00000000d6f00000, 0x00000000d7000000, 0x00000000d7000000|100%| O|  |TAMS 0x00000000d7000000, 0x00000000d6f00000| Untracked 
| 368|0x00000000d7000000, 0x00000000d7100000, 0x00000000d7100000|100%| O|  |TAMS 0x00000000d7100000, 0x00000000d7000000| Untracked 
| 369|0x00000000d7100000, 0x00000000d71fffe8, 0x00000000d7200000| 99%| O|  |TAMS 0x00000000d71fffe8, 0x00000000d7100000| Untracked 
| 370|0x00000000d7200000, 0x00000000d7300000, 0x00000000d7300000|100%| O|  |TAMS 0x00000000d7300000, 0x00000000d7200000| Untracked 
| 371|0x00000000d7300000, 0x00000000d7400000, 0x00000000d7400000|100%| O|  |TAMS 0x00000000d7400000, 0x00000000d7300000| Untracked 
| 372|0x00000000d7400000, 0x00000000d74ffff8, 0x00000000d7500000| 99%| O|  |TAMS 0x00000000d74ffff8, 0x00000000d7400000| Untracked 
| 373|0x00000000d7500000, 0x00000000d7600000, 0x00000000d7600000|100%| O|  |TAMS 0x00000000d7600000, 0x00000000d7500000| Untracked 
| 374|0x00000000d7600000, 0x00000000d76ffff0, 0x00000000d7700000| 99%| O|  |TAMS 0x00000000d76ffff0, 0x00000000d7600000| Untracked 
| 375|0x00000000d7700000, 0x00000000d7800000, 0x00000000d7800000|100%| O|  |TAMS 0x00000000d7800000, 0x00000000d7700000| Untracked 
| 376|0x00000000d7800000, 0x00000000d78ffff0, 0x00000000d7900000| 99%| O|  |TAMS 0x00000000d78ffff0, 0x00000000d7800000| Untracked 
| 377|0x00000000d7900000, 0x00000000d7a00000, 0x00000000d7a00000|100%| O|  |TAMS 0x00000000d7a00000, 0x00000000d7900000| Untracked 
| 378|0x00000000d7a00000, 0x00000000d7b00000, 0x00000000d7b00000|100%| O|  |TAMS 0x00000000d7b00000, 0x00000000d7a00000| Untracked 
| 379|0x00000000d7b00000, 0x00000000d7bffff0, 0x00000000d7c00000| 99%| O|  |TAMS 0x00000000d7bffff0, 0x00000000d7b00000| Untracked 
| 380|0x00000000d7c00000, 0x00000000d7cfffe8, 0x00000000d7d00000| 99%| O|  |TAMS 0x00000000d7cfffe8, 0x00000000d7c00000| Untracked 
| 381|0x00000000d7d00000, 0x00000000d7e00000, 0x00000000d7e00000|100%| O|  |TAMS 0x00000000d7e00000, 0x00000000d7d00000| Untracked 
| 382|0x00000000d7e00000, 0x00000000d7f00000, 0x00000000d7f00000|100%| O|  |TAMS 0x00000000d7f00000, 0x00000000d7e00000| Untracked 
| 383|0x00000000d7f00000, 0x00000000d8000000, 0x00000000d8000000|100%| O|  |TAMS 0x00000000d8000000, 0x00000000d7f00000| Untracked 
| 384|0x00000000d8000000, 0x00000000d8100000, 0x00000000d8100000|100%| O|  |TAMS 0x00000000d8100000, 0x00000000d8000000| Untracked 
| 385|0x00000000d8100000, 0x00000000d8200000, 0x00000000d8200000|100%| O|  |TAMS 0x00000000d8200000, 0x00000000d8100000| Untracked 
| 386|0x00000000d8200000, 0x00000000d8300000, 0x00000000d8300000|100%| O|  |TAMS 0x00000000d8300000, 0x00000000d8200000| Untracked 
| 387|0x00000000d8300000, 0x00000000d8400000, 0x00000000d8400000|100%| O|  |TAMS 0x00000000d8400000, 0x00000000d8300000| Untracked 
| 388|0x00000000d8400000, 0x00000000d8500000, 0x00000000d8500000|100%| O|  |TAMS 0x00000000d8500000, 0x00000000d8400000| Untracked 
| 389|0x00000000d8500000, 0x00000000d85fff30, 0x00000000d8600000| 99%| O|  |TAMS 0x00000000d85fff30, 0x00000000d8500000| Untracked 
| 390|0x00000000d8600000, 0x00000000d86ffff0, 0x00000000d8700000| 99%| O|  |TAMS 0x00000000d86ffff0, 0x00000000d8600000| Untracked 
| 391|0x00000000d8700000, 0x00000000d87fffb8, 0x00000000d8800000| 99%| O|  |TAMS 0x00000000d87fffb8, 0x00000000d8700000| Untracked 
| 392|0x00000000d8800000, 0x00000000d8900000, 0x00000000d8900000|100%| O|  |TAMS 0x00000000d8900000, 0x00000000d8800000| Untracked 
| 393|0x00000000d8900000, 0x00000000d8a00000, 0x00000000d8a00000|100%| O|  |TAMS 0x00000000d8a00000, 0x00000000d8900000| Untracked 
| 394|0x00000000d8a00000, 0x00000000d8b00000, 0x00000000d8b00000|100%| O|  |TAMS 0x00000000d8b00000, 0x00000000d8a00000| Untracked 
| 395|0x00000000d8b00000, 0x00000000d8c00000, 0x00000000d8c00000|100%| O|  |TAMS 0x00000000d8c00000, 0x00000000d8b00000| Untracked 
| 396|0x00000000d8c00000, 0x00000000d8d00000, 0x00000000d8d00000|100%| O|  |TAMS 0x00000000d8d00000, 0x00000000d8c00000| Untracked 
| 397|0x00000000d8d00000, 0x00000000d8e00000, 0x00000000d8e00000|100%| O|  |TAMS 0x00000000d8e00000, 0x00000000d8d00000| Untracked 
| 398|0x00000000d8e00000, 0x00000000d8f00000, 0x00000000d8f00000|100%| O|  |TAMS 0x00000000d8f00000, 0x00000000d8e00000| Untracked 
| 399|0x00000000d8f00000, 0x00000000d9000000, 0x00000000d9000000|100%| O|  |TAMS 0x00000000d9000000, 0x00000000d8f00000| Untracked 
| 400|0x00000000d9000000, 0x00000000d9100000, 0x00000000d9100000|100%| O|  |TAMS 0x00000000d9100000, 0x00000000d9000000| Untracked 
| 401|0x00000000d9100000, 0x00000000d9200000, 0x00000000d9200000|100%| O|  |TAMS 0x00000000d9200000, 0x00000000d9100000| Untracked 
| 402|0x00000000d9200000, 0x00000000d9300000, 0x00000000d9300000|100%| O|  |TAMS 0x00000000d9300000, 0x00000000d9200000| Untracked 
| 403|0x00000000d9300000, 0x00000000d9400000, 0x00000000d9400000|100%| O|  |TAMS 0x00000000d9400000, 0x00000000d9300000| Untracked 
| 404|0x00000000d9400000, 0x00000000d94ffff0, 0x00000000d9500000| 99%| O|  |TAMS 0x00000000d94ffff0, 0x00000000d9400000| Untracked 
| 405|0x00000000d9500000, 0x00000000d9600000, 0x00000000d9600000|100%| O|  |TAMS 0x00000000d9600000, 0x00000000d9500000| Untracked 
| 406|0x00000000d9600000, 0x00000000d9700000, 0x00000000d9700000|100%| O|  |TAMS 0x00000000d9700000, 0x00000000d9600000| Untracked 
| 407|0x00000000d9700000, 0x00000000d9800000, 0x00000000d9800000|100%| O|  |TAMS 0x00000000d9800000, 0x00000000d9700000| Untracked 
| 408|0x00000000d9800000, 0x00000000d9900000, 0x00000000d9900000|100%| O|  |TAMS 0x00000000d9900000, 0x00000000d9800000| Untracked 
| 409|0x00000000d9900000, 0x00000000d99ffff0, 0x00000000d9a00000| 99%| O|  |TAMS 0x00000000d99ffff0, 0x00000000d9900000| Untracked 
| 410|0x00000000d9a00000, 0x00000000d9b00000, 0x00000000d9b00000|100%| O|  |TAMS 0x00000000d9b00000, 0x00000000d9a00000| Untracked 
| 411|0x00000000d9b00000, 0x00000000d9c00000, 0x00000000d9c00000|100%| O|  |TAMS 0x00000000d9c00000, 0x00000000d9b00000| Untracked 
| 412|0x00000000d9c00000, 0x00000000d9d00000, 0x00000000d9d00000|100%| O|  |TAMS 0x00000000d9d00000, 0x00000000d9c00000| Untracked 
| 413|0x00000000d9d00000, 0x00000000d9e00000, 0x00000000d9e00000|100%| O|  |TAMS 0x00000000d9e00000, 0x00000000d9d00000| Untracked 
| 414|0x00000000d9e00000, 0x00000000d9f00000, 0x00000000d9f00000|100%| O|  |TAMS 0x00000000d9f00000, 0x00000000d9e00000| Untracked 
| 415|0x00000000d9f00000, 0x00000000da000000, 0x00000000da000000|100%| O|  |TAMS 0x00000000da000000, 0x00000000d9f00000| Untracked 
| 416|0x00000000da000000, 0x00000000da100000, 0x00000000da100000|100%| O|  |TAMS 0x00000000da100000, 0x00000000da000000| Untracked 
| 417|0x00000000da100000, 0x00000000da200000, 0x00000000da200000|100%| O|  |TAMS 0x00000000da200000, 0x00000000da100000| Untracked 
| 418|0x00000000da200000, 0x00000000da2fffe8, 0x00000000da300000| 99%| O|  |TAMS 0x00000000da2fffe8, 0x00000000da200000| Untracked 
| 419|0x00000000da300000, 0x00000000da3fff58, 0x00000000da400000| 99%| O|  |TAMS 0x00000000da3fff58, 0x00000000da300000| Untracked 
| 420|0x00000000da400000, 0x00000000da500000, 0x00000000da500000|100%| O|  |TAMS 0x00000000da500000, 0x00000000da400000| Untracked 
| 421|0x00000000da500000, 0x00000000da600000, 0x00000000da600000|100%| O|  |TAMS 0x00000000da600000, 0x00000000da500000| Untracked 
| 422|0x00000000da600000, 0x00000000da6ffff8, 0x00000000da700000| 99%| O|  |TAMS 0x00000000da6ffff8, 0x00000000da600000| Untracked 
| 423|0x00000000da700000, 0x00000000da7ffff8, 0x00000000da800000| 99%| O|  |TAMS 0x00000000da7ffff8, 0x00000000da700000| Untracked 
| 424|0x00000000da800000, 0x00000000da8fffe8, 0x00000000da900000| 99%| O|  |TAMS 0x00000000da8fffe8, 0x00000000da800000| Untracked 
| 425|0x00000000da900000, 0x00000000da9f9a70, 0x00000000daa00000| 97%| O|  |TAMS 0x00000000da9f9a70, 0x00000000da900000| Untracked 
| 426|0x00000000daa00000, 0x00000000daaff2e8, 0x00000000dab00000| 99%| O|  |TAMS 0x00000000daaff2e8, 0x00000000daa00000| Untracked 
| 427|0x00000000dab00000, 0x00000000dabffff8, 0x00000000dac00000| 99%| O|  |TAMS 0x00000000dabffff8, 0x00000000dab00000| Untracked 
| 428|0x00000000dac00000, 0x00000000dad00000, 0x00000000dad00000|100%| O|  |TAMS 0x00000000dad00000, 0x00000000dac00000| Untracked 
| 429|0x00000000dad00000, 0x00000000dae00000, 0x00000000dae00000|100%| O|  |TAMS 0x00000000dae00000, 0x00000000dad00000| Untracked 
| 430|0x00000000dae00000, 0x00000000daf00000, 0x00000000daf00000|100%| O|  |TAMS 0x00000000daf00000, 0x00000000dae00000| Untracked 
| 431|0x00000000daf00000, 0x00000000db000000, 0x00000000db000000|100%| O|  |TAMS 0x00000000db000000, 0x00000000daf00000| Untracked 
| 432|0x00000000db000000, 0x00000000db100000, 0x00000000db100000|100%| O|  |TAMS 0x00000000db100000, 0x00000000db000000| Untracked 
| 433|0x00000000db100000, 0x00000000db200000, 0x00000000db200000|100%| O|  |TAMS 0x00000000db200000, 0x00000000db100000| Untracked 
| 434|0x00000000db200000, 0x00000000db300000, 0x00000000db300000|100%| O|  |TAMS 0x00000000db300000, 0x00000000db200000| Untracked 
| 435|0x00000000db300000, 0x00000000db400000, 0x00000000db400000|100%| O|  |TAMS 0x00000000db400000, 0x00000000db300000| Untracked 
| 436|0x00000000db400000, 0x00000000db500000, 0x00000000db500000|100%| O|  |TAMS 0x00000000db500000, 0x00000000db400000| Untracked 
| 437|0x00000000db500000, 0x00000000db600000, 0x00000000db600000|100%| O|  |TAMS 0x00000000db600000, 0x00000000db500000| Untracked 
| 438|0x00000000db600000, 0x00000000db6fff90, 0x00000000db700000| 99%| O|  |TAMS 0x00000000db6fff90, 0x00000000db600000| Untracked 
| 439|0x00000000db700000, 0x00000000db800000, 0x00000000db800000|100%| O|  |TAMS 0x00000000db800000, 0x00000000db700000| Untracked 
| 440|0x00000000db800000, 0x00000000db900000, 0x00000000db900000|100%| O|  |TAMS 0x00000000db800000, 0x00000000db800000| Untracked 
| 441|0x00000000db900000, 0x00000000db9ffff0, 0x00000000dba00000| 99%| O|  |TAMS 0x00000000db9ffff0, 0x00000000db900000| Untracked 
| 442|0x00000000dba00000, 0x00000000dbb00000, 0x00000000dbb00000|100%| O|  |TAMS 0x00000000dbb00000, 0x00000000dba00000| Untracked 
| 443|0x00000000dbb00000, 0x00000000dbb00000, 0x00000000dbc00000|  0%| F|  |TAMS 0x00000000dbb00000, 0x00000000dbb00000| Untracked 
| 444|0x00000000dbc00000, 0x00000000dbd00000, 0x00000000dbd00000|100%| O|  |TAMS 0x00000000dbd00000, 0x00000000dbc00000| Untracked 
| 445|0x00000000dbd00000, 0x00000000dbe00000, 0x00000000dbe00000|100%| O|  |TAMS 0x00000000dbe00000, 0x00000000dbd00000| Untracked 
| 446|0x00000000dbe00000, 0x00000000dbf00000, 0x00000000dbf00000|100%| O|  |TAMS 0x00000000dbf00000, 0x00000000dbe00000| Untracked 
| 447|0x00000000dbf00000, 0x00000000dc000000, 0x00000000dc000000|100%| O|  |TAMS 0x00000000dc000000, 0x00000000dbf00000| Untracked 
| 448|0x00000000dc000000, 0x00000000dc100000, 0x00000000dc100000|100%| O|  |TAMS 0x00000000dc100000, 0x00000000dc000000| Untracked 
| 449|0x00000000dc100000, 0x00000000dc200000, 0x00000000dc200000|100%| O|  |TAMS 0x00000000dc200000, 0x00000000dc100000| Untracked 
| 450|0x00000000dc200000, 0x00000000dc300000, 0x00000000dc300000|100%| O|  |TAMS 0x00000000dc300000, 0x00000000dc200000| Untracked 
| 451|0x00000000dc300000, 0x00000000dc400000, 0x00000000dc400000|100%| O|  |TAMS 0x00000000dc400000, 0x00000000dc300000| Untracked 
| 452|0x00000000dc400000, 0x00000000dc500000, 0x00000000dc500000|100%| O|  |TAMS 0x00000000dc500000, 0x00000000dc400000| Untracked 
| 453|0x00000000dc500000, 0x00000000dc600000, 0x00000000dc600000|100%| O|  |TAMS 0x00000000dc600000, 0x00000000dc500000| Untracked 
| 454|0x00000000dc600000, 0x00000000dc700000, 0x00000000dc700000|100%| O|  |TAMS 0x00000000dc700000, 0x00000000dc600000| Untracked 
| 455|0x00000000dc700000, 0x00000000dc800000, 0x00000000dc800000|100%| O|  |TAMS 0x00000000dc800000, 0x00000000dc700000| Untracked 
| 456|0x00000000dc800000, 0x00000000dc900000, 0x00000000dc900000|100%| O|  |TAMS 0x00000000dc900000, 0x00000000dc800000| Untracked 
| 457|0x00000000dc900000, 0x00000000dca00000, 0x00000000dca00000|100%|HS|  |TAMS 0x00000000dca00000, 0x00000000dc900000| Complete 
| 458|0x00000000dca00000, 0x00000000dcb00000, 0x00000000dcb00000|100%| O|  |TAMS 0x00000000dcb00000, 0x00000000dca00000| Untracked 
| 459|0x00000000dcb00000, 0x00000000dcc00000, 0x00000000dcc00000|100%| O|  |TAMS 0x00000000dcc00000, 0x00000000dcb00000| Untracked 
| 460|0x00000000dcc00000, 0x00000000dcd00000, 0x00000000dcd00000|100%|HS|  |TAMS 0x00000000dcd00000, 0x00000000dcc00000| Complete 
| 461|0x00000000dcd00000, 0x00000000dce00000, 0x00000000dce00000|100%| O|  |TAMS 0x00000000dce00000, 0x00000000dcd00000| Untracked 
| 462|0x00000000dce00000, 0x00000000dcf00000, 0x00000000dcf00000|100%| O|  |TAMS 0x00000000dcf00000, 0x00000000dce00000| Untracked 
| 463|0x00000000dcf00000, 0x00000000dd000000, 0x00000000dd000000|100%| O|  |TAMS 0x00000000dd000000, 0x00000000dcf00000| Untracked 
| 464|0x00000000dd000000, 0x00000000dd100000, 0x00000000dd100000|100%| O|  |TAMS 0x00000000dd100000, 0x00000000dd000000| Untracked 
| 465|0x00000000dd100000, 0x00000000dd200000, 0x00000000dd200000|100%|HS|  |TAMS 0x00000000dd200000, 0x00000000dd100000| Complete 
| 466|0x00000000dd200000, 0x00000000dd300000, 0x00000000dd300000|100%|HS|  |TAMS 0x00000000dd300000, 0x00000000dd200000| Complete 
| 467|0x00000000dd300000, 0x00000000dd400000, 0x00000000dd400000|100%| O|  |TAMS 0x00000000dd400000, 0x00000000dd300000| Untracked 
| 468|0x00000000dd400000, 0x00000000dd500000, 0x00000000dd500000|100%|HS|  |TAMS 0x00000000dd500000, 0x00000000dd400000| Complete 
| 469|0x00000000dd500000, 0x00000000dd600000, 0x00000000dd600000|100%| O|  |TAMS 0x00000000dd600000, 0x00000000dd500000| Untracked 
| 470|0x00000000dd600000, 0x00000000dd6fffc8, 0x00000000dd700000| 99%| O|  |TAMS 0x00000000dd6fffc8, 0x00000000dd600000| Untracked 
| 471|0x00000000dd700000, 0x00000000dd800000, 0x00000000dd800000|100%| O|  |TAMS 0x00000000dd800000, 0x00000000dd700000| Untracked 
| 472|0x00000000dd800000, 0x00000000dd900000, 0x00000000dd900000|100%| O|  |TAMS 0x00000000dd900000, 0x00000000dd800000| Untracked 
| 473|0x00000000dd900000, 0x00000000dd9fffe0, 0x00000000dda00000| 99%| O|  |TAMS 0x00000000dd9fffe0, 0x00000000dd900000| Untracked 
| 474|0x00000000dda00000, 0x00000000ddaffff0, 0x00000000ddb00000| 99%| O|  |TAMS 0x00000000ddaffff0, 0x00000000dda00000| Untracked 
| 475|0x00000000ddb00000, 0x00000000ddbffff0, 0x00000000ddc00000| 99%| O|  |TAMS 0x00000000ddbffff0, 0x00000000ddb00000| Untracked 
| 476|0x00000000ddc00000, 0x00000000ddd00000, 0x00000000ddd00000|100%| O|  |TAMS 0x00000000ddd00000, 0x00000000ddc00000| Untracked 
| 477|0x00000000ddd00000, 0x00000000dddfffe8, 0x00000000dde00000| 99%| O|  |TAMS 0x00000000dddfffe8, 0x00000000ddd00000| Untracked 
| 478|0x00000000dde00000, 0x00000000ddf00000, 0x00000000ddf00000|100%| O|  |TAMS 0x00000000dde00000, 0x00000000dde00000| Untracked 
| 479|0x00000000ddf00000, 0x00000000de000000, 0x00000000de000000|100%|HS|  |TAMS 0x00000000de000000, 0x00000000ddf00000| Complete 
| 480|0x00000000de000000, 0x00000000de100000, 0x00000000de100000|100%| O|  |TAMS 0x00000000de100000, 0x00000000de000000| Untracked 
| 481|0x00000000de100000, 0x00000000de200000, 0x00000000de200000|100%| O|  |TAMS 0x00000000de200000, 0x00000000de100000| Untracked 
| 482|0x00000000de200000, 0x00000000de300000, 0x00000000de300000|100%|HS|  |TAMS 0x00000000de300000, 0x00000000de200000| Complete 
| 483|0x00000000de300000, 0x00000000de3ffff8, 0x00000000de400000| 99%| O|  |TAMS 0x00000000de3ffff8, 0x00000000de300000| Untracked 
| 484|0x00000000de400000, 0x00000000de4ffff8, 0x00000000de500000| 99%| O|  |TAMS 0x00000000de4ffff8, 0x00000000de400000| Untracked 
| 485|0x00000000de500000, 0x00000000de600000, 0x00000000de600000|100%| O|  |TAMS 0x00000000de600000, 0x00000000de500000| Untracked 
| 486|0x00000000de600000, 0x00000000de700000, 0x00000000de700000|100%| O|  |TAMS 0x00000000de700000, 0x00000000de600000| Untracked 
| 487|0x00000000de700000, 0x00000000de800000, 0x00000000de800000|100%| O|  |TAMS 0x00000000de700000, 0x00000000de700000| Untracked 
| 488|0x00000000de800000, 0x00000000de8ffff0, 0x00000000de900000| 99%| O|  |TAMS 0x00000000de8ffff0, 0x00000000de800000| Untracked 
| 489|0x00000000de900000, 0x00000000dea00000, 0x00000000dea00000|100%| O|  |TAMS 0x00000000dea00000, 0x00000000de900000| Untracked 
| 490|0x00000000dea00000, 0x00000000deb00000, 0x00000000deb00000|100%| O|  |TAMS 0x00000000dea00000, 0x00000000dea00000| Untracked 
| 491|0x00000000deb00000, 0x00000000dec00000, 0x00000000dec00000|100%| O|  |TAMS 0x00000000dec00000, 0x00000000deb00000| Untracked 
| 492|0x00000000dec00000, 0x00000000ded00000, 0x00000000ded00000|100%|HS|  |TAMS 0x00000000ded00000, 0x00000000dec00000| Complete 
| 493|0x00000000ded00000, 0x00000000dee00000, 0x00000000dee00000|100%| O|  |TAMS 0x00000000dee00000, 0x00000000ded00000| Untracked 
| 494|0x00000000dee00000, 0x00000000def00000, 0x00000000def00000|100%| O|  |TAMS 0x00000000def00000, 0x00000000dee00000| Untracked 
| 495|0x00000000def00000, 0x00000000df000000, 0x00000000df000000|100%|HS|  |TAMS 0x00000000df000000, 0x00000000def00000| Complete 
| 496|0x00000000df000000, 0x00000000df0ffff8, 0x00000000df100000| 99%| O|  |TAMS 0x00000000df0ffff8, 0x00000000df000000| Untracked 
| 497|0x00000000df100000, 0x00000000df200000, 0x00000000df200000|100%| O|  |TAMS 0x00000000df200000, 0x00000000df100000| Untracked 
| 498|0x00000000df200000, 0x00000000df300000, 0x00000000df300000|100%|HS|  |TAMS 0x00000000df300000, 0x00000000df200000| Complete 
| 499|0x00000000df300000, 0x00000000df400000, 0x00000000df400000|100%| O|  |TAMS 0x00000000df400000, 0x00000000df300000| Untracked 
| 500|0x00000000df400000, 0x00000000df500000, 0x00000000df500000|100%| O|  |TAMS 0x00000000df500000, 0x00000000df400000| Untracked 
| 501|0x00000000df500000, 0x00000000df600000, 0x00000000df600000|100%| O|  |TAMS 0x00000000df600000, 0x00000000df500000| Untracked 
| 502|0x00000000df600000, 0x00000000df700000, 0x00000000df700000|100%| O|  |TAMS 0x00000000df700000, 0x00000000df600000| Untracked 
| 503|0x00000000df700000, 0x00000000df800000, 0x00000000df800000|100%| O|  |TAMS 0x00000000df800000, 0x00000000df700000| Untracked 
| 504|0x00000000df800000, 0x00000000df8ffff8, 0x00000000df900000| 99%| O|  |TAMS 0x00000000df8ffff8, 0x00000000df800000| Untracked 
| 505|0x00000000df900000, 0x00000000dfa00000, 0x00000000dfa00000|100%| O|  |TAMS 0x00000000dfa00000, 0x00000000df900000| Untracked 
| 506|0x00000000dfa00000, 0x00000000dfb00000, 0x00000000dfb00000|100%| O|  |TAMS 0x00000000dfb00000, 0x00000000dfa00000| Untracked 
| 507|0x00000000dfb00000, 0x00000000dfc00000, 0x00000000dfc00000|100%| O|  |TAMS 0x00000000dfc00000, 0x00000000dfb00000| Untracked 
| 508|0x00000000dfc00000, 0x00000000dfd00000, 0x00000000dfd00000|100%| O|  |TAMS 0x00000000dfd00000, 0x00000000dfc00000| Untracked 
| 509|0x00000000dfd00000, 0x00000000dfe00000, 0x00000000dfe00000|100%| O|  |TAMS 0x00000000dfe00000, 0x00000000dfd00000| Untracked 
| 510|0x00000000dfe00000, 0x00000000dff00000, 0x00000000dff00000|100%| O|  |TAMS 0x00000000dff00000, 0x00000000dfe00000| Untracked 
| 511|0x00000000dff00000, 0x00000000e0000000, 0x00000000e0000000|100%| O|  |TAMS 0x00000000e0000000, 0x00000000dff00000| Untracked 
| 512|0x00000000e0000000, 0x00000000e0100000, 0x00000000e0100000|100%| O|  |TAMS 0x00000000e0100000, 0x00000000e0000000| Untracked 
| 513|0x00000000e0100000, 0x00000000e0200000, 0x00000000e0200000|100%|HS|  |TAMS 0x00000000e0200000, 0x00000000e0100000| Complete 
| 514|0x00000000e0200000, 0x00000000e0300000, 0x00000000e0300000|100%| O|  |TAMS 0x00000000e0300000, 0x00000000e0200000| Untracked 
| 515|0x00000000e0300000, 0x00000000e03fffb8, 0x00000000e0400000| 99%| O|  |TAMS 0x00000000e03fffb8, 0x00000000e0300000| Untracked 
| 516|0x00000000e0400000, 0x00000000e04fffe8, 0x00000000e0500000| 99%| O|  |TAMS 0x00000000e04fffe8, 0x00000000e0400000| Untracked 
| 517|0x00000000e0500000, 0x00000000e0600000, 0x00000000e0600000|100%| O|  |TAMS 0x00000000e0600000, 0x00000000e0500000| Untracked 
| 518|0x00000000e0600000, 0x00000000e0700000, 0x00000000e0700000|100%|HS|  |TAMS 0x00000000e0700000, 0x00000000e0600000| Complete 
| 519|0x00000000e0700000, 0x00000000e0800000, 0x00000000e0800000|100%| O|  |TAMS 0x00000000e0800000, 0x00000000e0700000| Untracked 
| 520|0x00000000e0800000, 0x00000000e0900000, 0x00000000e0900000|100%| O|  |TAMS 0x00000000e0900000, 0x00000000e0800000| Untracked 
| 521|0x00000000e0900000, 0x00000000e0a00000, 0x00000000e0a00000|100%|HS|  |TAMS 0x00000000e0a00000, 0x00000000e0900000| Complete 
| 522|0x00000000e0a00000, 0x00000000e0b00000, 0x00000000e0b00000|100%| O|  |TAMS 0x00000000e0b00000, 0x00000000e0a00000| Untracked 
| 523|0x00000000e0b00000, 0x00000000e0c00000, 0x00000000e0c00000|100%| O|  |TAMS 0x00000000e0c00000, 0x00000000e0b00000| Untracked 
| 524|0x00000000e0c00000, 0x00000000e0d00000, 0x00000000e0d00000|100%| O|  |TAMS 0x00000000e0d00000, 0x00000000e0c00000| Untracked 
| 525|0x00000000e0d00000, 0x00000000e0dfffe8, 0x00000000e0e00000| 99%| O|  |TAMS 0x00000000e0dfffe8, 0x00000000e0d00000| Untracked 
| 526|0x00000000e0e00000, 0x00000000e0f00000, 0x00000000e0f00000|100%| O|  |TAMS 0x00000000e0e00000, 0x00000000e0e00000| Untracked 
| 527|0x00000000e0f00000, 0x00000000e0fffff8, 0x00000000e1000000| 99%| O|  |TAMS 0x00000000e0fffff8, 0x00000000e0f00000| Untracked 
| 528|0x00000000e1000000, 0x00000000e10fffd0, 0x00000000e1100000| 99%| O|  |TAMS 0x00000000e10fffd0, 0x00000000e1000000| Untracked 
| 529|0x00000000e1100000, 0x00000000e11ffff8, 0x00000000e1200000| 99%| O|  |TAMS 0x00000000e11ffff8, 0x00000000e1100000| Untracked 
| 530|0x00000000e1200000, 0x00000000e1300000, 0x00000000e1300000|100%| O|  |TAMS 0x00000000e1300000, 0x00000000e1200000| Untracked 
| 531|0x00000000e1300000, 0x00000000e1300000, 0x00000000e1400000|  0%| F|  |TAMS 0x00000000e1300000, 0x00000000e1300000| Untracked 
| 532|0x00000000e1400000, 0x00000000e1500000, 0x00000000e1500000|100%|HS|  |TAMS 0x00000000e1500000, 0x00000000e1400000| Complete 
| 533|0x00000000e1500000, 0x00000000e1600000, 0x00000000e1600000|100%| O|  |TAMS 0x00000000e1600000, 0x00000000e1500000| Untracked 
| 534|0x00000000e1600000, 0x00000000e1600000, 0x00000000e1700000|  0%| F|  |TAMS 0x00000000e1600000, 0x00000000e1600000| Untracked 
| 535|0x00000000e1700000, 0x00000000e17ffff0, 0x00000000e1800000| 99%| O|  |TAMS 0x00000000e17ffff0, 0x00000000e1700000| Untracked 
| 536|0x00000000e1800000, 0x00000000e1900000, 0x00000000e1900000|100%| O|  |TAMS 0x00000000e1900000, 0x00000000e1800000| Untracked 
| 537|0x00000000e1900000, 0x00000000e1a00000, 0x00000000e1a00000|100%| O|  |TAMS 0x00000000e1a00000, 0x00000000e1900000| Untracked 
| 538|0x00000000e1a00000, 0x00000000e1b00000, 0x00000000e1b00000|100%|HS|  |TAMS 0x00000000e1b00000, 0x00000000e1a00000| Complete 
| 539|0x00000000e1b00000, 0x00000000e1c00000, 0x00000000e1c00000|100%| O|  |TAMS 0x00000000e1b00000, 0x00000000e1b00000| Untracked 
| 540|0x00000000e1c00000, 0x00000000e1d00000, 0x00000000e1d00000|100%| O|  |TAMS 0x00000000e1d00000, 0x00000000e1c00000| Untracked 
| 541|0x00000000e1d00000, 0x00000000e1d00000, 0x00000000e1e00000|  0%| F|  |TAMS 0x00000000e1d00000, 0x00000000e1d00000| Untracked 
| 542|0x00000000e1e00000, 0x00000000e1f00000, 0x00000000e1f00000|100%|HS|  |TAMS 0x00000000e1f00000, 0x00000000e1e00000| Untracked 
| 543|0x00000000e1f00000, 0x00000000e2000000, 0x00000000e2000000|100%|HC|  |TAMS 0x00000000e2000000, 0x00000000e1f00000| Untracked 
| 544|0x00000000e2000000, 0x00000000e2100000, 0x00000000e2100000|100%| O|  |TAMS 0x00000000e2100000, 0x00000000e2000000| Untracked 
| 545|0x00000000e2100000, 0x00000000e2200000, 0x00000000e2200000|100%| O|  |TAMS 0x00000000e2200000, 0x00000000e2100000| Untracked 
| 546|0x00000000e2200000, 0x00000000e2300000, 0x00000000e2300000|100%| O|  |TAMS 0x00000000e2300000, 0x00000000e2200000| Untracked 
| 547|0x00000000e2300000, 0x00000000e2400000, 0x00000000e2400000|100%|HS|  |TAMS 0x00000000e2400000, 0x00000000e2300000| Complete 
| 548|0x00000000e2400000, 0x00000000e2500000, 0x00000000e2500000|100%|HC|  |TAMS 0x00000000e2500000, 0x00000000e2400000| Complete 
| 549|0x00000000e2500000, 0x00000000e2600000, 0x00000000e2600000|100%|HS|  |TAMS 0x00000000e2600000, 0x00000000e2500000| Complete 
| 550|0x00000000e2600000, 0x00000000e2600000, 0x00000000e2700000|  0%| F|  |TAMS 0x00000000e2600000, 0x00000000e2600000| Untracked 
| 551|0x00000000e2700000, 0x00000000e2700000, 0x00000000e2800000|  0%| F|  |TAMS 0x00000000e2700000, 0x00000000e2700000| Untracked 
| 552|0x00000000e2800000, 0x00000000e2900000, 0x00000000e2900000|100%| O|  |TAMS 0x00000000e2900000, 0x00000000e2800000| Untracked 
| 553|0x00000000e2900000, 0x00000000e2a00000, 0x00000000e2a00000|100%| O|  |TAMS 0x00000000e2a00000, 0x00000000e2900000| Untracked 
| 554|0x00000000e2a00000, 0x00000000e2b00000, 0x00000000e2b00000|100%| O|  |TAMS 0x00000000e2b00000, 0x00000000e2a00000| Untracked 
| 555|0x00000000e2b00000, 0x00000000e2c00000, 0x00000000e2c00000|100%| O|  |TAMS 0x00000000e2b00000, 0x00000000e2b00000| Untracked 
| 556|0x00000000e2c00000, 0x00000000e2d00000, 0x00000000e2d00000|100%| O|  |TAMS 0x00000000e2d00000, 0x00000000e2c00000| Untracked 
| 557|0x00000000e2d00000, 0x00000000e2e00000, 0x00000000e2e00000|100%| O|  |TAMS 0x00000000e2e00000, 0x00000000e2d00000| Untracked 
| 558|0x00000000e2e00000, 0x00000000e2f00000, 0x00000000e2f00000|100%| O|  |TAMS 0x00000000e2e00000, 0x00000000e2e00000| Untracked 
| 559|0x00000000e2f00000, 0x00000000e3000000, 0x00000000e3000000|100%| O|  |TAMS 0x00000000e2f00000, 0x00000000e2f00000| Untracked 
| 560|0x00000000e3000000, 0x00000000e3100000, 0x00000000e3100000|100%| O|  |TAMS 0x00000000e3100000, 0x00000000e3000000| Untracked 
| 561|0x00000000e3100000, 0x00000000e3200000, 0x00000000e3200000|100%| O|  |TAMS 0x00000000e3200000, 0x00000000e3100000| Untracked 
| 562|0x00000000e3200000, 0x00000000e3300000, 0x00000000e3300000|100%| O|  |TAMS 0x00000000e3300000, 0x00000000e3200000| Untracked 
| 563|0x00000000e3300000, 0x00000000e3400000, 0x00000000e3400000|100%| O|  |TAMS 0x00000000e3400000, 0x00000000e3300000| Untracked 
| 564|0x00000000e3400000, 0x00000000e3500000, 0x00000000e3500000|100%| O|  |TAMS 0x00000000e3500000, 0x00000000e3400000| Untracked 
| 565|0x00000000e3500000, 0x00000000e3600000, 0x00000000e3600000|100%| O|  |TAMS 0x00000000e3600000, 0x00000000e3500000| Untracked 
| 566|0x00000000e3600000, 0x00000000e3700000, 0x00000000e3700000|100%| O|  |TAMS 0x00000000e3700000, 0x00000000e3600000| Untracked 
| 567|0x00000000e3700000, 0x00000000e3800000, 0x00000000e3800000|100%| O|  |TAMS 0x00000000e3800000, 0x00000000e3700000| Untracked 
| 568|0x00000000e3800000, 0x00000000e3900000, 0x00000000e3900000|100%| O|  |TAMS 0x00000000e3900000, 0x00000000e3800000| Untracked 
| 569|0x00000000e3900000, 0x00000000e3a00000, 0x00000000e3a00000|100%| O|  |TAMS 0x00000000e3a00000, 0x00000000e3900000| Untracked 
| 570|0x00000000e3a00000, 0x00000000e3b00000, 0x00000000e3b00000|100%| O|  |TAMS 0x00000000e3b00000, 0x00000000e3a00000| Untracked 
| 571|0x00000000e3b00000, 0x00000000e3c00000, 0x00000000e3c00000|100%| O|  |TAMS 0x00000000e3c00000, 0x00000000e3b00000| Untracked 
| 572|0x00000000e3c00000, 0x00000000e3d00000, 0x00000000e3d00000|100%| O|  |TAMS 0x00000000e3d00000, 0x00000000e3c00000| Untracked 
| 573|0x00000000e3d00000, 0x00000000e3e00000, 0x00000000e3e00000|100%| O|  |TAMS 0x00000000e3e00000, 0x00000000e3d00000| Untracked 
| 574|0x00000000e3e00000, 0x00000000e3f00000, 0x00000000e3f00000|100%| O|  |TAMS 0x00000000e3f00000, 0x00000000e3e00000| Untracked 
| 575|0x00000000e3f00000, 0x00000000e4000000, 0x00000000e4000000|100%| O|  |TAMS 0x00000000e4000000, 0x00000000e3f00000| Untracked 
| 576|0x00000000e4000000, 0x00000000e4100000, 0x00000000e4100000|100%| O|  |TAMS 0x00000000e4100000, 0x00000000e4000000| Untracked 
| 577|0x00000000e4100000, 0x00000000e4200000, 0x00000000e4200000|100%| O|  |TAMS 0x00000000e4200000, 0x00000000e4100000| Untracked 
| 578|0x00000000e4200000, 0x00000000e4300000, 0x00000000e4300000|100%|HS|  |TAMS 0x00000000e4300000, 0x00000000e4200000| Complete 
| 579|0x00000000e4300000, 0x00000000e4400000, 0x00000000e4400000|100%| O|  |TAMS 0x00000000e4300000, 0x00000000e4300000| Untracked 
| 580|0x00000000e4400000, 0x00000000e4500000, 0x00000000e4500000|100%| O|  |TAMS 0x00000000e4400000, 0x00000000e4400000| Untracked 
| 581|0x00000000e4500000, 0x00000000e4600000, 0x00000000e4600000|100%| O|  |TAMS 0x00000000e4500000, 0x00000000e4500000| Untracked 
| 582|0x00000000e4600000, 0x00000000e4700000, 0x00000000e4700000|100%| O|  |TAMS 0x00000000e4600000, 0x00000000e4600000| Untracked 
| 583|0x00000000e4700000, 0x00000000e4800000, 0x00000000e4800000|100%| O|  |TAMS 0x00000000e4800000, 0x00000000e4700000| Untracked 
| 584|0x00000000e4800000, 0x00000000e4900000, 0x00000000e4900000|100%|HS|  |TAMS 0x00000000e4900000, 0x00000000e4800000| Complete 
| 585|0x00000000e4900000, 0x00000000e4a00000, 0x00000000e4a00000|100%| O|  |TAMS 0x00000000e4a00000, 0x00000000e4900000| Untracked 
| 586|0x00000000e4a00000, 0x00000000e4b00000, 0x00000000e4b00000|100%| O|  |TAMS 0x00000000e4b00000, 0x00000000e4a00000| Untracked 
| 587|0x00000000e4b00000, 0x00000000e4c00000, 0x00000000e4c00000|100%| O|  |TAMS 0x00000000e4c00000, 0x00000000e4b00000| Untracked 
| 588|0x00000000e4c00000, 0x00000000e4d00000, 0x00000000e4d00000|100%| O|  |TAMS 0x00000000e4d00000, 0x00000000e4c00000| Untracked 
| 589|0x00000000e4d00000, 0x00000000e4e00000, 0x00000000e4e00000|100%| O|  |TAMS 0x00000000e4e00000, 0x00000000e4d00000| Untracked 
| 590|0x00000000e4e00000, 0x00000000e4f00000, 0x00000000e4f00000|100%|HS|  |TAMS 0x00000000e4f00000, 0x00000000e4e00000| Complete 
| 591|0x00000000e4f00000, 0x00000000e4f18c00, 0x00000000e5000000|  9%| O|  |TAMS 0x00000000e4f00000, 0x00000000e4f00000| Untracked 
| 592|0x00000000e5000000, 0x00000000e5000000, 0x00000000e5100000|  0%| F|  |TAMS 0x00000000e5000000, 0x00000000e5000000| Untracked 
| 593|0x00000000e5100000, 0x00000000e5100000, 0x00000000e5200000|  0%| F|  |TAMS 0x00000000e5100000, 0x00000000e5100000| Untracked 
| 594|0x00000000e5200000, 0x00000000e5200000, 0x00000000e5300000|  0%| F|  |TAMS 0x00000000e5200000, 0x00000000e5200000| Untracked 
| 595|0x00000000e5300000, 0x00000000e5300000, 0x00000000e5400000|  0%| F|  |TAMS 0x00000000e5300000, 0x00000000e5300000| Untracked 
| 596|0x00000000e5400000, 0x00000000e5400000, 0x00000000e5500000|  0%| F|  |TAMS 0x00000000e5400000, 0x00000000e5400000| Untracked 
| 597|0x00000000e5500000, 0x00000000e5500000, 0x00000000e5600000|  0%| F|  |TAMS 0x00000000e5500000, 0x00000000e5500000| Untracked 
| 598|0x00000000e5600000, 0x00000000e5600000, 0x00000000e5700000|  0%| F|  |TAMS 0x00000000e5600000, 0x00000000e5600000| Untracked 
| 599|0x00000000e5700000, 0x00000000e5700000, 0x00000000e5800000|  0%| F|  |TAMS 0x00000000e5700000, 0x00000000e5700000| Untracked 
| 600|0x00000000e5800000, 0x00000000e5800000, 0x00000000e5900000|  0%| F|  |TAMS 0x00000000e5800000, 0x00000000e5800000| Untracked 
| 601|0x00000000e5900000, 0x00000000e5900000, 0x00000000e5a00000|  0%| F|  |TAMS 0x00000000e5900000, 0x00000000e5900000| Untracked 
| 602|0x00000000e5a00000, 0x00000000e5b00000, 0x00000000e5b00000|100%| O|  |TAMS 0x00000000e5b00000, 0x00000000e5a00000| Untracked 
| 603|0x00000000e5b00000, 0x00000000e5b00000, 0x00000000e5c00000|  0%| F|  |TAMS 0x00000000e5b00000, 0x00000000e5b00000| Untracked 
| 604|0x00000000e5c00000, 0x00000000e5d00000, 0x00000000e5d00000|100%|HS|  |TAMS 0x00000000e5d00000, 0x00000000e5c00000| Complete 
| 605|0x00000000e5d00000, 0x00000000e5e00000, 0x00000000e5e00000|100%|HC|  |TAMS 0x00000000e5e00000, 0x00000000e5d00000| Complete 
| 606|0x00000000e5e00000, 0x00000000e5f00000, 0x00000000e5f00000|100%|HC|  |TAMS 0x00000000e5f00000, 0x00000000e5e00000| Complete 
| 607|0x00000000e5f00000, 0x00000000e6000000, 0x00000000e6000000|100%|HC|  |TAMS 0x00000000e6000000, 0x00000000e5f00000| Complete 
| 608|0x00000000e6000000, 0x00000000e6100000, 0x00000000e6100000|100%|HC|  |TAMS 0x00000000e6100000, 0x00000000e6000000| Complete 
| 609|0x00000000e6100000, 0x00000000e6200000, 0x00000000e6200000|100%|HC|  |TAMS 0x00000000e6200000, 0x00000000e6100000| Complete 
| 610|0x00000000e6200000, 0x00000000e6300000, 0x00000000e6300000|100%|HC|  |TAMS 0x00000000e6300000, 0x00000000e6200000| Complete 
| 611|0x00000000e6300000, 0x00000000e6400000, 0x00000000e6400000|100%|HC|  |TAMS 0x00000000e6400000, 0x00000000e6300000| Complete 
| 612|0x00000000e6400000, 0x00000000e6500000, 0x00000000e6500000|100%|HC|  |TAMS 0x00000000e6500000, 0x00000000e6400000| Complete 
| 613|0x00000000e6500000, 0x00000000e6600000, 0x00000000e6600000|100%|HC|  |TAMS 0x00000000e6600000, 0x00000000e6500000| Complete 
| 614|0x00000000e6600000, 0x00000000e6700000, 0x00000000e6700000|100%|HC|  |TAMS 0x00000000e6700000, 0x00000000e6600000| Complete 
| 615|0x00000000e6700000, 0x00000000e6700000, 0x00000000e6800000|  0%| F|  |TAMS 0x00000000e6700000, 0x00000000e6700000| Untracked 
| 616|0x00000000e6800000, 0x00000000e6800000, 0x00000000e6900000|  0%| F|  |TAMS 0x00000000e6800000, 0x00000000e6800000| Untracked 
| 617|0x00000000e6900000, 0x00000000e6900000, 0x00000000e6a00000|  0%| F|  |TAMS 0x00000000e6900000, 0x00000000e6900000| Untracked 
| 618|0x00000000e6a00000, 0x00000000e6a00000, 0x00000000e6b00000|  0%| F|  |TAMS 0x00000000e6a00000, 0x00000000e6a00000| Untracked 
| 619|0x00000000e6b00000, 0x00000000e6b00000, 0x00000000e6c00000|  0%| F|  |TAMS 0x00000000e6b00000, 0x00000000e6b00000| Untracked 
| 620|0x00000000e6c00000, 0x00000000e6c00000, 0x00000000e6d00000|  0%| F|  |TAMS 0x00000000e6c00000, 0x00000000e6c00000| Untracked 
| 621|0x00000000e6d00000, 0x00000000e6e00000, 0x00000000e6e00000|100%| O|  |TAMS 0x00000000e6e00000, 0x00000000e6d00000| Untracked 
| 622|0x00000000e6e00000, 0x00000000e6f00000, 0x00000000e6f00000|100%| O|  |TAMS 0x00000000e6f00000, 0x00000000e6e00000| Untracked 
| 623|0x00000000e6f00000, 0x00000000e7000000, 0x00000000e7000000|100%| O|  |TAMS 0x00000000e7000000, 0x00000000e6f00000| Untracked 
| 624|0x00000000e7000000, 0x00000000e7100000, 0x00000000e7100000|100%| O|  |TAMS 0x00000000e7100000, 0x00000000e7000000| Untracked 
| 625|0x00000000e7100000, 0x00000000e7200000, 0x00000000e7200000|100%|HS|  |TAMS 0x00000000e7200000, 0x00000000e7100000| Complete 
| 626|0x00000000e7200000, 0x00000000e7300000, 0x00000000e7300000|100%|HC|  |TAMS 0x00000000e7300000, 0x00000000e7200000| Complete 
| 627|0x00000000e7300000, 0x00000000e7400000, 0x00000000e7400000|100%|HC|  |TAMS 0x00000000e7400000, 0x00000000e7300000| Complete 
| 628|0x00000000e7400000, 0x00000000e7500000, 0x00000000e7500000|100%|HC|  |TAMS 0x00000000e7500000, 0x00000000e7400000| Complete 
| 629|0x00000000e7500000, 0x00000000e7600000, 0x00000000e7600000|100%|HC|  |TAMS 0x00000000e7600000, 0x00000000e7500000| Complete 
| 630|0x00000000e7600000, 0x00000000e7700000, 0x00000000e7700000|100%|HC|  |TAMS 0x00000000e7700000, 0x00000000e7600000| Complete 
| 631|0x00000000e7700000, 0x00000000e7800000, 0x00000000e7800000|100%|HC|  |TAMS 0x00000000e7800000, 0x00000000e7700000| Complete 
| 632|0x00000000e7800000, 0x00000000e7900000, 0x00000000e7900000|100%|HC|  |TAMS 0x00000000e7900000, 0x00000000e7800000| Complete 
| 633|0x00000000e7900000, 0x00000000e7a00000, 0x00000000e7a00000|100%|HC|  |TAMS 0x00000000e7a00000, 0x00000000e7900000| Complete 
| 634|0x00000000e7a00000, 0x00000000e7a00000, 0x00000000e7b00000|  0%| F|  |TAMS 0x00000000e7a00000, 0x00000000e7a00000| Untracked 
| 635|0x00000000e7b00000, 0x00000000e7b00000, 0x00000000e7c00000|  0%| F|  |TAMS 0x00000000e7b00000, 0x00000000e7b00000| Untracked 
| 636|0x00000000e7c00000, 0x00000000e7c00000, 0x00000000e7d00000|  0%| F|  |TAMS 0x00000000e7c00000, 0x00000000e7c00000| Untracked 
| 637|0x00000000e7d00000, 0x00000000e7d00000, 0x00000000e7e00000|  0%| F|  |TAMS 0x00000000e7d00000, 0x00000000e7d00000| Untracked 
| 638|0x00000000e7e00000, 0x00000000e7e00000, 0x00000000e7f00000|  0%| F|  |TAMS 0x00000000e7e00000, 0x00000000e7e00000| Untracked 
| 639|0x00000000e7f00000, 0x00000000e7f00000, 0x00000000e8000000|  0%| F|  |TAMS 0x00000000e7f00000, 0x00000000e7f00000| Untracked 
| 640|0x00000000e8000000, 0x00000000e8000000, 0x00000000e8100000|  0%| F|  |TAMS 0x00000000e8000000, 0x00000000e8000000| Untracked 
| 641|0x00000000e8100000, 0x00000000e8100000, 0x00000000e8200000|  0%| F|  |TAMS 0x00000000e8100000, 0x00000000e8100000| Untracked 
| 642|0x00000000e8200000, 0x00000000e8200000, 0x00000000e8300000|  0%| F|  |TAMS 0x00000000e8200000, 0x00000000e8200000| Untracked 
| 643|0x00000000e8300000, 0x00000000e8300000, 0x00000000e8400000|  0%| F|  |TAMS 0x00000000e8300000, 0x00000000e8300000| Untracked 
| 644|0x00000000e8400000, 0x00000000e8400000, 0x00000000e8500000|  0%| F|  |TAMS 0x00000000e8400000, 0x00000000e8400000| Untracked 
| 645|0x00000000e8500000, 0x00000000e8500000, 0x00000000e8600000|  0%| F|  |TAMS 0x00000000e8500000, 0x00000000e8500000| Untracked 
| 646|0x00000000e8600000, 0x00000000e8600000, 0x00000000e8700000|  0%| F|  |TAMS 0x00000000e8600000, 0x00000000e8600000| Untracked 
| 647|0x00000000e8700000, 0x00000000e8700000, 0x00000000e8800000|  0%| F|  |TAMS 0x00000000e8700000, 0x00000000e8700000| Untracked 
| 648|0x00000000e8800000, 0x00000000e8900000, 0x00000000e8900000|100%|HS|  |TAMS 0x00000000e8900000, 0x00000000e8800000| Complete 
| 649|0x00000000e8900000, 0x00000000e8900000, 0x00000000e8a00000|  0%| F|  |TAMS 0x00000000e8900000, 0x00000000e8900000| Untracked 
| 650|0x00000000e8a00000, 0x00000000e8a00000, 0x00000000e8b00000|  0%| F|  |TAMS 0x00000000e8a00000, 0x00000000e8a00000| Untracked 
| 651|0x00000000e8b00000, 0x00000000e8b00000, 0x00000000e8c00000|  0%| F|  |TAMS 0x00000000e8b00000, 0x00000000e8b00000| Untracked 
| 652|0x00000000e8c00000, 0x00000000e8c00000, 0x00000000e8d00000|  0%| F|  |TAMS 0x00000000e8c00000, 0x00000000e8c00000| Untracked 
| 653|0x00000000e8d00000, 0x00000000e8d00000, 0x00000000e8e00000|  0%| F|  |TAMS 0x00000000e8d00000, 0x00000000e8d00000| Untracked 
| 654|0x00000000e8e00000, 0x00000000e8f00000, 0x00000000e8f00000|100%|HS|  |TAMS 0x00000000e8f00000, 0x00000000e8e00000| Complete 
| 655|0x00000000e8f00000, 0x00000000e8f00000, 0x00000000e9000000|  0%| F|  |TAMS 0x00000000e8f00000, 0x00000000e8f00000| Untracked 
| 656|0x00000000e9000000, 0x00000000e9000000, 0x00000000e9100000|  0%| F|  |TAMS 0x00000000e9000000, 0x00000000e9000000| Untracked 
| 657|0x00000000e9100000, 0x00000000e9200000, 0x00000000e9200000|100%|HS|  |TAMS 0x00000000e9200000, 0x00000000e9100000| Complete 
| 658|0x00000000e9200000, 0x00000000e9200000, 0x00000000e9300000|  0%| F|  |TAMS 0x00000000e9200000, 0x00000000e9200000| Untracked 
| 659|0x00000000e9300000, 0x00000000e9300000, 0x00000000e9400000|  0%| F|  |TAMS 0x00000000e9300000, 0x00000000e9300000| Untracked 
| 660|0x00000000e9400000, 0x00000000e9400000, 0x00000000e9500000|  0%| F|  |TAMS 0x00000000e9400000, 0x00000000e9400000| Untracked 
| 661|0x00000000e9500000, 0x00000000e9500000, 0x00000000e9600000|  0%| F|  |TAMS 0x00000000e9500000, 0x00000000e9500000| Untracked 
| 662|0x00000000e9600000, 0x00000000e9600000, 0x00000000e9700000|  0%| F|  |TAMS 0x00000000e9600000, 0x00000000e9600000| Untracked 
| 663|0x00000000e9700000, 0x00000000e9700000, 0x00000000e9800000|  0%| F|  |TAMS 0x00000000e9700000, 0x00000000e9700000| Untracked 
| 664|0x00000000e9800000, 0x00000000e9800000, 0x00000000e9900000|  0%| F|  |TAMS 0x00000000e9800000, 0x00000000e9800000| Untracked 
| 665|0x00000000e9900000, 0x00000000e9900000, 0x00000000e9a00000|  0%| F|  |TAMS 0x00000000e9900000, 0x00000000e9900000| Untracked 
| 666|0x00000000e9a00000, 0x00000000e9a00000, 0x00000000e9b00000|  0%| F|  |TAMS 0x00000000e9a00000, 0x00000000e9a00000| Untracked 
| 667|0x00000000e9b00000, 0x00000000e9b00000, 0x00000000e9c00000|  0%| F|  |TAMS 0x00000000e9b00000, 0x00000000e9b00000| Untracked 
| 668|0x00000000e9c00000, 0x00000000e9c00000, 0x00000000e9d00000|  0%| F|  |TAMS 0x00000000e9c00000, 0x00000000e9c00000| Untracked 
| 669|0x00000000e9d00000, 0x00000000e9d00000, 0x00000000e9e00000|  0%| F|  |TAMS 0x00000000e9d00000, 0x00000000e9d00000| Untracked 
| 670|0x00000000e9e00000, 0x00000000e9e00000, 0x00000000e9f00000|  0%| F|  |TAMS 0x00000000e9e00000, 0x00000000e9e00000| Untracked 
| 671|0x00000000e9f00000, 0x00000000e9f00000, 0x00000000ea000000|  0%| F|  |TAMS 0x00000000e9f00000, 0x00000000e9f00000| Untracked 
| 672|0x00000000ea000000, 0x00000000ea000000, 0x00000000ea100000|  0%| F|  |TAMS 0x00000000ea000000, 0x00000000ea000000| Untracked 
| 673|0x00000000ea100000, 0x00000000ea100000, 0x00000000ea200000|  0%| F|  |TAMS 0x00000000ea100000, 0x00000000ea100000| Untracked 
| 674|0x00000000ea200000, 0x00000000ea200000, 0x00000000ea300000|  0%| F|  |TAMS 0x00000000ea200000, 0x00000000ea200000| Untracked 
| 675|0x00000000ea300000, 0x00000000ea300000, 0x00000000ea400000|  0%| F|  |TAMS 0x00000000ea300000, 0x00000000ea300000| Untracked 
| 676|0x00000000ea400000, 0x00000000ea400000, 0x00000000ea500000|  0%| F|  |TAMS 0x00000000ea400000, 0x00000000ea400000| Untracked 
| 677|0x00000000ea500000, 0x00000000ea500000, 0x00000000ea600000|  0%| F|  |TAMS 0x00000000ea500000, 0x00000000ea500000| Untracked 
| 678|0x00000000ea600000, 0x00000000ea600000, 0x00000000ea700000|  0%| F|  |TAMS 0x00000000ea600000, 0x00000000ea600000| Untracked 
| 679|0x00000000ea700000, 0x00000000ea700000, 0x00000000ea800000|  0%| F|  |TAMS 0x00000000ea700000, 0x00000000ea700000| Untracked 
| 680|0x00000000ea800000, 0x00000000ea800000, 0x00000000ea900000|  0%| F|  |TAMS 0x00000000ea800000, 0x00000000ea800000| Untracked 
| 681|0x00000000ea900000, 0x00000000ea900000, 0x00000000eaa00000|  0%| F|  |TAMS 0x00000000ea900000, 0x00000000ea900000| Untracked 
| 682|0x00000000eaa00000, 0x00000000eaa00000, 0x00000000eab00000|  0%| F|  |TAMS 0x00000000eaa00000, 0x00000000eaa00000| Untracked 
| 683|0x00000000eab00000, 0x00000000eab00000, 0x00000000eac00000|  0%| F|  |TAMS 0x00000000eab00000, 0x00000000eab00000| Untracked 
| 684|0x00000000eac00000, 0x00000000eac00000, 0x00000000ead00000|  0%| F|  |TAMS 0x00000000eac00000, 0x00000000eac00000| Untracked 
| 685|0x00000000ead00000, 0x00000000ead00000, 0x00000000eae00000|  0%| F|  |TAMS 0x00000000ead00000, 0x00000000ead00000| Untracked 
| 686|0x00000000eae00000, 0x00000000eae00000, 0x00000000eaf00000|  0%| F|  |TAMS 0x00000000eae00000, 0x00000000eae00000| Untracked 
| 687|0x00000000eaf00000, 0x00000000eaf00000, 0x00000000eb000000|  0%| F|  |TAMS 0x00000000eaf00000, 0x00000000eaf00000| Untracked 
| 688|0x00000000eb000000, 0x00000000eb000000, 0x00000000eb100000|  0%| F|  |TAMS 0x00000000eb000000, 0x00000000eb000000| Untracked 
| 689|0x00000000eb100000, 0x00000000eb100000, 0x00000000eb200000|  0%| F|  |TAMS 0x00000000eb100000, 0x00000000eb100000| Untracked 
| 690|0x00000000eb200000, 0x00000000eb200000, 0x00000000eb300000|  0%| F|  |TAMS 0x00000000eb200000, 0x00000000eb200000| Untracked 
| 691|0x00000000eb300000, 0x00000000eb300000, 0x00000000eb400000|  0%| F|  |TAMS 0x00000000eb300000, 0x00000000eb300000| Untracked 
| 692|0x00000000eb400000, 0x00000000eb400000, 0x00000000eb500000|  0%| F|  |TAMS 0x00000000eb400000, 0x00000000eb400000| Untracked 
| 693|0x00000000eb500000, 0x00000000eb500000, 0x00000000eb600000|  0%| F|  |TAMS 0x00000000eb500000, 0x00000000eb500000| Untracked 
| 694|0x00000000eb600000, 0x00000000eb600000, 0x00000000eb700000|  0%| F|  |TAMS 0x00000000eb600000, 0x00000000eb600000| Untracked 
| 695|0x00000000eb700000, 0x00000000eb700000, 0x00000000eb800000|  0%| F|  |TAMS 0x00000000eb700000, 0x00000000eb700000| Untracked 
| 696|0x00000000eb800000, 0x00000000eb800000, 0x00000000eb900000|  0%| F|  |TAMS 0x00000000eb800000, 0x00000000eb800000| Untracked 
| 697|0x00000000eb900000, 0x00000000eb900000, 0x00000000eba00000|  0%| F|  |TAMS 0x00000000eb900000, 0x00000000eb900000| Untracked 
| 698|0x00000000eba00000, 0x00000000eba00000, 0x00000000ebb00000|  0%| F|  |TAMS 0x00000000eba00000, 0x00000000eba00000| Untracked 
| 699|0x00000000ebb00000, 0x00000000ebb00000, 0x00000000ebc00000|  0%| F|  |TAMS 0x00000000ebb00000, 0x00000000ebb00000| Untracked 
| 700|0x00000000ebc00000, 0x00000000ebc00000, 0x00000000ebd00000|  0%| F|  |TAMS 0x00000000ebc00000, 0x00000000ebc00000| Untracked 
| 701|0x00000000ebd00000, 0x00000000ebd00000, 0x00000000ebe00000|  0%| F|  |TAMS 0x00000000ebd00000, 0x00000000ebd00000| Untracked 
| 702|0x00000000ebe00000, 0x00000000ebe00000, 0x00000000ebf00000|  0%| F|  |TAMS 0x00000000ebe00000, 0x00000000ebe00000| Untracked 
| 703|0x00000000ebf00000, 0x00000000ebf00000, 0x00000000ec000000|  0%| F|  |TAMS 0x00000000ebf00000, 0x00000000ebf00000| Untracked 
| 704|0x00000000ec000000, 0x00000000ec000000, 0x00000000ec100000|  0%| F|  |TAMS 0x00000000ec000000, 0x00000000ec000000| Untracked 
| 705|0x00000000ec100000, 0x00000000ec100000, 0x00000000ec200000|  0%| F|  |TAMS 0x00000000ec100000, 0x00000000ec100000| Untracked 
| 706|0x00000000ec200000, 0x00000000ec200000, 0x00000000ec300000|  0%| F|  |TAMS 0x00000000ec200000, 0x00000000ec200000| Untracked 
| 707|0x00000000ec300000, 0x00000000ec300000, 0x00000000ec400000|  0%| F|  |TAMS 0x00000000ec300000, 0x00000000ec300000| Untracked 
| 708|0x00000000ec400000, 0x00000000ec400000, 0x00000000ec500000|  0%| F|  |TAMS 0x00000000ec400000, 0x00000000ec400000| Untracked 
| 709|0x00000000ec500000, 0x00000000ec500000, 0x00000000ec600000|  0%| F|  |TAMS 0x00000000ec500000, 0x00000000ec500000| Untracked 
| 710|0x00000000ec600000, 0x00000000ec600000, 0x00000000ec700000|  0%| F|  |TAMS 0x00000000ec600000, 0x00000000ec600000| Untracked 
| 711|0x00000000ec700000, 0x00000000ec700000, 0x00000000ec800000|  0%| F|  |TAMS 0x00000000ec700000, 0x00000000ec700000| Untracked 
| 712|0x00000000ec800000, 0x00000000ec800000, 0x00000000ec900000|  0%| F|  |TAMS 0x00000000ec800000, 0x00000000ec800000| Untracked 
| 713|0x00000000ec900000, 0x00000000ec900000, 0x00000000eca00000|  0%| F|  |TAMS 0x00000000ec900000, 0x00000000ec900000| Untracked 
| 714|0x00000000eca00000, 0x00000000eca00000, 0x00000000ecb00000|  0%| F|  |TAMS 0x00000000eca00000, 0x00000000eca00000| Untracked 
| 715|0x00000000ecb00000, 0x00000000ecb00000, 0x00000000ecc00000|  0%| F|  |TAMS 0x00000000ecb00000, 0x00000000ecb00000| Untracked 
| 716|0x00000000ecc00000, 0x00000000ecc00000, 0x00000000ecd00000|  0%| F|  |TAMS 0x00000000ecc00000, 0x00000000ecc00000| Untracked 
| 717|0x00000000ecd00000, 0x00000000ecd00000, 0x00000000ece00000|  0%| F|  |TAMS 0x00000000ecd00000, 0x00000000ecd00000| Untracked 
| 718|0x00000000ece00000, 0x00000000ece00000, 0x00000000ecf00000|  0%| F|  |TAMS 0x00000000ece00000, 0x00000000ece00000| Untracked 
| 719|0x00000000ecf00000, 0x00000000ecf00000, 0x00000000ed000000|  0%| F|  |TAMS 0x00000000ecf00000, 0x00000000ecf00000| Untracked 
| 720|0x00000000ed000000, 0x00000000ed000000, 0x00000000ed100000|  0%| F|  |TAMS 0x00000000ed000000, 0x00000000ed000000| Untracked 
| 721|0x00000000ed100000, 0x00000000ed100000, 0x00000000ed200000|  0%| F|  |TAMS 0x00000000ed100000, 0x00000000ed100000| Untracked 
| 722|0x00000000ed200000, 0x00000000ed200000, 0x00000000ed300000|  0%| F|  |TAMS 0x00000000ed200000, 0x00000000ed200000| Untracked 
| 723|0x00000000ed300000, 0x00000000ed300000, 0x00000000ed400000|  0%| F|  |TAMS 0x00000000ed300000, 0x00000000ed300000| Untracked 
| 724|0x00000000ed400000, 0x00000000ed400000, 0x00000000ed500000|  0%| F|  |TAMS 0x00000000ed400000, 0x00000000ed400000| Untracked 
| 725|0x00000000ed500000, 0x00000000ed500000, 0x00000000ed600000|  0%| F|  |TAMS 0x00000000ed500000, 0x00000000ed500000| Untracked 
| 726|0x00000000ed600000, 0x00000000ed600000, 0x00000000ed700000|  0%| F|  |TAMS 0x00000000ed600000, 0x00000000ed600000| Untracked 
| 727|0x00000000ed700000, 0x00000000ed700000, 0x00000000ed800000|  0%| F|  |TAMS 0x00000000ed700000, 0x00000000ed700000| Untracked 
| 728|0x00000000ed800000, 0x00000000ed800000, 0x00000000ed900000|  0%| F|  |TAMS 0x00000000ed800000, 0x00000000ed800000| Untracked 
| 729|0x00000000ed900000, 0x00000000ed900000, 0x00000000eda00000|  0%| F|  |TAMS 0x00000000ed900000, 0x00000000ed900000| Untracked 
| 730|0x00000000eda00000, 0x00000000eda00000, 0x00000000edb00000|  0%| F|  |TAMS 0x00000000eda00000, 0x00000000eda00000| Untracked 
| 731|0x00000000edb00000, 0x00000000edb00000, 0x00000000edc00000|  0%| F|  |TAMS 0x00000000edb00000, 0x00000000edb00000| Untracked 
| 732|0x00000000edc00000, 0x00000000edc00000, 0x00000000edd00000|  0%| F|  |TAMS 0x00000000edc00000, 0x00000000edc00000| Untracked 
| 733|0x00000000edd00000, 0x00000000edd00000, 0x00000000ede00000|  0%| F|  |TAMS 0x00000000edd00000, 0x00000000edd00000| Untracked 
| 734|0x00000000ede00000, 0x00000000ede00000, 0x00000000edf00000|  0%| F|  |TAMS 0x00000000ede00000, 0x00000000ede00000| Untracked 
| 735|0x00000000edf00000, 0x00000000edf00000, 0x00000000ee000000|  0%| F|  |TAMS 0x00000000edf00000, 0x00000000edf00000| Untracked 
| 736|0x00000000ee000000, 0x00000000ee096348, 0x00000000ee100000| 58%| S|CS|TAMS 0x00000000ee000000, 0x00000000ee000000| Complete 
| 737|0x00000000ee100000, 0x00000000ee200000, 0x00000000ee200000|100%| S|CS|TAMS 0x00000000ee100000, 0x00000000ee100000| Complete 
| 738|0x00000000ee200000, 0x00000000ee300000, 0x00000000ee300000|100%| S|CS|TAMS 0x00000000ee200000, 0x00000000ee200000| Complete 
| 739|0x00000000ee300000, 0x00000000ee400000, 0x00000000ee400000|100%| S|CS|TAMS 0x00000000ee300000, 0x00000000ee300000| Complete 
| 740|0x00000000ee400000, 0x00000000ee500000, 0x00000000ee500000|100%| S|CS|TAMS 0x00000000ee400000, 0x00000000ee400000| Complete 
| 741|0x00000000ee500000, 0x00000000ee600000, 0x00000000ee600000|100%| S|CS|TAMS 0x00000000ee500000, 0x00000000ee500000| Complete 
| 742|0x00000000ee600000, 0x00000000ee700000, 0x00000000ee700000|100%| S|CS|TAMS 0x00000000ee600000, 0x00000000ee600000| Complete 
| 743|0x00000000ee700000, 0x00000000ee800000, 0x00000000ee800000|100%| S|CS|TAMS 0x00000000ee700000, 0x00000000ee700000| Complete 
| 744|0x00000000ee800000, 0x00000000ee900000, 0x00000000ee900000|100%| S|CS|TAMS 0x00000000ee800000, 0x00000000ee800000| Complete 
| 745|0x00000000ee900000, 0x00000000eea00000, 0x00000000eea00000|100%| S|CS|TAMS 0x00000000ee900000, 0x00000000ee900000| Complete 
| 746|0x00000000eea00000, 0x00000000eea00000, 0x00000000eeb00000|  0%| F|  |TAMS 0x00000000eea00000, 0x00000000eea00000| Untracked 
| 747|0x00000000eeb00000, 0x00000000eeb00000, 0x00000000eec00000|  0%| F|  |TAMS 0x00000000eeb00000, 0x00000000eeb00000| Untracked 
| 748|0x00000000eec00000, 0x00000000eec00000, 0x00000000eed00000|  0%| F|  |TAMS 0x00000000eec00000, 0x00000000eec00000| Untracked 
| 749|0x00000000eed00000, 0x00000000eed00000, 0x00000000eee00000|  0%| F|  |TAMS 0x00000000eed00000, 0x00000000eed00000| Untracked 
| 750|0x00000000eee00000, 0x00000000eee00000, 0x00000000eef00000|  0%| F|  |TAMS 0x00000000eee00000, 0x00000000eee00000| Untracked 
| 751|0x00000000eef00000, 0x00000000eef00000, 0x00000000ef000000|  0%| F|  |TAMS 0x00000000eef00000, 0x00000000eef00000| Untracked 
| 752|0x00000000ef000000, 0x00000000ef000000, 0x00000000ef100000|  0%| F|  |TAMS 0x00000000ef000000, 0x00000000ef000000| Untracked 
| 753|0x00000000ef100000, 0x00000000ef100000, 0x00000000ef200000|  0%| F|  |TAMS 0x00000000ef100000, 0x00000000ef100000| Untracked 
| 754|0x00000000ef200000, 0x00000000ef200000, 0x00000000ef300000|  0%| F|  |TAMS 0x00000000ef200000, 0x00000000ef200000| Untracked 
| 755|0x00000000ef300000, 0x00000000ef300000, 0x00000000ef400000|  0%| F|  |TAMS 0x00000000ef300000, 0x00000000ef300000| Untracked 
| 756|0x00000000ef400000, 0x00000000ef400000, 0x00000000ef500000|  0%| F|  |TAMS 0x00000000ef400000, 0x00000000ef400000| Untracked 
| 757|0x00000000ef500000, 0x00000000ef500000, 0x00000000ef600000|  0%| F|  |TAMS 0x00000000ef500000, 0x00000000ef500000| Untracked 
| 758|0x00000000ef600000, 0x00000000ef600000, 0x00000000ef700000|  0%| F|  |TAMS 0x00000000ef600000, 0x00000000ef600000| Untracked 
| 759|0x00000000ef700000, 0x00000000ef700000, 0x00000000ef800000|  0%| F|  |TAMS 0x00000000ef700000, 0x00000000ef700000| Untracked 
| 760|0x00000000ef800000, 0x00000000ef800000, 0x00000000ef900000|  0%| F|  |TAMS 0x00000000ef800000, 0x00000000ef800000| Untracked 
| 761|0x00000000ef900000, 0x00000000ef900000, 0x00000000efa00000|  0%| F|  |TAMS 0x00000000ef900000, 0x00000000ef900000| Untracked 
| 762|0x00000000efa00000, 0x00000000efa00000, 0x00000000efb00000|  0%| F|  |TAMS 0x00000000efa00000, 0x00000000efa00000| Untracked 
| 763|0x00000000efb00000, 0x00000000efb00000, 0x00000000efc00000|  0%| F|  |TAMS 0x00000000efb00000, 0x00000000efb00000| Untracked 
| 764|0x00000000efc00000, 0x00000000efc00000, 0x00000000efd00000|  0%| F|  |TAMS 0x00000000efc00000, 0x00000000efc00000| Untracked 
| 765|0x00000000efd00000, 0x00000000efd00000, 0x00000000efe00000|  0%| F|  |TAMS 0x00000000efd00000, 0x00000000efd00000| Untracked 
| 766|0x00000000efe00000, 0x00000000efe00000, 0x00000000eff00000|  0%| F|  |TAMS 0x00000000efe00000, 0x00000000efe00000| Untracked 
| 767|0x00000000eff00000, 0x00000000eff00000, 0x00000000f0000000|  0%| F|  |TAMS 0x00000000eff00000, 0x00000000eff00000| Untracked 
| 768|0x00000000f0000000, 0x00000000f0100000, 0x00000000f0100000|100%|HS|  |TAMS 0x00000000f0100000, 0x00000000f0000000| Complete 
| 769|0x00000000f0100000, 0x00000000f0100000, 0x00000000f0200000|  0%| F|  |TAMS 0x00000000f0100000, 0x00000000f0100000| Untracked 
| 770|0x00000000f0200000, 0x00000000f0200000, 0x00000000f0300000|  0%| F|  |TAMS 0x00000000f0200000, 0x00000000f0200000| Untracked 
| 771|0x00000000f0300000, 0x00000000f0300000, 0x00000000f0400000|  0%| F|  |TAMS 0x00000000f0300000, 0x00000000f0300000| Untracked 
| 772|0x00000000f0400000, 0x00000000f0400000, 0x00000000f0500000|  0%| F|  |TAMS 0x00000000f0400000, 0x00000000f0400000| Untracked 
| 773|0x00000000f0500000, 0x00000000f0600000, 0x00000000f0600000|100%|HS|  |TAMS 0x00000000f0600000, 0x00000000f0500000| Complete 
| 774|0x00000000f0600000, 0x00000000f0600000, 0x00000000f0700000|  0%| F|  |TAMS 0x00000000f0600000, 0x00000000f0600000| Untracked 
| 775|0x00000000f0700000, 0x00000000f0700000, 0x00000000f0800000|  0%| F|  |TAMS 0x00000000f0700000, 0x00000000f0700000| Untracked 
| 776|0x00000000f0800000, 0x00000000f0800000, 0x00000000f0900000|  0%| F|  |TAMS 0x00000000f0800000, 0x00000000f0800000| Untracked 
| 777|0x00000000f0900000, 0x00000000f0900000, 0x00000000f0a00000|  0%| F|  |TAMS 0x00000000f0900000, 0x00000000f0900000| Untracked 
| 778|0x00000000f0a00000, 0x00000000f0a00000, 0x00000000f0b00000|  0%| F|  |TAMS 0x00000000f0a00000, 0x00000000f0a00000| Untracked 
| 779|0x00000000f0b00000, 0x00000000f0b00000, 0x00000000f0c00000|  0%| F|  |TAMS 0x00000000f0b00000, 0x00000000f0b00000| Untracked 
| 780|0x00000000f0c00000, 0x00000000f0c00000, 0x00000000f0d00000|  0%| F|  |TAMS 0x00000000f0c00000, 0x00000000f0c00000| Untracked 
| 781|0x00000000f0d00000, 0x00000000f0d00000, 0x00000000f0e00000|  0%| F|  |TAMS 0x00000000f0d00000, 0x00000000f0d00000| Untracked 
| 782|0x00000000f0e00000, 0x00000000f0e00000, 0x00000000f0f00000|  0%| F|  |TAMS 0x00000000f0e00000, 0x00000000f0e00000| Untracked 
| 783|0x00000000f0f00000, 0x00000000f0f00000, 0x00000000f1000000|  0%| F|  |TAMS 0x00000000f0f00000, 0x00000000f0f00000| Untracked 
| 784|0x00000000f1000000, 0x00000000f1000000, 0x00000000f1100000|  0%| F|  |TAMS 0x00000000f1000000, 0x00000000f1000000| Untracked 
| 785|0x00000000f1100000, 0x00000000f1100000, 0x00000000f1200000|  0%| F|  |TAMS 0x00000000f1100000, 0x00000000f1100000| Untracked 
| 786|0x00000000f1200000, 0x00000000f1200000, 0x00000000f1300000|  0%| F|  |TAMS 0x00000000f1200000, 0x00000000f1200000| Untracked 
| 787|0x00000000f1300000, 0x00000000f1300000, 0x00000000f1400000|  0%| F|  |TAMS 0x00000000f1300000, 0x00000000f1300000| Untracked 
| 788|0x00000000f1400000, 0x00000000f1400000, 0x00000000f1500000|  0%| F|  |TAMS 0x00000000f1400000, 0x00000000f1400000| Untracked 
| 789|0x00000000f1500000, 0x00000000f1500000, 0x00000000f1600000|  0%| F|  |TAMS 0x00000000f1500000, 0x00000000f1500000| Untracked 
| 790|0x00000000f1600000, 0x00000000f1600000, 0x00000000f1700000|  0%| F|  |TAMS 0x00000000f1600000, 0x00000000f1600000| Untracked 
| 791|0x00000000f1700000, 0x00000000f1700000, 0x00000000f1800000|  0%| F|  |TAMS 0x00000000f1700000, 0x00000000f1700000| Untracked 
| 792|0x00000000f1800000, 0x00000000f1800000, 0x00000000f1900000|  0%| F|  |TAMS 0x00000000f1800000, 0x00000000f1800000| Untracked 
| 793|0x00000000f1900000, 0x00000000f1900000, 0x00000000f1a00000|  0%| F|  |TAMS 0x00000000f1900000, 0x00000000f1900000| Untracked 
| 794|0x00000000f1a00000, 0x00000000f1a00000, 0x00000000f1b00000|  0%| F|  |TAMS 0x00000000f1a00000, 0x00000000f1a00000| Untracked 
| 795|0x00000000f1b00000, 0x00000000f1b00000, 0x00000000f1c00000|  0%| F|  |TAMS 0x00000000f1b00000, 0x00000000f1b00000| Untracked 
| 796|0x00000000f1c00000, 0x00000000f1c00000, 0x00000000f1d00000|  0%| F|  |TAMS 0x00000000f1c00000, 0x00000000f1c00000| Untracked 
| 797|0x00000000f1d00000, 0x00000000f1d00000, 0x00000000f1e00000|  0%| F|  |TAMS 0x00000000f1d00000, 0x00000000f1d00000| Untracked 
| 798|0x00000000f1e00000, 0x00000000f1e00000, 0x00000000f1f00000|  0%| F|  |TAMS 0x00000000f1e00000, 0x00000000f1e00000| Untracked 
| 799|0x00000000f1f00000, 0x00000000f1f00000, 0x00000000f2000000|  0%| F|  |TAMS 0x00000000f1f00000, 0x00000000f1f00000| Untracked 
| 800|0x00000000f2000000, 0x00000000f2000000, 0x00000000f2100000|  0%| F|  |TAMS 0x00000000f2000000, 0x00000000f2000000| Untracked 
| 801|0x00000000f2100000, 0x00000000f2100000, 0x00000000f2200000|  0%| F|  |TAMS 0x00000000f2100000, 0x00000000f2100000| Untracked 
| 802|0x00000000f2200000, 0x00000000f2200000, 0x00000000f2300000|  0%| F|  |TAMS 0x00000000f2200000, 0x00000000f2200000| Untracked 
| 803|0x00000000f2300000, 0x00000000f2300000, 0x00000000f2400000|  0%| F|  |TAMS 0x00000000f2300000, 0x00000000f2300000| Untracked 
| 804|0x00000000f2400000, 0x00000000f2400000, 0x00000000f2500000|  0%| F|  |TAMS 0x00000000f2400000, 0x00000000f2400000| Untracked 
| 805|0x00000000f2500000, 0x00000000f2500000, 0x00000000f2600000|  0%| F|  |TAMS 0x00000000f2500000, 0x00000000f2500000| Untracked 
| 806|0x00000000f2600000, 0x00000000f2600000, 0x00000000f2700000|  0%| F|  |TAMS 0x00000000f2600000, 0x00000000f2600000| Untracked 
| 807|0x00000000f2700000, 0x00000000f2700000, 0x00000000f2800000|  0%| F|  |TAMS 0x00000000f2700000, 0x00000000f2700000| Untracked 
| 808|0x00000000f2800000, 0x00000000f2800000, 0x00000000f2900000|  0%| F|  |TAMS 0x00000000f2800000, 0x00000000f2800000| Untracked 
| 809|0x00000000f2900000, 0x00000000f2900000, 0x00000000f2a00000|  0%| F|  |TAMS 0x00000000f2900000, 0x00000000f2900000| Untracked 
| 810|0x00000000f2a00000, 0x00000000f2a00000, 0x00000000f2b00000|  0%| F|  |TAMS 0x00000000f2a00000, 0x00000000f2a00000| Untracked 
| 811|0x00000000f2b00000, 0x00000000f2b00000, 0x00000000f2c00000|  0%| F|  |TAMS 0x00000000f2b00000, 0x00000000f2b00000| Untracked 
| 812|0x00000000f2c00000, 0x00000000f2c00000, 0x00000000f2d00000|  0%| F|  |TAMS 0x00000000f2c00000, 0x00000000f2c00000| Untracked 
| 813|0x00000000f2d00000, 0x00000000f2d00000, 0x00000000f2e00000|  0%| F|  |TAMS 0x00000000f2d00000, 0x00000000f2d00000| Untracked 
| 814|0x00000000f2e00000, 0x00000000f2e00000, 0x00000000f2f00000|  0%| F|  |TAMS 0x00000000f2e00000, 0x00000000f2e00000| Untracked 
| 815|0x00000000f2f00000, 0x00000000f2f00000, 0x00000000f3000000|  0%| F|  |TAMS 0x00000000f2f00000, 0x00000000f2f00000| Untracked 
| 816|0x00000000f3000000, 0x00000000f3000000, 0x00000000f3100000|  0%| F|  |TAMS 0x00000000f3000000, 0x00000000f3000000| Untracked 
| 817|0x00000000f3100000, 0x00000000f3100000, 0x00000000f3200000|  0%| F|  |TAMS 0x00000000f3100000, 0x00000000f3100000| Untracked 
| 818|0x00000000f3200000, 0x00000000f3200000, 0x00000000f3300000|  0%| F|  |TAMS 0x00000000f3200000, 0x00000000f3200000| Untracked 
| 819|0x00000000f3300000, 0x00000000f3300000, 0x00000000f3400000|  0%| F|  |TAMS 0x00000000f3300000, 0x00000000f3300000| Untracked 
| 820|0x00000000f3400000, 0x00000000f3400000, 0x00000000f3500000|  0%| F|  |TAMS 0x00000000f3400000, 0x00000000f3400000| Untracked 
| 821|0x00000000f3500000, 0x00000000f3500000, 0x00000000f3600000|  0%| F|  |TAMS 0x00000000f3500000, 0x00000000f3500000| Untracked 
| 822|0x00000000f3600000, 0x00000000f3600000, 0x00000000f3700000|  0%| F|  |TAMS 0x00000000f3600000, 0x00000000f3600000| Untracked 
| 823|0x00000000f3700000, 0x00000000f3700000, 0x00000000f3800000|  0%| F|  |TAMS 0x00000000f3700000, 0x00000000f3700000| Untracked 
| 824|0x00000000f3800000, 0x00000000f3800000, 0x00000000f3900000|  0%| F|  |TAMS 0x00000000f3800000, 0x00000000f3800000| Untracked 
| 825|0x00000000f3900000, 0x00000000f3900000, 0x00000000f3a00000|  0%| F|  |TAMS 0x00000000f3900000, 0x00000000f3900000| Untracked 
| 826|0x00000000f3a00000, 0x00000000f3a00000, 0x00000000f3b00000|  0%| F|  |TAMS 0x00000000f3a00000, 0x00000000f3a00000| Untracked 
| 827|0x00000000f3b00000, 0x00000000f3b00000, 0x00000000f3c00000|  0%| F|  |TAMS 0x00000000f3b00000, 0x00000000f3b00000| Untracked 
| 828|0x00000000f3c00000, 0x00000000f3c00000, 0x00000000f3d00000|  0%| F|  |TAMS 0x00000000f3c00000, 0x00000000f3c00000| Untracked 
| 829|0x00000000f3d00000, 0x00000000f3d00000, 0x00000000f3e00000|  0%| F|  |TAMS 0x00000000f3d00000, 0x00000000f3d00000| Untracked 
| 830|0x00000000f3e00000, 0x00000000f3e00000, 0x00000000f3f00000|  0%| F|  |TAMS 0x00000000f3e00000, 0x00000000f3e00000| Untracked 
| 831|0x00000000f3f00000, 0x00000000f3f00000, 0x00000000f4000000|  0%| F|  |TAMS 0x00000000f3f00000, 0x00000000f3f00000| Untracked 
| 832|0x00000000f4000000, 0x00000000f4000000, 0x00000000f4100000|  0%| F|  |TAMS 0x00000000f4000000, 0x00000000f4000000| Untracked 
| 833|0x00000000f4100000, 0x00000000f4100000, 0x00000000f4200000|  0%| F|  |TAMS 0x00000000f4100000, 0x00000000f4100000| Untracked 
| 834|0x00000000f4200000, 0x00000000f4200000, 0x00000000f4300000|  0%| F|  |TAMS 0x00000000f4200000, 0x00000000f4200000| Untracked 
| 835|0x00000000f4300000, 0x00000000f4300000, 0x00000000f4400000|  0%| F|  |TAMS 0x00000000f4300000, 0x00000000f4300000| Untracked 
| 836|0x00000000f4400000, 0x00000000f4400000, 0x00000000f4500000|  0%| F|  |TAMS 0x00000000f4400000, 0x00000000f4400000| Untracked 
| 837|0x00000000f4500000, 0x00000000f4500000, 0x00000000f4600000|  0%| F|  |TAMS 0x00000000f4500000, 0x00000000f4500000| Untracked 
| 838|0x00000000f4600000, 0x00000000f4600000, 0x00000000f4700000|  0%| F|  |TAMS 0x00000000f4600000, 0x00000000f4600000| Untracked 
| 839|0x00000000f4700000, 0x00000000f4700000, 0x00000000f4800000|  0%| F|  |TAMS 0x00000000f4700000, 0x00000000f4700000| Untracked 
| 840|0x00000000f4800000, 0x00000000f4800000, 0x00000000f4900000|  0%| F|  |TAMS 0x00000000f4800000, 0x00000000f4800000| Untracked 
| 841|0x00000000f4900000, 0x00000000f4900000, 0x00000000f4a00000|  0%| F|  |TAMS 0x00000000f4900000, 0x00000000f4900000| Untracked 
| 842|0x00000000f4a00000, 0x00000000f4a00000, 0x00000000f4b00000|  0%| F|  |TAMS 0x00000000f4a00000, 0x00000000f4a00000| Untracked 
| 843|0x00000000f4b00000, 0x00000000f4b00000, 0x00000000f4c00000|  0%| F|  |TAMS 0x00000000f4b00000, 0x00000000f4b00000| Untracked 
| 844|0x00000000f4c00000, 0x00000000f4c00000, 0x00000000f4d00000|  0%| F|  |TAMS 0x00000000f4c00000, 0x00000000f4c00000| Untracked 
| 845|0x00000000f4d00000, 0x00000000f4d00000, 0x00000000f4e00000|  0%| F|  |TAMS 0x00000000f4d00000, 0x00000000f4d00000| Untracked 
| 846|0x00000000f4e00000, 0x00000000f4e00000, 0x00000000f4f00000|  0%| F|  |TAMS 0x00000000f4e00000, 0x00000000f4e00000| Untracked 
| 847|0x00000000f4f00000, 0x00000000f4f00000, 0x00000000f5000000|  0%| F|  |TAMS 0x00000000f4f00000, 0x00000000f4f00000| Untracked 
| 848|0x00000000f5000000, 0x00000000f5000000, 0x00000000f5100000|  0%| F|  |TAMS 0x00000000f5000000, 0x00000000f5000000| Untracked 
| 849|0x00000000f5100000, 0x00000000f5100000, 0x00000000f5200000|  0%| F|  |TAMS 0x00000000f5100000, 0x00000000f5100000| Untracked 
| 850|0x00000000f5200000, 0x00000000f5200000, 0x00000000f5300000|  0%| F|  |TAMS 0x00000000f5200000, 0x00000000f5200000| Untracked 
| 851|0x00000000f5300000, 0x00000000f5300000, 0x00000000f5400000|  0%| F|  |TAMS 0x00000000f5300000, 0x00000000f5300000| Untracked 
| 852|0x00000000f5400000, 0x00000000f5400000, 0x00000000f5500000|  0%| F|  |TAMS 0x00000000f5400000, 0x00000000f5400000| Untracked 
| 853|0x00000000f5500000, 0x00000000f5500000, 0x00000000f5600000|  0%| F|  |TAMS 0x00000000f5500000, 0x00000000f5500000| Untracked 
| 854|0x00000000f5600000, 0x00000000f5600000, 0x00000000f5700000|  0%| F|  |TAMS 0x00000000f5600000, 0x00000000f5600000| Untracked 
| 855|0x00000000f5700000, 0x00000000f5700000, 0x00000000f5800000|  0%| F|  |TAMS 0x00000000f5700000, 0x00000000f5700000| Untracked 
| 856|0x00000000f5800000, 0x00000000f5800000, 0x00000000f5900000|  0%| F|  |TAMS 0x00000000f5800000, 0x00000000f5800000| Untracked 
| 857|0x00000000f5900000, 0x00000000f5900000, 0x00000000f5a00000|  0%| F|  |TAMS 0x00000000f5900000, 0x00000000f5900000| Untracked 
| 858|0x00000000f5a00000, 0x00000000f5a00000, 0x00000000f5b00000|  0%| F|  |TAMS 0x00000000f5a00000, 0x00000000f5a00000| Untracked 
| 859|0x00000000f5b00000, 0x00000000f5b00000, 0x00000000f5c00000|  0%| F|  |TAMS 0x00000000f5b00000, 0x00000000f5b00000| Untracked 
| 860|0x00000000f5c00000, 0x00000000f5c00000, 0x00000000f5d00000|  0%| F|  |TAMS 0x00000000f5c00000, 0x00000000f5c00000| Untracked 
| 861|0x00000000f5d00000, 0x00000000f5d00000, 0x00000000f5e00000|  0%| F|  |TAMS 0x00000000f5d00000, 0x00000000f5d00000| Untracked 
| 862|0x00000000f5e00000, 0x00000000f5e00000, 0x00000000f5f00000|  0%| F|  |TAMS 0x00000000f5e00000, 0x00000000f5e00000| Untracked 
| 863|0x00000000f5f00000, 0x00000000f5f00000, 0x00000000f6000000|  0%| F|  |TAMS 0x00000000f5f00000, 0x00000000f5f00000| Untracked 
| 864|0x00000000f6000000, 0x00000000f6000000, 0x00000000f6100000|  0%| F|  |TAMS 0x00000000f6000000, 0x00000000f6000000| Untracked 
| 865|0x00000000f6100000, 0x00000000f6100000, 0x00000000f6200000|  0%| F|  |TAMS 0x00000000f6100000, 0x00000000f6100000| Untracked 
| 866|0x00000000f6200000, 0x00000000f6200000, 0x00000000f6300000|  0%| F|  |TAMS 0x00000000f6200000, 0x00000000f6200000| Untracked 
| 867|0x00000000f6300000, 0x00000000f6300000, 0x00000000f6400000|  0%| F|  |TAMS 0x00000000f6300000, 0x00000000f6300000| Untracked 
| 868|0x00000000f6400000, 0x00000000f6400000, 0x00000000f6500000|  0%| F|  |TAMS 0x00000000f6400000, 0x00000000f6400000| Untracked 
| 869|0x00000000f6500000, 0x00000000f6500000, 0x00000000f6600000|  0%| F|  |TAMS 0x00000000f6500000, 0x00000000f6500000| Untracked 
| 870|0x00000000f6600000, 0x00000000f6600000, 0x00000000f6700000|  0%| F|  |TAMS 0x00000000f6600000, 0x00000000f6600000| Untracked 
| 871|0x00000000f6700000, 0x00000000f6700000, 0x00000000f6800000|  0%| F|  |TAMS 0x00000000f6700000, 0x00000000f6700000| Untracked 
| 872|0x00000000f6800000, 0x00000000f6800000, 0x00000000f6900000|  0%| F|  |TAMS 0x00000000f6800000, 0x00000000f6800000| Untracked 
| 873|0x00000000f6900000, 0x00000000f6900000, 0x00000000f6a00000|  0%| F|  |TAMS 0x00000000f6900000, 0x00000000f6900000| Untracked 
| 874|0x00000000f6a00000, 0x00000000f6a00000, 0x00000000f6b00000|  0%| F|  |TAMS 0x00000000f6a00000, 0x00000000f6a00000| Untracked 
| 875|0x00000000f6b00000, 0x00000000f6b00000, 0x00000000f6c00000|  0%| F|  |TAMS 0x00000000f6b00000, 0x00000000f6b00000| Untracked 
| 876|0x00000000f6c00000, 0x00000000f6c00000, 0x00000000f6d00000|  0%| F|  |TAMS 0x00000000f6c00000, 0x00000000f6c00000| Untracked 
| 877|0x00000000f6d00000, 0x00000000f6d00000, 0x00000000f6e00000|  0%| F|  |TAMS 0x00000000f6d00000, 0x00000000f6d00000| Untracked 
| 878|0x00000000f6e00000, 0x00000000f6e00000, 0x00000000f6f00000|  0%| F|  |TAMS 0x00000000f6e00000, 0x00000000f6e00000| Untracked 
| 879|0x00000000f6f00000, 0x00000000f6f00000, 0x00000000f7000000|  0%| F|  |TAMS 0x00000000f6f00000, 0x00000000f6f00000| Untracked 
| 880|0x00000000f7000000, 0x00000000f7000000, 0x00000000f7100000|  0%| F|  |TAMS 0x00000000f7000000, 0x00000000f7000000| Untracked 
| 881|0x00000000f7100000, 0x00000000f7100000, 0x00000000f7200000|  0%| F|  |TAMS 0x00000000f7100000, 0x00000000f7100000| Untracked 
| 882|0x00000000f7200000, 0x00000000f7200000, 0x00000000f7300000|  0%| F|  |TAMS 0x00000000f7200000, 0x00000000f7200000| Untracked 
| 883|0x00000000f7300000, 0x00000000f7300000, 0x00000000f7400000|  0%| F|  |TAMS 0x00000000f7300000, 0x00000000f7300000| Untracked 
| 884|0x00000000f7400000, 0x00000000f7400000, 0x00000000f7500000|  0%| F|  |TAMS 0x00000000f7400000, 0x00000000f7400000| Untracked 
| 885|0x00000000f7500000, 0x00000000f7500000, 0x00000000f7600000|  0%| F|  |TAMS 0x00000000f7500000, 0x00000000f7500000| Untracked 
| 886|0x00000000f7600000, 0x00000000f7600000, 0x00000000f7700000|  0%| F|  |TAMS 0x00000000f7600000, 0x00000000f7600000| Untracked 
| 887|0x00000000f7700000, 0x00000000f7700000, 0x00000000f7800000|  0%| F|  |TAMS 0x00000000f7700000, 0x00000000f7700000| Untracked 
| 888|0x00000000f7800000, 0x00000000f7800000, 0x00000000f7900000|  0%| F|  |TAMS 0x00000000f7800000, 0x00000000f7800000| Untracked 
| 889|0x00000000f7900000, 0x00000000f7900000, 0x00000000f7a00000|  0%| F|  |TAMS 0x00000000f7900000, 0x00000000f7900000| Untracked 
| 890|0x00000000f7a00000, 0x00000000f7a00000, 0x00000000f7b00000|  0%| F|  |TAMS 0x00000000f7a00000, 0x00000000f7a00000| Untracked 
| 891|0x00000000f7b00000, 0x00000000f7b00000, 0x00000000f7c00000|  0%| F|  |TAMS 0x00000000f7b00000, 0x00000000f7b00000| Untracked 
| 892|0x00000000f7c00000, 0x00000000f7c00000, 0x00000000f7d00000|  0%| F|  |TAMS 0x00000000f7c00000, 0x00000000f7c00000| Untracked 
| 893|0x00000000f7d00000, 0x00000000f7d00000, 0x00000000f7e00000|  0%| F|  |TAMS 0x00000000f7d00000, 0x00000000f7d00000| Untracked 
| 894|0x00000000f7e00000, 0x00000000f7e00000, 0x00000000f7f00000|  0%| F|  |TAMS 0x00000000f7e00000, 0x00000000f7e00000| Untracked 
| 895|0x00000000f7f00000, 0x00000000f7f00000, 0x00000000f8000000|  0%| F|  |TAMS 0x00000000f7f00000, 0x00000000f7f00000| Untracked 
| 896|0x00000000f8000000, 0x00000000f8000000, 0x00000000f8100000|  0%| F|  |TAMS 0x00000000f8000000, 0x00000000f8000000| Untracked 
| 897|0x00000000f8100000, 0x00000000f8100000, 0x00000000f8200000|  0%| F|  |TAMS 0x00000000f8100000, 0x00000000f8100000| Untracked 
| 898|0x00000000f8200000, 0x00000000f8200000, 0x00000000f8300000|  0%| F|  |TAMS 0x00000000f8200000, 0x00000000f8200000| Untracked 
| 899|0x00000000f8300000, 0x00000000f8300000, 0x00000000f8400000|  0%| F|  |TAMS 0x00000000f8300000, 0x00000000f8300000| Untracked 
| 900|0x00000000f8400000, 0x00000000f8400000, 0x00000000f8500000|  0%| F|  |TAMS 0x00000000f8400000, 0x00000000f8400000| Untracked 
| 901|0x00000000f8500000, 0x00000000f8500000, 0x00000000f8600000|  0%| F|  |TAMS 0x00000000f8500000, 0x00000000f8500000| Untracked 
| 902|0x00000000f8600000, 0x00000000f8600000, 0x00000000f8700000|  0%| F|  |TAMS 0x00000000f8600000, 0x00000000f8600000| Untracked 
| 903|0x00000000f8700000, 0x00000000f8700000, 0x00000000f8800000|  0%| F|  |TAMS 0x00000000f8700000, 0x00000000f8700000| Untracked 
| 904|0x00000000f8800000, 0x00000000f8800000, 0x00000000f8900000|  0%| F|  |TAMS 0x00000000f8800000, 0x00000000f8800000| Untracked 
| 905|0x00000000f8900000, 0x00000000f8900000, 0x00000000f8a00000|  0%| F|  |TAMS 0x00000000f8900000, 0x00000000f8900000| Untracked 
| 906|0x00000000f8a00000, 0x00000000f8a00000, 0x00000000f8b00000|  0%| F|  |TAMS 0x00000000f8a00000, 0x00000000f8a00000| Untracked 
| 907|0x00000000f8b00000, 0x00000000f8b00000, 0x00000000f8c00000|  0%| F|  |TAMS 0x00000000f8b00000, 0x00000000f8b00000| Untracked 
| 908|0x00000000f8c00000, 0x00000000f8c00000, 0x00000000f8d00000|  0%| F|  |TAMS 0x00000000f8c00000, 0x00000000f8c00000| Untracked 
| 909|0x00000000f8d00000, 0x00000000f8d00000, 0x00000000f8e00000|  0%| F|  |TAMS 0x00000000f8d00000, 0x00000000f8d00000| Untracked 
| 910|0x00000000f8e00000, 0x00000000f8e00000, 0x00000000f8f00000|  0%| F|  |TAMS 0x00000000f8e00000, 0x00000000f8e00000| Untracked 
| 911|0x00000000f8f00000, 0x00000000f8f00000, 0x00000000f9000000|  0%| F|  |TAMS 0x00000000f8f00000, 0x00000000f8f00000| Untracked 
| 912|0x00000000f9000000, 0x00000000f9000000, 0x00000000f9100000|  0%| F|  |TAMS 0x00000000f9000000, 0x00000000f9000000| Untracked 
| 913|0x00000000f9100000, 0x00000000f9100000, 0x00000000f9200000|  0%| F|  |TAMS 0x00000000f9100000, 0x00000000f9100000| Untracked 
| 914|0x00000000f9200000, 0x00000000f9200000, 0x00000000f9300000|  0%| F|  |TAMS 0x00000000f9200000, 0x00000000f9200000| Untracked 
| 915|0x00000000f9300000, 0x00000000f9300000, 0x00000000f9400000|  0%| F|  |TAMS 0x00000000f9300000, 0x00000000f9300000| Untracked 
| 916|0x00000000f9400000, 0x00000000f9400000, 0x00000000f9500000|  0%| F|  |TAMS 0x00000000f9400000, 0x00000000f9400000| Untracked 
| 917|0x00000000f9500000, 0x00000000f9500000, 0x00000000f9600000|  0%| F|  |TAMS 0x00000000f9500000, 0x00000000f9500000| Untracked 
| 918|0x00000000f9600000, 0x00000000f9600000, 0x00000000f9700000|  0%| F|  |TAMS 0x00000000f9600000, 0x00000000f9600000| Untracked 
| 919|0x00000000f9700000, 0x00000000f9700000, 0x00000000f9800000|  0%| F|  |TAMS 0x00000000f9700000, 0x00000000f9700000| Untracked 
| 920|0x00000000f9800000, 0x00000000f9800000, 0x00000000f9900000|  0%| F|  |TAMS 0x00000000f9800000, 0x00000000f9800000| Untracked 
| 921|0x00000000f9900000, 0x00000000f9900000, 0x00000000f9a00000|  0%| F|  |TAMS 0x00000000f9900000, 0x00000000f9900000| Untracked 
| 922|0x00000000f9a00000, 0x00000000f9a00000, 0x00000000f9b00000|  0%| F|  |TAMS 0x00000000f9a00000, 0x00000000f9a00000| Untracked 
| 923|0x00000000f9b00000, 0x00000000f9b00000, 0x00000000f9c00000|  0%| F|  |TAMS 0x00000000f9b00000, 0x00000000f9b00000| Untracked 
| 924|0x00000000f9c00000, 0x00000000f9c00000, 0x00000000f9d00000|  0%| F|  |TAMS 0x00000000f9c00000, 0x00000000f9c00000| Untracked 
| 925|0x00000000f9d00000, 0x00000000f9d00000, 0x00000000f9e00000|  0%| F|  |TAMS 0x00000000f9d00000, 0x00000000f9d00000| Untracked 
| 926|0x00000000f9e00000, 0x00000000f9e00000, 0x00000000f9f00000|  0%| F|  |TAMS 0x00000000f9e00000, 0x00000000f9e00000| Untracked 
| 927|0x00000000f9f00000, 0x00000000f9f00000, 0x00000000fa000000|  0%| F|  |TAMS 0x00000000f9f00000, 0x00000000f9f00000| Untracked 
| 928|0x00000000fa000000, 0x00000000fa000000, 0x00000000fa100000|  0%| F|  |TAMS 0x00000000fa000000, 0x00000000fa000000| Untracked 
| 929|0x00000000fa100000, 0x00000000fa100000, 0x00000000fa200000|  0%| F|  |TAMS 0x00000000fa100000, 0x00000000fa100000| Untracked 
| 930|0x00000000fa200000, 0x00000000fa200000, 0x00000000fa300000|  0%| F|  |TAMS 0x00000000fa200000, 0x00000000fa200000| Untracked 
| 931|0x00000000fa300000, 0x00000000fa300000, 0x00000000fa400000|  0%| F|  |TAMS 0x00000000fa300000, 0x00000000fa300000| Untracked 
| 932|0x00000000fa400000, 0x00000000fa400000, 0x00000000fa500000|  0%| F|  |TAMS 0x00000000fa400000, 0x00000000fa400000| Untracked 
| 933|0x00000000fa500000, 0x00000000fa500000, 0x00000000fa600000|  0%| F|  |TAMS 0x00000000fa500000, 0x00000000fa500000| Untracked 
| 934|0x00000000fa600000, 0x00000000fa600000, 0x00000000fa700000|  0%| F|  |TAMS 0x00000000fa600000, 0x00000000fa600000| Untracked 
| 935|0x00000000fa700000, 0x00000000fa700000, 0x00000000fa800000|  0%| F|  |TAMS 0x00000000fa700000, 0x00000000fa700000| Untracked 
| 936|0x00000000fa800000, 0x00000000fa800000, 0x00000000fa900000|  0%| F|  |TAMS 0x00000000fa800000, 0x00000000fa800000| Untracked 
| 937|0x00000000fa900000, 0x00000000fa900000, 0x00000000faa00000|  0%| F|  |TAMS 0x00000000fa900000, 0x00000000fa900000| Untracked 
| 938|0x00000000faa00000, 0x00000000faa00000, 0x00000000fab00000|  0%| F|  |TAMS 0x00000000faa00000, 0x00000000faa00000| Untracked 
| 939|0x00000000fab00000, 0x00000000fab00000, 0x00000000fac00000|  0%| F|  |TAMS 0x00000000fab00000, 0x00000000fab00000| Untracked 
| 940|0x00000000fac00000, 0x00000000fac00000, 0x00000000fad00000|  0%| F|  |TAMS 0x00000000fac00000, 0x00000000fac00000| Untracked 
| 941|0x00000000fad00000, 0x00000000fad00000, 0x00000000fae00000|  0%| F|  |TAMS 0x00000000fad00000, 0x00000000fad00000| Untracked 
| 942|0x00000000fae00000, 0x00000000fae00000, 0x00000000faf00000|  0%| F|  |TAMS 0x00000000fae00000, 0x00000000fae00000| Untracked 
| 943|0x00000000faf00000, 0x00000000faf00000, 0x00000000fb000000|  0%| F|  |TAMS 0x00000000faf00000, 0x00000000faf00000| Untracked 
| 944|0x00000000fb000000, 0x00000000fb000000, 0x00000000fb100000|  0%| F|  |TAMS 0x00000000fb000000, 0x00000000fb000000| Untracked 
| 945|0x00000000fb100000, 0x00000000fb1ff5a0, 0x00000000fb200000| 99%| E|  |TAMS 0x00000000fb100000, 0x00000000fb100000| Complete 
| 946|0x00000000fb200000, 0x00000000fb300000, 0x00000000fb300000|100%| E|CS|TAMS 0x00000000fb200000, 0x00000000fb200000| Complete 
| 947|0x00000000fb300000, 0x00000000fb400000, 0x00000000fb400000|100%| E|CS|TAMS 0x00000000fb300000, 0x00000000fb300000| Complete 
| 948|0x00000000fb400000, 0x00000000fb500000, 0x00000000fb500000|100%| E|CS|TAMS 0x00000000fb400000, 0x00000000fb400000| Complete 
| 949|0x00000000fb500000, 0x00000000fb600000, 0x00000000fb600000|100%| E|CS|TAMS 0x00000000fb500000, 0x00000000fb500000| Complete 
| 950|0x00000000fb600000, 0x00000000fb700000, 0x00000000fb700000|100%| E|CS|TAMS 0x00000000fb600000, 0x00000000fb600000| Complete 
| 951|0x00000000fb700000, 0x00000000fb800000, 0x00000000fb800000|100%| E|CS|TAMS 0x00000000fb700000, 0x00000000fb700000| Complete 
| 952|0x00000000fb800000, 0x00000000fb900000, 0x00000000fb900000|100%| E|CS|TAMS 0x00000000fb800000, 0x00000000fb800000| Complete 
| 953|0x00000000fb900000, 0x00000000fba00000, 0x00000000fba00000|100%| E|CS|TAMS 0x00000000fb900000, 0x00000000fb900000| Complete 
| 954|0x00000000fba00000, 0x00000000fbb00000, 0x00000000fbb00000|100%| E|CS|TAMS 0x00000000fba00000, 0x00000000fba00000| Complete 
| 955|0x00000000fbb00000, 0x00000000fbc00000, 0x00000000fbc00000|100%| E|CS|TAMS 0x00000000fbb00000, 0x00000000fbb00000| Complete 
| 956|0x00000000fbc00000, 0x00000000fbd00000, 0x00000000fbd00000|100%| E|CS|TAMS 0x00000000fbc00000, 0x00000000fbc00000| Complete 
| 957|0x00000000fbd00000, 0x00000000fbe00000, 0x00000000fbe00000|100%| E|CS|TAMS 0x00000000fbd00000, 0x00000000fbd00000| Complete 
| 958|0x00000000fbe00000, 0x00000000fbf00000, 0x00000000fbf00000|100%| E|CS|TAMS 0x00000000fbe00000, 0x00000000fbe00000| Complete 
| 959|0x00000000fbf00000, 0x00000000fc000000, 0x00000000fc000000|100%| E|CS|TAMS 0x00000000fbf00000, 0x00000000fbf00000| Complete 
| 960|0x00000000fc000000, 0x00000000fc100000, 0x00000000fc100000|100%| E|CS|TAMS 0x00000000fc000000, 0x00000000fc000000| Complete 
| 961|0x00000000fc100000, 0x00000000fc200000, 0x00000000fc200000|100%| E|CS|TAMS 0x00000000fc100000, 0x00000000fc100000| Complete 
| 962|0x00000000fc200000, 0x00000000fc300000, 0x00000000fc300000|100%| E|CS|TAMS 0x00000000fc200000, 0x00000000fc200000| Complete 
| 963|0x00000000fc300000, 0x00000000fc400000, 0x00000000fc400000|100%| E|CS|TAMS 0x00000000fc300000, 0x00000000fc300000| Complete 
| 964|0x00000000fc400000, 0x00000000fc500000, 0x00000000fc500000|100%| E|CS|TAMS 0x00000000fc400000, 0x00000000fc400000| Complete 
| 965|0x00000000fc500000, 0x00000000fc600000, 0x00000000fc600000|100%| E|CS|TAMS 0x00000000fc500000, 0x00000000fc500000| Complete 
| 966|0x00000000fc600000, 0x00000000fc700000, 0x00000000fc700000|100%| E|CS|TAMS 0x00000000fc600000, 0x00000000fc600000| Complete 
| 967|0x00000000fc700000, 0x00000000fc800000, 0x00000000fc800000|100%| E|CS|TAMS 0x00000000fc700000, 0x00000000fc700000| Complete 
| 968|0x00000000fc800000, 0x00000000fc900000, 0x00000000fc900000|100%| E|CS|TAMS 0x00000000fc800000, 0x00000000fc800000| Complete 
| 969|0x00000000fc900000, 0x00000000fca00000, 0x00000000fca00000|100%| E|CS|TAMS 0x00000000fc900000, 0x00000000fc900000| Complete 
| 970|0x00000000fca00000, 0x00000000fcb00000, 0x00000000fcb00000|100%| E|CS|TAMS 0x00000000fca00000, 0x00000000fca00000| Complete 
| 971|0x00000000fcb00000, 0x00000000fcc00000, 0x00000000fcc00000|100%| E|CS|TAMS 0x00000000fcb00000, 0x00000000fcb00000| Complete 
| 972|0x00000000fcc00000, 0x00000000fcd00000, 0x00000000fcd00000|100%| E|CS|TAMS 0x00000000fcc00000, 0x00000000fcc00000| Complete 
| 973|0x00000000fcd00000, 0x00000000fce00000, 0x00000000fce00000|100%| E|CS|TAMS 0x00000000fcd00000, 0x00000000fcd00000| Complete 
| 974|0x00000000fce00000, 0x00000000fcf00000, 0x00000000fcf00000|100%| E|CS|TAMS 0x00000000fce00000, 0x00000000fce00000| Complete 
| 975|0x00000000fcf00000, 0x00000000fd000000, 0x00000000fd000000|100%| E|CS|TAMS 0x00000000fcf00000, 0x00000000fcf00000| Complete 
| 976|0x00000000fd000000, 0x00000000fd100000, 0x00000000fd100000|100%| E|CS|TAMS 0x00000000fd000000, 0x00000000fd000000| Complete 
| 977|0x00000000fd100000, 0x00000000fd200000, 0x00000000fd200000|100%| E|CS|TAMS 0x00000000fd100000, 0x00000000fd100000| Complete 
| 978|0x00000000fd200000, 0x00000000fd300000, 0x00000000fd300000|100%| E|CS|TAMS 0x00000000fd200000, 0x00000000fd200000| Complete 
| 979|0x00000000fd300000, 0x00000000fd400000, 0x00000000fd400000|100%| E|CS|TAMS 0x00000000fd300000, 0x00000000fd300000| Complete 
| 980|0x00000000fd400000, 0x00000000fd500000, 0x00000000fd500000|100%| E|CS|TAMS 0x00000000fd400000, 0x00000000fd400000| Complete 
| 981|0x00000000fd500000, 0x00000000fd600000, 0x00000000fd600000|100%| E|CS|TAMS 0x00000000fd500000, 0x00000000fd500000| Complete 
| 982|0x00000000fd600000, 0x00000000fd700000, 0x00000000fd700000|100%| E|CS|TAMS 0x00000000fd600000, 0x00000000fd600000| Complete 
| 983|0x00000000fd700000, 0x00000000fd800000, 0x00000000fd800000|100%| E|CS|TAMS 0x00000000fd700000, 0x00000000fd700000| Complete 
| 984|0x00000000fd800000, 0x00000000fd900000, 0x00000000fd900000|100%| E|CS|TAMS 0x00000000fd800000, 0x00000000fd800000| Complete 
| 985|0x00000000fd900000, 0x00000000fda00000, 0x00000000fda00000|100%| E|CS|TAMS 0x00000000fd900000, 0x00000000fd900000| Complete 
| 986|0x00000000fda00000, 0x00000000fdb00000, 0x00000000fdb00000|100%| E|CS|TAMS 0x00000000fda00000, 0x00000000fda00000| Complete 
| 987|0x00000000fdb00000, 0x00000000fdc00000, 0x00000000fdc00000|100%| E|CS|TAMS 0x00000000fdb00000, 0x00000000fdb00000| Complete 
| 988|0x00000000fdc00000, 0x00000000fdd00000, 0x00000000fdd00000|100%| E|CS|TAMS 0x00000000fdc00000, 0x00000000fdc00000| Complete 
| 989|0x00000000fdd00000, 0x00000000fde00000, 0x00000000fde00000|100%| E|CS|TAMS 0x00000000fdd00000, 0x00000000fdd00000| Complete 
| 990|0x00000000fde00000, 0x00000000fdf00000, 0x00000000fdf00000|100%| E|CS|TAMS 0x00000000fde00000, 0x00000000fde00000| Complete 
| 991|0x00000000fdf00000, 0x00000000fe000000, 0x00000000fe000000|100%| E|CS|TAMS 0x00000000fdf00000, 0x00000000fdf00000| Complete 
| 992|0x00000000fe000000, 0x00000000fe100000, 0x00000000fe100000|100%| E|CS|TAMS 0x00000000fe000000, 0x00000000fe000000| Complete 
| 993|0x00000000fe100000, 0x00000000fe200000, 0x00000000fe200000|100%| E|CS|TAMS 0x00000000fe100000, 0x00000000fe100000| Complete 
| 994|0x00000000fe200000, 0x00000000fe300000, 0x00000000fe300000|100%| E|CS|TAMS 0x00000000fe200000, 0x00000000fe200000| Complete 
| 995|0x00000000fe300000, 0x00000000fe400000, 0x00000000fe400000|100%| E|CS|TAMS 0x00000000fe300000, 0x00000000fe300000| Complete 
| 996|0x00000000fe400000, 0x00000000fe500000, 0x00000000fe500000|100%| E|CS|TAMS 0x00000000fe400000, 0x00000000fe400000| Complete 
| 997|0x00000000fe500000, 0x00000000fe600000, 0x00000000fe600000|100%| E|CS|TAMS 0x00000000fe500000, 0x00000000fe500000| Complete 
| 998|0x00000000fe600000, 0x00000000fe700000, 0x00000000fe700000|100%| E|CS|TAMS 0x00000000fe600000, 0x00000000fe600000| Complete 
| 999|0x00000000fe700000, 0x00000000fe800000, 0x00000000fe800000|100%| E|CS|TAMS 0x00000000fe700000, 0x00000000fe700000| Complete 
|1000|0x00000000fe800000, 0x00000000fe900000, 0x00000000fe900000|100%| E|CS|TAMS 0x00000000fe800000, 0x00000000fe800000| Complete 
|1001|0x00000000fe900000, 0x00000000fea00000, 0x00000000fea00000|100%| E|CS|TAMS 0x00000000fe900000, 0x00000000fe900000| Complete 
|1002|0x00000000fea00000, 0x00000000feb00000, 0x00000000feb00000|100%| E|CS|TAMS 0x00000000fea00000, 0x00000000fea00000| Complete 
|1003|0x00000000feb00000, 0x00000000fec00000, 0x00000000fec00000|100%| E|CS|TAMS 0x00000000feb00000, 0x00000000feb00000| Complete 
|1004|0x00000000fec00000, 0x00000000fed00000, 0x00000000fed00000|100%| E|CS|TAMS 0x00000000fec00000, 0x00000000fec00000| Complete 
|1005|0x00000000fed00000, 0x00000000fee00000, 0x00000000fee00000|100%| E|CS|TAMS 0x00000000fed00000, 0x00000000fed00000| Complete 
|1006|0x00000000fee00000, 0x00000000fef00000, 0x00000000fef00000|100%| E|CS|TAMS 0x00000000fee00000, 0x00000000fee00000| Complete 
|1007|0x00000000fef00000, 0x00000000ff000000, 0x00000000ff000000|100%| E|CS|TAMS 0x00000000fef00000, 0x00000000fef00000| Complete 
|1008|0x00000000ff000000, 0x00000000ff100000, 0x00000000ff100000|100%| E|CS|TAMS 0x00000000ff000000, 0x00000000ff000000| Complete 
|1009|0x00000000ff100000, 0x00000000ff200000, 0x00000000ff200000|100%| E|CS|TAMS 0x00000000ff100000, 0x00000000ff100000| Complete 
|1010|0x00000000ff200000, 0x00000000ff300000, 0x00000000ff300000|100%| E|CS|TAMS 0x00000000ff200000, 0x00000000ff200000| Complete 
|1011|0x00000000ff300000, 0x00000000ff400000, 0x00000000ff400000|100%| E|CS|TAMS 0x00000000ff300000, 0x00000000ff300000| Complete 
|1012|0x00000000ff400000, 0x00000000ff500000, 0x00000000ff500000|100%| E|CS|TAMS 0x00000000ff400000, 0x00000000ff400000| Complete 
|1013|0x00000000ff500000, 0x00000000ff600000, 0x00000000ff600000|100%| E|CS|TAMS 0x00000000ff500000, 0x00000000ff500000| Complete 
|1014|0x00000000ff600000, 0x00000000ff700000, 0x00000000ff700000|100%| E|CS|TAMS 0x00000000ff600000, 0x00000000ff600000| Complete 
|1015|0x00000000ff700000, 0x00000000ff800000, 0x00000000ff800000|100%| E|CS|TAMS 0x00000000ff700000, 0x00000000ff700000| Complete 
|1016|0x00000000ff800000, 0x00000000ff900000, 0x00000000ff900000|100%| E|CS|TAMS 0x00000000ff800000, 0x00000000ff800000| Complete 
|1017|0x00000000ff900000, 0x00000000ffa00000, 0x00000000ffa00000|100%| E|CS|TAMS 0x00000000ff900000, 0x00000000ff900000| Complete 
|1018|0x00000000ffa00000, 0x00000000ffb00000, 0x00000000ffb00000|100%| E|CS|TAMS 0x00000000ffa00000, 0x00000000ffa00000| Complete 
|1019|0x00000000ffb00000, 0x00000000ffc00000, 0x00000000ffc00000|100%| E|CS|TAMS 0x00000000ffb00000, 0x00000000ffb00000| Complete 
|1020|0x00000000ffc00000, 0x00000000ffd00000, 0x00000000ffd00000|100%| E|CS|TAMS 0x00000000ffc00000, 0x00000000ffc00000| Complete 
|1021|0x00000000ffd00000, 0x00000000ffe00000, 0x00000000ffe00000|100%| E|CS|TAMS 0x00000000ffd00000, 0x00000000ffd00000| Complete 
|1022|0x00000000ffe00000, 0x00000000fff00000, 0x00000000fff00000|100%| E|CS|TAMS 0x00000000ffe00000, 0x00000000ffe00000| Complete 
|1023|0x00000000fff00000, 0x0000000100000000, 0x0000000100000000|100%| E|CS|TAMS 0x00000000fff00000, 0x00000000fff00000| Complete 

Card table byte_map: [0x0000023ef6f40000,0x0000023ef7140000] _byte_map_base: 0x0000023ef6940000

Marking Bits (Prev, Next): (CMBitMap*) 0x0000023edf2a0a80, (CMBitMap*) 0x0000023edf2a0a40
 Prev Bits: [0x0000023ef8340000, 0x0000023ef9340000)
 Next Bits: [0x0000023ef7340000, 0x0000023ef8340000)

Polling page: 0x0000023ede650000

Metaspace:

Usage:
  Non-class:    180.55 MB used.
      Class:     22.77 MB used.
       Both:    203.32 MB used.

Virtual space:
  Non-class space:      192.00 MB reserved,     182.25 MB ( 95%) committed,  3 nodes.
      Class space:        1.00 GB reserved,      24.19 MB (  2%) committed,  1 nodes.
             Both:        1.19 GB reserved,     206.44 MB ( 17%) committed. 

Chunk freelists:
   Non-Class:  9.75 MB
       Class:  7.73 MB
        Both:  17.49 MB

MaxMetaspaceSize: unlimited
CompressedClassSpaceSize: 1.00 GB
Initial GC threshold: 21.00 MB
Current GC threshold: 344.06 MB
CDS: off
MetaspaceReclaimPolicy: balanced
 - commit_granule_bytes: 65536.
 - commit_granule_words: 8192.
 - virtual_space_node_default_size: 8388608.
 - enlarge_chunks_in_place: 1.
 - new_chunks_are_fully_committed: 0.
 - uncommit_free_chunks: 1.
 - use_allocation_guard: 0.
 - handle_deallocations: 1.


Internal statistics:

num_allocs_failed_limit: 18.
num_arena_births: 3288.
num_arena_deaths: 1444.
num_vsnodes_births: 4.
num_vsnodes_deaths: 0.
num_space_committed: 3302.
num_space_uncommitted: 0.
num_chunks_returned_to_freelist: 1795.
num_chunks_taken_from_freelist: 12574.
num_chunk_merges: 615.
num_chunk_splits: 7624.
num_chunks_enlarged: 4475.
num_inconsistent_stats: 0.

CodeHeap 'non-profiled nmethods': size=119168Kb used=56052Kb max_used=56052Kb free=63115Kb
 bounds [0x0000023eef060000, 0x0000023ef2720000, 0x0000023ef64c0000]
CodeHeap 'profiled nmethods': size=119104Kb used=75221Kb max_used=76250Kb free=43882Kb
 bounds [0x0000023ee74c0000, 0x0000023eebf60000, 0x0000023eee910000]
CodeHeap 'non-nmethods': size=7488Kb used=1934Kb max_used=3683Kb free=5553Kb
 bounds [0x0000023eee910000, 0x0000023eeecc0000, 0x0000023eef060000]
 total_blobs=39368 nmethods=37953 adapters=1321
 compilation: enabled
              stopped_count=0, restarted_count=0
 full_count=0

Compilation events (20 events):
Event: 48583.738 Thread 0x0000023efc422e70 54006       3       java.awt.EventDispatchThread::pumpEventsForFilter (47 bytes)
Event: 48583.739 Thread 0x0000023efc422e70 nmethod 54006 0x0000023eeb375910 code [0x0000023eeb375b00, 0x0000023eeb375f98]
Event: 48864.398 Thread 0x0000023efc422e70 54007       3       com.teamdev.jxbrowser.internal.rpc.StreamMessage::getDefaultInstance (4 bytes)
Event: 48864.398 Thread 0x0000023efc422e70 nmethod 54007 0x0000023ee87a3e10 code [0x0000023ee87a3fa0, 0x0000023ee87a4098]
Event: 48872.783 Thread 0x0000023efc3d4550 54008   !   4       sun.nio.cs.StreamDecoder::inReady (36 bytes)
Event: 48872.784 Thread 0x0000023efc3d4550 nmethod 54008 0x0000023ef271a910 code [0x0000023ef271aaa0, 0x0000023ef271ab98]
Event: 48897.345 Thread 0x0000023efc422e70 54009   !   3       java.util.concurrent.DelayQueue::take (214 bytes)
Event: 48897.346 Thread 0x0000023efc422e70 nmethod 54009 0x0000023ee7901610 code [0x0000023ee79019e0, 0x0000023ee7903508]
Event: 49146.949 Thread 0x0000023efc3d4550 54010   !   4       java.util.concurrent.DelayQueue::take (214 bytes)
Event: 49146.966 Thread 0x0000023efc3d4550 nmethod 54010 0x0000023ef271ac90 code [0x0000023ef271af00, 0x0000023ef271c160]
Event: 50580.576 Thread 0x0000023efc3d4550 54011 %     4       java.awt.EventDispatchThread::pumpEventsForFilter @ 10 (47 bytes)
Event: 50580.578 Thread 0x0000023efc3d4550 nmethod 54011% 0x0000023ef271ce10 code [0x0000023ef271cfa0, 0x0000023ef271d1e8]
Event: 51023.734 Thread 0x0000023efc422e70 54012 % !   3       javax.swing.TimerQueue::run @ 9 (242 bytes)
Event: 51023.736 Thread 0x0000023efc422e70 nmethod 54012% 0x0000023ee99c7990 code [0x0000023ee99c7de0, 0x0000023ee99ca058]
Event: 51055.565 Thread 0x0000023efc422e70 54013 % !   3       sun.java2d.d3d.D3DScreenUpdateManager::run @ 0 (267 bytes)
Event: 51055.566 Thread 0x0000023efc422e70 nmethod 54013% 0x0000023eeb877190 code [0x0000023eeb8775e0, 0x0000023eeb879da8]
Event: 51074.933 Thread 0x0000023efc422e70 54014   !   3       javax.swing.TimerQueue::run (242 bytes)
Event: 51074.935 Thread 0x0000023efc422e70 nmethod 54014 0x0000023eea53cd10 code [0x0000023eea53d160, 0x0000023eea53f0b8]
Event: 51106.989 Thread 0x0000023efc422e70 54015   !   3       sun.java2d.d3d.D3DScreenUpdateManager::run (267 bytes)
Event: 51106.990 Thread 0x0000023efc422e70 nmethod 54015 0x0000023eea7ba910 code [0x0000023eea7bad60, 0x0000023eea7bd4c8]

GC Heap History (20 events):
Event: 47307.723 GC heap before
{Heap before GC invocations=986 (full 7):
 garbage-first heap   total 1048576K, used 911760K [0x00000000c0000000, 0x0000000100000000)
  region size 1024K, 287 young (293888K), 13 survivors (13312K)
 Metaspace       used 206698K, committed 209856K, reserved 1245184K
  class space    used 23192K, committed 24576K, reserved 1048576K
}
Event: 47307.726 GC heap after
{Heap after GC invocations=987 (full 7):
 garbage-first heap   total 1048576K, used 630913K [0x00000000c0000000, 0x0000000100000000)
  region size 1024K, 13 young (13312K), 13 survivors (13312K)
 Metaspace       used 206698K, committed 209856K, reserved 1245184K
  class space    used 23192K, committed 24576K, reserved 1048576K
}
Event: 47370.016 GC heap before
{Heap before GC invocations=987 (full 7):
 garbage-first heap   total 1048576K, used 915585K [0x00000000c0000000, 0x0000000100000000)
  region size 1024K, 292 young (299008K), 13 survivors (13312K)
 Metaspace       used 207445K, committed 210624K, reserved 1245184K
  class space    used 23242K, committed 24640K, reserved 1048576K
}
Event: 47370.021 GC heap after
{Heap after GC invocations=988 (full 7):
 garbage-first heap   total 1048576K, used 634222K [0x00000000c0000000, 0x0000000100000000)
  region size 1024K, 16 young (16384K), 16 survivors (16384K)
 Metaspace       used 207445K, committed 210624K, reserved 1245184K
  class space    used 23242K, committed 24640K, reserved 1048576K
}
Event: 47396.938 GC heap before
{Heap before GC invocations=989 (full 7):
 garbage-first heap   total 1048576K, used 918894K [0x00000000c0000000, 0x0000000100000000)
  region size 1024K, 294 young (301056K), 16 survivors (16384K)
 Metaspace       used 208091K, committed 211264K, reserved 1245184K
  class space    used 23318K, committed 24768K, reserved 1048576K
}
Event: 47396.945 GC heap after
{Heap after GC invocations=990 (full 7):
 garbage-first heap   total 1048576K, used 633776K [0x00000000c0000000, 0x0000000100000000)
  region size 1024K, 16 young (16384K), 16 survivors (16384K)
 Metaspace       used 208091K, committed 211264K, reserved 1245184K
  class space    used 23318K, committed 24768K, reserved 1048576K
}
Event: 47396.998 GC heap before
{Heap before GC invocations=990 (full 7):
 garbage-first heap   total 1048576K, used 669616K [0x00000000c0000000, 0x0000000100000000)
  region size 1024K, 51 young (52224K), 16 survivors (16384K)
 Metaspace       used 208097K, committed 211264K, reserved 1245184K
  class space    used 23318K, committed 24768K, reserved 1048576K
}
Event: 47397.005 GC heap after
{Heap after GC invocations=991 (full 7):
 garbage-first heap   total 1048576K, used 630345K [0x00000000c0000000, 0x0000000100000000)
  region size 1024K, 3 young (3072K), 3 survivors (3072K)
 Metaspace       used 208097K, committed 211264K, reserved 1245184K
  class space    used 23318K, committed 24768K, reserved 1048576K
}
Event: 47397.198 GC heap before
{Heap before GC invocations=991 (full 7):
 garbage-first heap   total 1048576K, used 918089K [0x00000000c0000000, 0x0000000100000000)
  region size 1024K, 284 young (290816K), 3 survivors (3072K)
 Metaspace       used 208104K, committed 211264K, reserved 1245184K
  class space    used 23318K, committed 24768K, reserved 1048576K
}
Event: 47397.200 GC heap after
{Heap after GC invocations=992 (full 7):
 garbage-first heap   total 1048576K, used 629337K [0x00000000c0000000, 0x0000000100000000)
  region size 1024K, 2 young (2048K), 2 survivors (2048K)
 Metaspace       used 208104K, committed 211264K, reserved 1245184K
  class space    used 23318K, committed 24768K, reserved 1048576K
}
Event: 47402.717 GC heap before
{Heap before GC invocations=992 (full 7):
 garbage-first heap   total 1048576K, used 922201K [0x00000000c0000000, 0x0000000100000000)
  region size 1024K, 288 young (294912K), 2 survivors (2048K)
 Metaspace       used 208156K, committed 211392K, reserved 1245184K
  class space    used 23318K, committed 24768K, reserved 1048576K
}
Event: 47402.720 GC heap after
{Heap after GC invocations=993 (full 7):
 garbage-first heap   total 1048576K, used 630835K [0x00000000c0000000, 0x0000000100000000)
  region size 1024K, 3 young (3072K), 3 survivors (3072K)
 Metaspace       used 208156K, committed 211392K, reserved 1245184K
  class space    used 23318K, committed 24768K, reserved 1048576K
}
Event: 47524.351 GC heap before
{Heap before GC invocations=993 (full 7):
 garbage-first heap   total 1048576K, used 923699K [0x00000000c0000000, 0x0000000100000000)
  region size 1024K, 290 young (296960K), 3 survivors (3072K)
 Metaspace       used 208174K, committed 211392K, reserved 1245184K
  class space    used 23318K, committed 24768K, reserved 1048576K
}
Event: 47524.355 GC heap after
{Heap after GC invocations=994 (full 7):
 garbage-first heap   total 1048576K, used 639279K [0x00000000c0000000, 0x0000000100000000)
  region size 1024K, 11 young (11264K), 11 survivors (11264K)
 Metaspace       used 208174K, committed 211392K, reserved 1245184K
  class space    used 23318K, committed 24768K, reserved 1048576K
}
Event: 47550.909 GC heap before
{Heap before GC invocations=995 (full 7):
 garbage-first heap   total 1048576K, used 915140K [0x00000000c0000000, 0x0000000100000000)
  region size 1024K, 286 young (292864K), 11 survivors (11264K)
 Metaspace       used 208177K, committed 211392K, reserved 1245184K
  class space    used 23318K, committed 24768K, reserved 1048576K
}
Event: 47550.915 GC heap after
{Heap after GC invocations=996 (full 7):
 garbage-first heap   total 1048576K, used 640681K [0x00000000c0000000, 0x0000000100000000)
  region size 1024K, 17 young (17408K), 17 survivors (17408K)
 Metaspace       used 208177K, committed 211392K, reserved 1245184K
  class space    used 23318K, committed 24768K, reserved 1048576K
}
Event: 47566.936 GC heap before
{Heap before GC invocations=996 (full 7):
 garbage-first heap   total 1048576K, used 675497K [0x00000000c0000000, 0x0000000100000000)
  region size 1024K, 51 young (52224K), 17 survivors (17408K)
 Metaspace       used 208177K, committed 211392K, reserved 1245184K
  class space    used 23318K, committed 24768K, reserved 1048576K
}
Event: 47566.940 GC heap after
{Heap after GC invocations=997 (full 7):
 garbage-first heap   total 1048576K, used 632650K [0x00000000c0000000, 0x0000000100000000)
  region size 1024K, 3 young (3072K), 3 survivors (3072K)
 Metaspace       used 208177K, committed 211392K, reserved 1245184K
  class space    used 23318K, committed 24768K, reserved 1048576K
}
Event: 48007.195 GC heap before
{Heap before GC invocations=997 (full 7):
 garbage-first heap   total 1048576K, used 911178K [0x00000000c0000000, 0x0000000100000000)
  region size 1024K, 276 young (282624K), 3 survivors (3072K)
 Metaspace       used 208192K, committed 211392K, reserved 1245184K
  class space    used 23318K, committed 24768K, reserved 1048576K
}
Event: 48007.199 GC heap after
{Heap after GC invocations=998 (full 7):
 garbage-first heap   total 1048576K, used 639425K [0x00000000c0000000, 0x0000000100000000)
  region size 1024K, 10 young (10240K), 10 survivors (10240K)
 Metaspace       used 208192K, committed 211392K, reserved 1245184K
  class space    used 23318K, committed 24768K, reserved 1048576K
}

Dll operation events (20 events):
Event: 1.543 Loaded shared library C:\ST\STM32CubeIDE_1.16.1\STM32CubeIDE\configuration\org.eclipse.osgi\216\0\.cp\os\win32\x86_64\localfile_1_0_0.dll
Event: 2.829 Loaded shared library C:\Users\User\AppData\Local\Temp\jna-2645995\jna9062277312485070163.dll
Event: 3.145 Loaded shared library C:\ST\STM32CubeIDE_1.16.1\STM32CubeIDE\plugins\com.st.stm32cube.ide.jre.win64_3.2.0.202405231314\jre\bin\management.dll
Event: 3.147 Loaded shared library C:\ST\STM32CubeIDE_1.16.1\STM32CubeIDE\plugins\com.st.stm32cube.ide.jre.win64_3.2.0.202405231314\jre\bin\management_ext.dll
Event: 6.011 Loaded shared library C:\ST\STM32CubeIDE_1.16.1\STM32CubeIDE\plugins\com.st.stm32cube.ide.jre.win64_3.2.0.202405231314\jre\bin\prefs.dll
Event: 8.419 Loaded shared library C:\ST\STM32CubeIDE_1.16.1\STM32CubeIDE\plugins\com.st.stm32cube.ide.jre.win64_3.2.0.202405231314\jre\bin\awt.dll
Event: 8.596 Loaded shared library C:\ST\STM32CubeIDE_1.16.1\STM32CubeIDE\plugins\org.eclipse.cdt.core.win32.x86_64_11.4.0.202311271618\os\win32\x86_64\spawner.dll
Event: 8.929 Loaded shared library C:\ST\STM32CubeIDE_1.16.1\STM32CubeIDE\plugins\com.st.stm32cube.ide.jre.win64_3.2.0.202405231314\jre\bin\sunmscapi.dll
Event: 9.412 Loaded shared library C:\ST\STM32CubeIDE_1.16.1\STM32CubeIDE\plugins\com.st.stm32cube.ide.jre.win64_3.2.0.202405231314\jre\bin\extnet.dll
Event: 10.714 Loaded shared library C:\ST\STM32CubeIDE_1.16.1\STM32CubeIDE\plugins\com.st.stm32cube.ide.jre.win64_3.2.0.202405231314\jre\bin\rmi.dll
Event: 16.384 Loaded shared library C:\ST\STM32CubeIDE_1.16.1\STM32CubeIDE\plugins\com.st.stm32cube.ide.jre.win64_3.2.0.202405231314\jre\bin\freetype.dll
Event: 16.385 Loaded shared library C:\ST\STM32CubeIDE_1.16.1\STM32CubeIDE\plugins\com.st.stm32cube.ide.jre.win64_3.2.0.202405231314\jre\bin\fontmanager.dll
Event: 21.148 Loaded shared library C:\ST\STM32CubeIDE_1.16.1\STM32CubeIDE\plugins\com.st.stm32cube.ide.jre.win64_3.2.0.202405231314\jre\bin\javajpeg.dll
Event: 21.154 Loaded shared library C:\ST\STM32CubeIDE_1.16.1\STM32CubeIDE\plugins\com.st.stm32cube.ide.jre.win64_3.2.0.202405231314\jre\bin\lcms.dll
Event: 23.704 Loaded shared library C:\Users\User\.stm32cubeide\.jxbrowser-7.38.2\Chromium\toolkit64.dll
Event: 23.862 Loaded shared library C:\Users\User\.stm32cubeide\.jxbrowser-7.38.2\Chromium\ipc64.dll
Event: 24.963 Loaded shared library C:\ST\STM32CubeIDE_1.16.1\STM32CubeIDE\configuration\org.eclipse.osgi\200\0\.cp\os\win32\x86_64\serial.dll
Event: 20758.594 Loaded shared library C:\ST\STM32CubeIDE_1.16.1\STM32CubeIDE\plugins\com.st.stm32cube.ide.jre.win64_3.2.0.202405231314\jre\bin\jawt.dll
Event: 20758.596 Loaded shared library C:\ST\STM32CubeIDE_1.16.1\STM32CubeIDE\configuration\org.eclipse.osgi\366\0\.cp\swt-awt-win32-4963r5.dll
Event: 20761.132 Loaded shared library C:\Users\User\AppData\Local\Temp\sqlite-3.34.0-ed6db5fc-093e-4fae-a57f-880229cd5e87-sqlitejdbc.dll

Deoptimization events (20 events):
Event: 47408.186 Thread 0x0000023e8acba710 DEOPT PACKING pc=0x0000023ef256915c sp=0x000000d3036fee10
Event: 47408.186 Thread 0x0000023e8acba710 DEOPT UNPACKING pc=0x0000023eee9669a3 sp=0x000000d3036feca0 mode 2
Event: 47521.943 Thread 0x0000023edf261d40 DEOPT PACKING pc=0x0000023eebb6ff0a sp=0x000000d37f51c240
Event: 47521.943 Thread 0x0000023edf261d40 DEOPT UNPACKING pc=0x0000023eee967143 sp=0x000000d37f51b6f8 mode 0
Event: 47568.527 Thread 0x0000023e8cc6eec0 DEOPT PACKING pc=0x0000023eeb82f83e sp=0x000000d3037fee80
Event: 47568.527 Thread 0x0000023e8cc6eec0 DEOPT UNPACKING pc=0x0000023eee967143 sp=0x000000d3037fe320 mode 0
Event: 47600.483 Thread 0x0000023e86b50780 Uncommon trap: trap_request=0xffffff45 fr.pc=0x0000023ef19143d8 relative=0x0000000000005718
Event: 47600.483 Thread 0x0000023e86b50780 Uncommon trap: reason=unstable_if action=reinterpret pc=0x0000023ef19143d8 method=org.eclipse.cdt.internal.core.dom.parser.ASTNodeSelector.findNode(IILorg/eclipse/cdt/internal/core/dom/parser/ASTNodeSpecification$Relation;Ljava/lang/Class;Z)Lorg/eclipse/c
Event: 47600.483 Thread 0x0000023e86b50780 DEOPT PACKING pc=0x0000023ef19143d8 sp=0x000000d307ffeb50
Event: 47600.483 Thread 0x0000023e86b50780 DEOPT UNPACKING pc=0x0000023eee9669a3 sp=0x000000d307ffeb10 mode 2
Event: 47859.675 Thread 0x0000023e87c2d460 Uncommon trap: trap_request=0xffffff45 fr.pc=0x0000023ef23120d0 relative=0x0000000000001790
Event: 47859.675 Thread 0x0000023e87c2d460 Uncommon trap: reason=unstable_if action=reinterpret pc=0x0000023ef23120d0 method=javax.swing.plaf.basic.BasicProgressBarUI$Animator.actionPerformed(Ljava/awt/event/ActionEvent;)V @ 48 c2
Event: 47859.675 Thread 0x0000023e87c2d460 DEOPT PACKING pc=0x0000023ef23120d0 sp=0x000000d306fff000
Event: 47859.675 Thread 0x0000023e87c2d460 DEOPT UNPACKING pc=0x0000023eee9669a3 sp=0x000000d306ffef68 mode 2
Event: 48890.944 Thread 0x0000023e8cc6eec0 Uncommon trap: trap_request=0xffffff45 fr.pc=0x0000023ef231598c relative=0x0000000000000d0c
Event: 48890.944 Thread 0x0000023e8cc6eec0 Uncommon trap: reason=unstable_if action=reinterpret pc=0x0000023ef231598c method=java.util.concurrent.locks.ReentrantLock$Sync.lockInterruptibly()V @ 18 c2
Event: 48890.944 Thread 0x0000023e8cc6eec0 DEOPT PACKING pc=0x0000023ef231598c sp=0x000000d3037ff0e0
Event: 48890.944 Thread 0x0000023e8cc6eec0 DEOPT UNPACKING pc=0x0000023eee9669a3 sp=0x000000d3037fefd8 mode 2
Event: 50990.181 Thread 0x0000023e87c2d460 DEOPT PACKING pc=0x0000023eeb1dfaa0 sp=0x000000d306fff320
Event: 50990.181 Thread 0x0000023e87c2d460 DEOPT UNPACKING pc=0x0000023eee967143 sp=0x000000d306ffe838 mode 0

Classes unloaded (20 events):
Event: 47255.238 Thread 0x0000023efc371e70 Unloading class 0x000000010176fc00 'java/lang/invoke/LambdaForm$MH+0x000000010176fc00'
Event: 47255.238 Thread 0x0000023efc371e70 Unloading class 0x000000010176f800 'java/lang/invoke/LambdaForm$MH+0x000000010176f800'
Event: 47255.238 Thread 0x0000023efc371e70 Unloading class 0x00000001017b1000 'java/lang/invoke/LambdaForm$MH+0x00000001017b1000'
Event: 47255.238 Thread 0x0000023efc371e70 Unloading class 0x0000000101440800 'java/lang/invoke/LambdaForm$MH+0x0000000101440800'
Event: 47255.238 Thread 0x0000023efc371e70 Unloading class 0x00000001015a0c00 'java/lang/invoke/LambdaForm$MH+0x00000001015a0c00'
Event: 47255.238 Thread 0x0000023efc371e70 Unloading class 0x00000001015a1400 'java/lang/invoke/LambdaForm$MH+0x00000001015a1400'
Event: 47255.238 Thread 0x0000023efc371e70 Unloading class 0x00000001015a2800 'java/lang/invoke/LambdaForm$MH+0x00000001015a2800'
Event: 47255.238 Thread 0x0000023efc371e70 Unloading class 0x00000001015aa800 'java/lang/invoke/LambdaForm$MH+0x00000001015aa800'
Event: 47255.238 Thread 0x0000023efc371e70 Unloading class 0x000000010160e800 'java/lang/invoke/LambdaForm$MH+0x000000010160e800'
Event: 47255.238 Thread 0x0000023efc371e70 Unloading class 0x0000000101650000 'java/lang/invoke/LambdaForm$MH+0x0000000101650000'
Event: 47255.238 Thread 0x0000023efc371e70 Unloading class 0x0000000101650800 'java/lang/invoke/LambdaForm$MH+0x0000000101650800'
Event: 47255.238 Thread 0x0000023efc371e70 Unloading class 0x000000010166ac00 'java/lang/invoke/LambdaForm$MH+0x000000010166ac00'
Event: 47255.238 Thread 0x0000023efc371e70 Unloading class 0x0000000101671800 'java/lang/invoke/LambdaForm$MH+0x0000000101671800'
Event: 47255.238 Thread 0x0000023efc371e70 Unloading class 0x000000010168dc00 'java/lang/invoke/LambdaForm$MH+0x000000010168dc00'
Event: 47255.238 Thread 0x0000023efc371e70 Unloading class 0x00000001016a4c00 'java/lang/invoke/LambdaForm$MH+0x00000001016a4c00'
Event: 47255.238 Thread 0x0000023efc371e70 Unloading class 0x00000001016a7800 'java/lang/invoke/LambdaForm$MH+0x00000001016a7800'
Event: 47255.238 Thread 0x0000023efc371e70 Unloading class 0x00000001016a8400 'java/lang/invoke/LambdaForm$MH+0x00000001016a8400'
Event: 47255.238 Thread 0x0000023efc371e70 Unloading class 0x0000000101713000 'java/lang/invoke/LambdaForm$MH+0x0000000101713000'
Event: 47255.238 Thread 0x0000023efc371e70 Unloading class 0x0000000101748400 'java/lang/invoke/LambdaForm$MH+0x0000000101748400'
Event: 47255.238 Thread 0x0000023efc371e70 Unloading class 0x00000001017b1800 'java/lang/invoke/LambdaForm$MH+0x00000001017b1800'

Classes redefined (0 events):
No events

Internal exceptions (20 events):
Event: 47381.832 Thread 0x0000023e87c2d460 Exception <a 'java/lang/ClassCastException'{0x00000000fdbd2b58}: class javax.swing.SwingUtilities$SharedOwnerFrame cannot be cast to class javax.swing.JFrame (javax.swing.SwingUtilities$SharedOwnerFrame and javax.swing.JFrame are in module java.desktop of loader 'bootstrap')> (0x00000000fdbd2b58) 
thrown [s\src\hotspot\share\interpreter\interpreterRuntime.cpp, line 444]
Event: 47385.614 Thread 0x0000023e87c2d460 Exception <a 'java/lang/ClassCastException'{0x00000000fda856e0}: class javax.swing.SwingUtilities$SharedOwnerFrame cannot be cast to class javax.swing.JFrame (javax.swing.SwingUtilities$SharedOwnerFrame and javax.swing.JFrame are in module java.desktop of loader 'bootstrap')> (0x00000000fda856e0) 
thrown [s\src\hotspot\share\interpreter\interpreterRuntime.cpp, line 444]
Event: 47385.834 Thread 0x0000023e87c2d460 Exception <a 'java/lang/ClassCastException'{0x00000000f6a36650}: class javax.swing.SwingUtilities$SharedOwnerFrame cannot be cast to class javax.swing.JFrame (javax.swing.SwingUtilities$SharedOwnerFrame and javax.swing.JFrame are in module java.desktop of loader 'bootstrap')> (0x00000000f6a36650) 
thrown [s\src\hotspot\share\interpreter\interpreterRuntime.cpp, line 444]
Event: 47387.959 Thread 0x0000023e87c2d460 Exception <a 'java/lang/NoSuchMethodError'{0x00000000f6756978}: 'java.lang.Object java.lang.invoke.DirectMethodHandle$Holder.invokeSpecial(java.lang.Object, java.lang.Object, java.lang.Object, int, int, java.lang.Object)'> (0x00000000f6756978) 
thrown [s\src\hotspot\share\interpreter\linkResolver.cpp, line 759]
Event: 47387.962 Thread 0x0000023e87c2d460 Exception <a 'java/lang/NoSuchMethodError'{0x00000000f67e1d80}: 'java.lang.Object java.lang.invoke.DelegatingMethodHandle$Holder.reinvoke_L(java.lang.Object, long, java.lang.Object, java.lang.Object, java.lang.Object, java.lang.Object, java.lang.Object, java.lang.Object)'> (0x00000000f67e1d80) 
thrown [s\src\hotspot\share\interpreter\linkResolver.cpp, line 759]
Event: 47388.212 Thread 0x0000023edf261d40 Implicit null exception at 0x0000023ef1316bbe to 0x0000023ef13176e8
Event: 47388.214 Thread 0x0000023edf261d40 Implicit null exception at 0x0000023ef0d48b22 to 0x0000023ef0d49785
Event: 47389.953 Thread 0x0000023e970cd7f0 Exception <a 'java/lang/NoSuchMethodError'{0x00000000f2590448}: static Lcom/st/library/rawvaluescontainer/RawDataRepository;.<clinit>()V> (0x00000000f2590448) 
thrown [s\src\hotspot\share\prims\jni.cpp, line 1112]
Event: 47389.954 Thread 0x0000023e970cd7f0 Exception <a 'java/lang/NoSuchMethodError'{0x00000000f259bde0}: static Lcom/st/library/rawvaluescontainer/RawDataHolder;.<clinit>()V> (0x00000000f259bde0) 
thrown [s\src\hotspot\share\prims\jni.cpp, line 1112]
Event: 47396.823 Thread 0x0000023edf261d40 Exception <a 'sun/nio/fs/WindowsException'{0x00000000f1659108}> (0x00000000f1659108) 
thrown [s\src\hotspot\share\prims\jni.cpp, line 516]
Event: 47397.366 Thread 0x0000023e86d758f0 Exception <a 'sun/nio/fs/WindowsException'{0x00000000f54f6738}> (0x00000000f54f6738) 
thrown [s\src\hotspot\share\prims\jni.cpp, line 516]
Event: 47397.367 Thread 0x0000023e86d758f0 Exception <a 'sun/nio/fs/WindowsException'{0x00000000f54fd568}> (0x00000000f54fd568) 
thrown [s\src\hotspot\share\prims\jni.cpp, line 516]
Event: 47397.368 Thread 0x0000023e86d758f0 Exception <a 'sun/nio/fs/WindowsException'{0x00000000f5306da8}> (0x00000000f5306da8) 
thrown [s\src\hotspot\share\prims\jni.cpp, line 516]
Event: 47397.368 Thread 0x0000023e86d758f0 Exception <a 'sun/nio/fs/WindowsException'{0x00000000f530dac0}> (0x00000000f530dac0) 
thrown [s\src\hotspot\share\prims\jni.cpp, line 516]
Event: 47399.988 Thread 0x0000023e87c2d460 Exception <a 'java/lang/ClassCastException'{0x00000000f3b70a98}: class javax.swing.SwingUtilities$SharedOwnerFrame cannot be cast to class javax.swing.JFrame (javax.swing.SwingUtilities$SharedOwnerFrame and javax.swing.JFrame are in module java.desktop of loader 'bootstrap')> (0x00000000f3b70a98) 
thrown [s\src\hotspot\share\interpreter\interpreterRuntime.cpp, line 444]
Event: 47399.988 Thread 0x0000023e87c2d460 Exception <a 'java/lang/ClassCastException'{0x00000000f3b71160}: class javax.swing.SwingUtilities$SharedOwnerFrame cannot be cast to class javax.swing.JFrame (javax.swing.SwingUtilities$SharedOwnerFrame and javax.swing.JFrame are in module java.desktop of loader 'bootstrap')> (0x00000000f3b71160) 
thrown [s\src\hotspot\share\interpreter\interpreterRuntime.cpp, line 444]
Event: 47402.591 Thread 0x0000023e87c2d460 Exception <a 'java/lang/ClassCastException'{0x00000000f3aa0b28}: class javax.swing.SwingUtilities$SharedOwnerFrame cannot be cast to class javax.swing.JFrame (javax.swing.SwingUtilities$SharedOwnerFrame and javax.swing.JFrame are in module java.desktop of loader 'bootstrap')> (0x00000000f3aa0b28) 
thrown [s\src\hotspot\share\interpreter\interpreterRuntime.cpp, line 444]
Event: 47402.753 Thread 0x0000023e87c2d460 Exception <a 'java/lang/ClassCastException'{0x00000000ff644708}: class javax.swing.SwingUtilities$SharedOwnerFrame cannot be cast to class javax.swing.JFrame (javax.swing.SwingUtilities$SharedOwnerFrame and javax.swing.JFrame are in module java.desktop of loader 'bootstrap')> (0x00000000ff644708) 
thrown [s\src\hotspot\share\interpreter\interpreterRuntime.cpp, line 444]
Event: 47416.013 Thread 0x0000023edf261d40 Exception <a 'sun/nio/fs/WindowsException'{0x00000000f8957e18}> (0x00000000f8957e18) 
thrown [s\src\hotspot\share\prims\jni.cpp, line 516]
Event: 47527.622 Thread 0x0000023edf261d40 Exception <a 'sun/nio/fs/WindowsException'{0x00000000f902ff20}> (0x00000000f902ff20) 
thrown [s\src\hotspot\share\prims\jni.cpp, line 516]

VM Operations (20 events):
Event: 48642.613 Executing VM operation: HandshakeAllThreads done
Event: 48702.620 Executing VM operation: HandshakeAllThreads
Event: 48702.621 Executing VM operation: HandshakeAllThreads done
Event: 48942.856 Executing VM operation: HandshakeAllThreads
Event: 48942.856 Executing VM operation: HandshakeAllThreads done
Event: 49243.349 Executing VM operation: HandshakeAllThreads
Event: 49243.349 Executing VM operation: HandshakeAllThreads done
Event: 49844.789 Executing VM operation: HandshakeAllThreads
Event: 49844.789 Executing VM operation: HandshakeAllThreads done
Event: 50145.331 Executing VM operation: HandshakeAllThreads
Event: 50145.331 Executing VM operation: HandshakeAllThreads done
Event: 50445.794 Executing VM operation: HandshakeAllThreads
Event: 50445.794 Executing VM operation: HandshakeAllThreads done
Event: 50746.298 Executing VM operation: HandshakeAllThreads
Event: 50746.298 Executing VM operation: HandshakeAllThreads done
Event: 50866.468 Executing VM operation: HandshakeAllThreads
Event: 50866.468 Executing VM operation: HandshakeAllThreads done
Event: 51046.774 Executing VM operation: HandshakeAllThreads
Event: 51046.774 Executing VM operation: HandshakeAllThreads done
Event: 51124.714 Executing VM operation: G1CollectFull

Events (20 events):
Event: 47566.989 Thread 0x0000023efedb3580 Thread added: 0x0000023efedb3580
Event: 47566.990 Thread 0x0000023efedb3580 Thread exited: 0x0000023efedb3580
Event: 47567.021 Thread 0x0000023e8ca1ba80 Thread added: 0x0000023e8ca1ba80
Event: 47567.021 Thread 0x0000023e8ca1ba80 Thread exited: 0x0000023e8ca1ba80
Event: 47586.611 Thread 0x0000023e86b4e410 Thread added: 0x0000023e86b4e410
Event: 47586.612 Thread 0x0000023e86b4e410 Thread exited: 0x0000023e86b4e410
Event: 47600.482 Thread 0x0000023e8c63e650 Thread added: 0x0000023e8c63e650
Event: 47600.483 Thread 0x0000023e8c63e650 Thread exited: 0x0000023e8c63e650
Event: 47616.627 Thread 0x0000023eaaa2b490 Thread added: 0x0000023eaaa2b490
Event: 47616.641 Thread 0x0000023eaaa2b490 Thread exited: 0x0000023eaaa2b490
Event: 47646.612 Thread 0x0000023e9d1a2a80 Thread exited: 0x0000023e9d1a2a80
Event: 47660.482 Thread 0x0000023e8c63f070 Thread exited: 0x0000023e8c63f070
Event: 47676.634 Thread 0x0000023e87344e90 Thread exited: 0x0000023e87344e90
Event: 47676.649 Thread 0x0000023e970cd7f0 Thread exited: 0x0000023e970cd7f0
Event: 47698.218 Thread 0x0000023e8acbca80 Thread added: 0x0000023e8acbca80
Event: 47698.223 Thread 0x0000023e8ca1ba80 Thread added: 0x0000023e8ca1ba80
Event: 47698.224 Thread 0x0000023e8ca1ba80 Thread exited: 0x0000023e8ca1ba80
Event: 47715.075 Thread 0x0000023e8ca1c9b0 Thread added: 0x0000023e8ca1c9b0
Event: 47715.076 Thread 0x0000023e8ca1c9b0 Thread exited: 0x0000023e8ca1c9b0
Event: 47775.076 Thread 0x0000023e86b50780 Thread exited: 0x0000023e86b50780


Dynamic libraries:
0x00007ff773960000 - 0x00007ff7739e4000 	C:\ST\STM32CubeIDE_1.16.1\STM32CubeIDE\stm32cubeide.exe
0x00007ffd2a0e0000 - 0x00007ffd2a343000 	C:\WINDOWS\SYSTEM32\ntdll.dll
0x00007ffd28830000 - 0x00007ffd288f8000 	C:\WINDOWS\System32\KERNEL32.DLL
0x00007ffd276e0000 - 0x00007ffd27a92000 	C:\WINDOWS\System32\KERNELBASE.dll
0x00007ffd29cf0000 - 0x00007ffd29eb8000 	C:\WINDOWS\System32\USER32.dll
0x00007ffd27bd0000 - 0x00007ffd27bf7000 	C:\WINDOWS\System32\win32u.dll
0x00007ffd28150000 - 0x00007ffd2817a000 	C:\WINDOWS\System32\GDI32.dll
0x00007ffd27e10000 - 0x00007ffd27f3b000 	C:\WINDOWS\System32\gdi32full.dll
0x00007ffd274b0000 - 0x00007ffd27553000 	C:\WINDOWS\System32\msvcp_win.dll
0x00007ffd27c00000 - 0x00007ffd27d4b000 	C:\WINDOWS\System32\ucrtbase.dll
0x00007ffd121e0000 - 0x00007ffd12470000 	C:\WINDOWS\WinSxS\amd64_microsoft.windows.common-controls_6595b64144ccf1df_6.0.26100.2454_none_3e0b68a2e331ad60\COMCTL32.dll
0x00007ffd29ff0000 - 0x00007ffd2a099000 	C:\WINDOWS\System32\msvcrt.dll
0x00007ffd29650000 - 0x00007ffd2967f000 	C:\WINDOWS\System32\IMM32.DLL
0x00007ffd079b0000 - 0x00007ffd079ee000 	C:\ST\STM32CubeIDE_1.16.1\STM32CubeIDE\plugins\org.eclipse.equinox.launcher.win32.win32.x86_64_1.2.800.v20231003-1442\eclipse_11802.dll
0x00007ffd29380000 - 0x00007ffd29434000 	C:\WINDOWS\System32\ADVAPI32.dll
0x00007ffd29f40000 - 0x00007ffd29fe6000 	C:\WINDOWS\System32\sechost.dll
0x00007ffd28020000 - 0x00007ffd28136000 	C:\WINDOWS\System32\RPCRT4.dll
0x00007ffd29450000 - 0x00007ffd295e9000 	C:\WINDOWS\System32\ole32.dll
0x00007ffd283a0000 - 0x00007ffd2871e000 	C:\WINDOWS\System32\combase.dll
0x00007ffd1cb80000 - 0x00007ffd1cb8b000 	C:\WINDOWS\SYSTEM32\VERSION.dll
0x00007ffc92850000 - 0x00007ffc934b2000 	C:\ST\STM32CubeIDE_1.16.1\STM32CubeIDE\plugins\com.st.stm32cube.ide.jre.win64_3.2.0.202405231314\jre\bin\server\jvm.dll
0x00007ffd26160000 - 0x00007ffd261ae000 	C:\WINDOWS\SYSTEM32\POWRPROF.dll
0x00007ffd04a90000 - 0x00007ffd04a9a000 	C:\WINDOWS\SYSTEM32\WSOCK32.dll
0x00007ffd1cb40000 - 0x00007ffd1cb76000 	C:\WINDOWS\SYSTEM32\WINMM.dll
0x00007ffd0f060000 - 0x00007ffd0f07e000 	C:\WINDOWS\SYSTEM32\VCRUNTIME140.dll
0x00007ffd29ec0000 - 0x00007ffd29f34000 	C:\WINDOWS\System32\WS2_32.dll
0x00007ffd0eff0000 - 0x00007ffd0effc000 	C:\WINDOWS\SYSTEM32\VCRUNTIME140_1.dll
0x00007ffd26140000 - 0x00007ffd26154000 	C:\WINDOWS\SYSTEM32\UMPDC.dll
0x00007ffd181a0000 - 0x00007ffd181aa000 	C:\ST\STM32CubeIDE_1.16.1\STM32CubeIDE\plugins\com.st.stm32cube.ide.jre.win64_3.2.0.202405231314\jre\bin\jimage.dll
0x00007ffd24d30000 - 0x00007ffd24f71000 	C:\WINDOWS\SYSTEM32\DBGHELP.DLL
0x00007ffd28aa0000 - 0x00007ffd28b76000 	C:\WINDOWS\System32\OLEAUT32.dll
0x00007ffd0b510000 - 0x00007ffd0b549000 	C:\WINDOWS\SYSTEM32\dbgcore.DLL
0x00007ffd27b30000 - 0x00007ffd27bc9000 	C:\WINDOWS\System32\bcryptPrimitives.dll
0x00007ffd17580000 - 0x00007ffd175a5000 	C:\ST\STM32CubeIDE_1.16.1\STM32CubeIDE\plugins\com.st.stm32cube.ide.jre.win64_3.2.0.202405231314\jre\bin\java.dll
0x00007ffd26400000 - 0x00007ffd2641a000 	C:\WINDOWS\SYSTEM32\kernel.appcore.dll
0x00007ffd11390000 - 0x00007ffd11467000 	C:\ST\STM32CubeIDE_1.16.1\STM32CubeIDE\plugins\com.st.stm32cube.ide.jre.win64_3.2.0.202405231314\jre\bin\jsvml.dll
0x00007ffd28c60000 - 0x00007ffd29360000 	C:\WINDOWS\System32\SHELL32.dll
0x00007ffd251b0000 - 0x00007ffd259e1000 	C:\WINDOWS\SYSTEM32\windows.storage.dll
0x00007ffd28730000 - 0x00007ffd2880a000 	C:\WINDOWS\System32\SHCORE.dll
0x00007ffd27f40000 - 0x00007ffd27f9d000 	C:\WINDOWS\System32\shlwapi.dll
0x00007ffd273c0000 - 0x00007ffd273ee000 	C:\WINDOWS\SYSTEM32\profapi.dll
0x00007ffd18980000 - 0x00007ffd18999000 	C:\ST\STM32CubeIDE_1.16.1\STM32CubeIDE\plugins\com.st.stm32cube.ide.jre.win64_3.2.0.202405231314\jre\bin\net.dll
0x00007ffd220d0000 - 0x00007ffd221f6000 	C:\WINDOWS\SYSTEM32\WINHTTP.dll
0x00007ffd26900000 - 0x00007ffd26968000 	C:\WINDOWS\system32\mswsock.dll
0x00007ffd18240000 - 0x00007ffd18256000 	C:\ST\STM32CubeIDE_1.16.1\STM32CubeIDE\plugins\com.st.stm32cube.ide.jre.win64_3.2.0.202405231314\jre\bin\nio.dll
0x00007ffd18220000 - 0x00007ffd18238000 	C:\ST\STM32CubeIDE_1.16.1\STM32CubeIDE\plugins\com.st.stm32cube.ide.jre.win64_3.2.0.202405231314\jre\bin\zip.dll
0x00007ffd23fe0000 - 0x00007ffd2408d000 	C:\WINDOWS\system32\uxtheme.dll
0x00007ffd28180000 - 0x00007ffd282dc000 	C:\WINDOWS\System32\MSCTF.dll
0x00007ffd289f0000 - 0x00007ffd28a98000 	C:\WINDOWS\System32\clbcatq.dll
0x00007ffd14dd0000 - 0x00007ffd14f16000 	C:\WINDOWS\SYSTEM32\textinputframework.dll
0x00007ffd20e30000 - 0x00007ffd20f55000 	C:\WINDOWS\SYSTEM32\CoreMessaging.dll
0x00007ffd1cd70000 - 0x00007ffd1d053000 	C:\WINDOWS\SYSTEM32\CoreUIComponents.dll
0x00007ffd22cc0000 - 0x00007ffd22e28000 	C:\WINDOWS\SYSTEM32\wintypes.dll
0x00007ffd26bc0000 - 0x00007ffd26bcc000 	C:\WINDOWS\SYSTEM32\CRYPTBASE.DLL
0x00007ffd1f0b0000 - 0x00007ffd1f0c0000 	C:\ST\STM32CubeIDE_1.16.1\STM32CubeIDE\plugins\com.st.stm32cube.ide.jre.win64_3.2.0.202405231314\jre\bin\verify.dll
0x00007ffd04470000 - 0x00007ffd04536000 	C:\ST\STM32CubeIDE_1.16.1\STM32CubeIDE\configuration\org.eclipse.osgi\366\0\.cp\swt-win32-4963r5.dll
0x00007ffd28900000 - 0x00007ffd289ed000 	C:\WINDOWS\System32\COMDLG32.dll
0x00007ffcfcba0000 - 0x00007ffcfcc1c000 	C:\WINDOWS\SYSTEM32\OLEACC.dll
0x00007ffd23b20000 - 0x00007ffd23b39000 	C:\WINDOWS\SYSTEM32\USP10.dll
0x00007ffd0e480000 - 0x00007ffd0e539000 	C:\WINDOWS\SYSTEM32\WINSPOOL.DRV
0x00007ffd24640000 - 0x00007ffd24734000 	C:\WINDOWS\SYSTEM32\PROPSYS.dll
0x00007ffd0f110000 - 0x00007ffd0f393000 	C:\WINDOWS\SYSTEM32\WININET.dll
0x00007ffd15cf0000 - 0x00007ffd15ec8000 	C:\WINDOWS\SYSTEM32\urlmon.dll
0x00007ffc93660000 - 0x00007ffc93668000 	C:\WINDOWS\SYSTEM32\MSIMG32.dll
0x00007ffd24320000 - 0x00007ffd2434e000 	C:\WINDOWS\SYSTEM32\dwmapi.dll
0x00007ffd27140000 - 0x00007ffd2719f000 	C:\WINDOWS\SYSTEM32\cfgmgr32.dll
0x00007ffd15a20000 - 0x00007ffd15ce8000 	C:\WINDOWS\SYSTEM32\iertutil.dll
0x00007ffd19590000 - 0x00007ffd195b9000 	C:\WINDOWS\SYSTEM32\srvcli.dll
0x00007ffd25cb0000 - 0x00007ffd25cbd000 	C:\WINDOWS\SYSTEM32\netutils.dll
0x00007ffd17d70000 - 0x00007ffd17d98000 	C:\ST\STM32CubeIDE_1.16.1\STM32CubeIDE\configuration\org.eclipse.osgi\366\0\.cp\swt-gdip-win32-4963r5.dll
0x00007ffd01390000 - 0x00007ffd0155a000 	C:\WINDOWS\WinSxS\amd64_microsoft.windows.gdiplus_6595b64144ccf1df_1.1.26100.2454_none_6ef65b883dc4272e\gdiplus.dll
0x00007ffd23d60000 - 0x00007ffd23f8e000 	C:\WINDOWS\SYSTEM32\WindowsCodecs.dll
0x0000000180000000 - 0x0000000180012000 	C:\ST\STM32CubeIDE_1.16.1\STM32CubeIDE\configuration\org.eclipse.osgi\216\0\.cp\os\win32\x86_64\localfile_1_0_0.dll
0x00007ffd26ba0000 - 0x00007ffd26bbc000 	C:\WINDOWS\SYSTEM32\CRYPTSP.dll
0x00007ffd26360000 - 0x00007ffd26398000 	C:\WINDOWS\system32\rsaenh.dll
0x00007ffd269a0000 - 0x00007ffd269cb000 	C:\WINDOWS\SYSTEM32\USERENV.dll
0x00007ffd26de0000 - 0x00007ffd26e06000 	C:\WINDOWS\SYSTEM32\bcrypt.dll
0x00007ffd25e30000 - 0x00007ffd25e62000 	C:\WINDOWS\SYSTEM32\IPHLPAPI.DLL
0x00007ffd29370000 - 0x00007ffd2937a000 	C:\WINDOWS\System32\NSI.dll
0x00007ffd226d0000 - 0x00007ffd226ee000 	C:\WINDOWS\SYSTEM32\dhcpcsvc6.DLL
0x00007ffd22200000 - 0x00007ffd22225000 	C:\WINDOWS\SYSTEM32\dhcpcsvc.DLL
0x00007ffd25e70000 - 0x00007ffd25f95000 	C:\WINDOWS\SYSTEM32\DNSAPI.dll
0x00007ffd136b0000 - 0x00007ffd1375d000 	C:\WINDOWS\SYSTEM32\TextShaping.dll
0x00007ffd11bb0000 - 0x00007ffd11bf5000 	C:\Users\User\AppData\Local\Temp\jna-2645995\jna9062277312485070163.dll
0x00007ffd29440000 - 0x00007ffd29448000 	C:\WINDOWS\System32\PSAPI.DLL
0x00007ffd18970000 - 0x00007ffd18979000 	C:\ST\STM32CubeIDE_1.16.1\STM32CubeIDE\plugins\com.st.stm32cube.ide.jre.win64_3.2.0.202405231314\jre\bin\management.dll
0x00007ffd182a0000 - 0x00007ffd182ab000 	C:\ST\STM32CubeIDE_1.16.1\STM32CubeIDE\plugins\com.st.stm32cube.ide.jre.win64_3.2.0.202405231314\jre\bin\management_ext.dll
0x00007ffd04370000 - 0x00007ffd04388000 	C:\WINDOWS\system32\napinsp.dll
0x00007ffd04270000 - 0x00007ffd04282000 	C:\WINDOWS\System32\winrnr.dll
0x00007ffd04310000 - 0x00007ffd04332000 	C:\WINDOWS\system32\nlansp_c.dll
0x00007ffd20f60000 - 0x00007ffd20f76000 	C:\WINDOWS\system32\wshbth.dll
0x00007ffd21e00000 - 0x00007ffd21e0b000 	C:\Windows\System32\rasadhlp.dll
0x00007ffd22b10000 - 0x00007ffd22b95000 	C:\WINDOWS\System32\fwpuclnt.dll
0x00007ffcf15c0000 - 0x00007ffcf161a000 	C:\WINDOWS\system32\dataexchange.dll
0x00007ffd1d600000 - 0x00007ffd1d837000 	C:\WINDOWS\system32\twinapi.appcore.dll
0x00007ffd18210000 - 0x00007ffd18219000 	C:\ST\STM32CubeIDE_1.16.1\STM32CubeIDE\plugins\com.st.stm32cube.ide.jre.win64_3.2.0.202405231314\jre\bin\prefs.dll
0x00007ffceb9b0000 - 0x00007ffcebc3c000 	C:\WINDOWS\system32\explorerframe.dll
0x00007ffd1fca0000 - 0x00007ffd1ff05000 	C:\WINDOWS\SYSTEM32\DWrite.dll
0x00007ffd1de50000 - 0x00007ffd1de94000 	C:\WINDOWS\system32\mlang.dll
0x00007ffcdfc60000 - 0x00007ffcdfdf0000 	C:\ST\STM32CubeIDE_1.16.1\STM32CubeIDE\plugins\com.st.stm32cube.ide.jre.win64_3.2.0.202405231314\jre\bin\awt.dll
0x00007ffd0f080000 - 0x00007ffd0f10d000 	C:\WINDOWS\SYSTEM32\MSVCP140.dll
0x00007ffd21320000 - 0x00007ffd213bc000 	C:\WINDOWS\SYSTEM32\apphelp.dll
0x0000000073450000 - 0x00000000734a4000 	C:\ST\STM32CubeIDE_1.16.1\STM32CubeIDE\plugins\org.eclipse.cdt.core.win32.x86_64_11.4.0.202311271618\os\win32\x86_64\spawner.dll
0x00007ffd17d60000 - 0x00007ffd17d6e000 	C:\ST\STM32CubeIDE_1.16.1\STM32CubeIDE\plugins\com.st.stm32cube.ide.jre.win64_3.2.0.202405231314\jre\bin\sunmscapi.dll
0x00007ffd27560000 - 0x00007ffd276d6000 	C:\WINDOWS\System32\CRYPT32.dll
0x00007ffd26da0000 - 0x00007ffd26dd0000 	C:\WINDOWS\SYSTEM32\ncrypt.dll
0x00007ffd26d50000 - 0x00007ffd26d8f000 	C:\WINDOWS\SYSTEM32\NTASN1.dll
0x00007ffd26cc0000 - 0x00007ffd26cd3000 	C:\WINDOWS\SYSTEM32\MSASN1.dll
0x00007ffd26970000 - 0x00007ffd26997000 	C:\WINDOWS\SYSTEM32\gpapi.dll
0x00007ffd17d50000 - 0x00007ffd17d59000 	C:\ST\STM32CubeIDE_1.16.1\STM32CubeIDE\plugins\com.st.stm32cube.ide.jre.win64_3.2.0.202405231314\jre\bin\extnet.dll
0x00007ffcfdda0000 - 0x00007ffcfddc8000 	C:\WINDOWS\SYSTEM32\edputil.dll
0x00007ffd178c0000 - 0x00007ffd178c7000 	C:\ST\STM32CubeIDE_1.16.1\STM32CubeIDE\plugins\com.st.stm32cube.ide.jre.win64_3.2.0.202405231314\jre\bin\rmi.dll
0x00007ffd043e0000 - 0x00007ffd04467000 	C:\ST\STM32CubeIDE_1.16.1\STM32CubeIDE\plugins\com.st.stm32cube.ide.jre.win64_3.2.0.202405231314\jre\bin\freetype.dll
0x00007ffcfbf20000 - 0x00007ffcfc002000 	C:\ST\STM32CubeIDE_1.16.1\STM32CubeIDE\plugins\com.st.stm32cube.ide.jre.win64_3.2.0.202405231314\jre\bin\fontmanager.dll
0x00007ffcd8250000 - 0x00007ffcd835c000 	C:\WINDOWS\system32\opengl32.dll
0x00007ffd0e980000 - 0x00007ffd0e9ad000 	C:\WINDOWS\SYSTEM32\GLU32.dll
0x00007ffd243e0000 - 0x00007ffd24427000 	C:\WINDOWS\SYSTEM32\dxcore.dll
0x00007ffd29690000 - 0x00007ffd29b16000 	C:\WINDOWS\System32\SETUPAPI.dll
0x00007ffd24170000 - 0x00007ffd241cc000 	C:\WINDOWS\SYSTEM32\directxdatabasehelper.dll
0x00007ffc6daa0000 - 0x00007ffc712e4000 	C:\Windows\System32\DriverStore\FileRepository\u0404579.inf_amd64_89599f81cb58902d\B404520\AMDXN64.DLL
0x00007ffd241d0000 - 0x00007ffd242fb000 	C:\WINDOWS\SYSTEM32\dxgi.dll
0x00007ffce2940000 - 0x00007ffce2977000 	C:\Windows\System32\DriverStore\FileRepository\u0404579.inf_amd64_89599f81cb58902d\B404520\amdihk64.dll
0x00007ffcf23f0000 - 0x00007ffcf246f000 	C:\WINDOWS\system32\Ninput.dll
0x00007ffd11b80000 - 0x00007ffd11bad000 	C:\ST\STM32CubeIDE_1.16.1\STM32CubeIDE\plugins\com.st.stm32cube.ide.jre.win64_3.2.0.202405231314\jre\bin\javajpeg.dll
0x00007ffcfd900000 - 0x00007ffcfd940000 	C:\ST\STM32CubeIDE_1.16.1\STM32CubeIDE\plugins\com.st.stm32cube.ide.jre.win64_3.2.0.202405231314\jre\bin\lcms.dll
0x00007ffcf71c0000 - 0x00007ffcf72cb000 	C:\Users\User\.stm32cubeide\.jxbrowser-7.38.2\Chromium\toolkit64.dll
0x00007ffce1420000 - 0x00007ffce152c000 	C:\Users\User\.stm32cubeide\.jxbrowser-7.38.2\Chromium\ipc64.dll
0x00000000733e0000 - 0x0000000073443000 	C:\ST\STM32CubeIDE_1.16.1\STM32CubeIDE\configuration\org.eclipse.osgi\200\0\.cp\os\win32\x86_64\serial.dll

dbghelp: loaded successfully - version: 4.0.5 - missing functions: none
symbol engine: initialized successfully - sym options: 0x614 - pdb path: .;C:\ST\STM32CubeIDE_1.16.1\STM32CubeIDE;C:\WINDOWS\SYSTEM32;C:\WINDOWS\WinSxS\amd64_microsoft.windows.common-controls_6595b64144ccf1df_6.0.26100.2454_none_3e0b68a2e331ad60;C:\ST\STM32CubeIDE_1.16.1\STM32CubeIDE\plugins\org.eclipse.equinox.launcher.win32.win32.x86_64_1.2.800.v20231003-1442;C:\ST\STM32CubeIDE_1.16.1\STM32CubeIDE\plugins\com.st.stm32cube.ide.jre.win64_3.2.0.202405231314\jre\bin\server;C:\ST\STM32CubeIDE_1.16.1\STM32CubeIDE\plugins\com.st.stm32cube.ide.jre.win64_3.2.0.202405231314\jre\bin;C:\ST\STM32CubeIDE_1.16.1\STM32CubeIDE\configuration\org.eclipse.osgi\366\0\.cp;C:\WINDOWS\WinSxS\amd64_microsoft.windows.gdiplus_6595b64144ccf1df_1.1.26100.2454_none_6ef65b883dc4272e;C:\ST\STM32CubeIDE_1.16.1\STM32CubeIDE\configuration\org.eclipse.osgi\216\0\.cp\os\win32\x86_64;C:\Users\User\AppData\Local\Temp\jna-2645995;C:\ST\STM32CubeIDE_1.16.1\STM32CubeIDE\plugins\org.eclipse.cdt.core.win32.x86_64_11.4.0.202311271618\os\win32\x86_64;C:\WINDOWS\System32\DriverStore\FileRepository\u0403852.inf_amd64_63c1d613d771eff0\B400781;C:\Windows\System32\DriverStore\FileRepository\u0404579.inf_amd64_89599f81cb58902d\B404520;C:\Users\User\.stm32cubeide\.jxbrowser-7.38.2\Chromium;C:\ST\STM32CubeIDE_1.16.1\STM32CubeIDE\configuration\org.eclipse.osgi\200\0\.cp\os\win32\x86_64;C:\Users\User\AppData\Local\Temp

VM Arguments:
jvm_args: -Dosgi.requiredJavaVersion=1.8 -Dosgi.instance.area.default=@user.home/STM32CubeIDE/workspace_1.16.1 -Declipse.buildId=Version 1.16.1 -DproductMaturityGrade=mm -Djdk.http.auth.tunneling.disabledSchemes= -XX:+UseG1GC -XX:+UseStringDeduplication -Xms256m -Xmx1024m -Djavax.net.ssl.trustStoreType=WINDOWS-ROOT 
java_command: <unknown>
java_class_path (initial): C:\ST\STM32CubeIDE_1.16.1\STM32CubeIDE\\plugins/org.eclipse.equinox.launcher_1.6.600.v20231106-1826.jar
Launcher Type: generic

[Global flags]
     intx CICompilerCount                          = 12                                        {product} {ergonomic}
     uint ConcGCThreads                            = 3                                         {product} {ergonomic}
     uint G1ConcRefinementThreads                  = 13                                        {product} {ergonomic}
   size_t G1HeapRegionSize                         = 1048576                                   {product} {ergonomic}
    uintx GCDrainStackTargetSize                   = 64                                        {product} {ergonomic}
   size_t InitialHeapSize                          = 268435456                                 {product} {command line}
   size_t MarkStackSize                            = 4194304                                   {product} {ergonomic}
   size_t MaxHeapSize                              = 1073741824                                {product} {command line}
   size_t MaxNewSize                               = 643825664                                 {product} {ergonomic}
   size_t MinHeapDeltaBytes                        = 1048576                                   {product} {ergonomic}
   size_t MinHeapSize                              = 268435456                                 {product} {command line}
    uintx NonNMethodCodeHeapSize                   = 7602480                                {pd product} {ergonomic}
    uintx NonProfiledCodeHeapSize                  = 122027880                              {pd product} {ergonomic}
    uintx ProfiledCodeHeapSize                     = 122027880                              {pd product} {ergonomic}
    uintx ReservedCodeCacheSize                    = 251658240                              {pd product} {ergonomic}
     bool SegmentedCodeCache                       = true                                      {product} {ergonomic}
   size_t SoftMaxHeapSize                          = 1073741824                             {manageable} {ergonomic}
     bool UseCompressedClassPointers               = true                           {product lp64_product} {ergonomic}
     bool UseCompressedOops                        = true                           {product lp64_product} {ergonomic}
     bool UseG1GC                                  = true                                      {product} {command line}
     bool UseLargePagesIndividualAllocation        = false                                  {pd product} {ergonomic}
     bool UseStringDeduplication                   = true                                      {product} {command line}

Logging:
Log output configuration:
 #0: stdout all=warning uptime,level,tags
 #1: stderr all=off uptime,level,tags

Environment Variables:
PATH=C:\Program Files\Common Files\Oracle\Java\javapath;C:\Python312\Scripts\;C:\Python312\;C:\Program Files (x86)\Common Files\Oracle\Java\javapath;C:\ProgramData\chocolatey\bin;C:\Program Files\dotnet\;C:\Program Files\Tesseract-OCR;C:\Program Files\nodejs\;C:\JupyterLab;C:\Program Files (x86)\Mercurial;C:\Program Files\Git\cmd;C:\WINDOWS\system32;C:\WINDOWS;C:\WINDOWS\System32\Wbem;C:\WINDOWS\System32\WindowsPowerShell\v1.0\;C:\WINDOWS\System32\OpenSSH\;C:\Program Files\ExifTool;C:\Program Files (x86)\GNU Tools ARM Embedded\6 2017-q2-update\bin;C:\Users\User\dev\flutter\bin;C:\Program Files\MySQL\MySQL Shell 8.0\bin\;C:\Users\User\AppData\Local\Microsoft\WindowsApps;C:\Program Files\heroku\bin;C:\Users\User\.dotnet\tools;C:\Program Files (x86)\Nmap;C:\Program Files (x86)\Arduino\hardware\tools\avr\bin;C:\WinAVR-20090313\utils\bin;C:\Users\User\AppData\Local\Programs\Microsoft VS Code\bin;C:\Windows\System32;C:\Users\User\AppData\Roaming\npm;C:\Users\User\emsdk;C:\Users\User\.platformio\penv\Scripts;C:\Users\User\openocd\bin\;
USERNAME=User
OS=Windows_NT
PROCESSOR_IDENTIFIER=AMD64 Family 25 Model 80 Stepping 0, AuthenticAMD
TMP=C:\Users\User\AppData\Local\Temp
TEMP=C:\Users\User\AppData\Local\Temp



Periodic native trim disabled


---------------  S Y S T E M  ---------------

OS:
 Windows 11 , 64 bit Build 26100 (10.0.26100.2454)
OS uptime: 0 days 21:08 hours
Hyper-V role detected

CPU: total 16 (initial active 16) (16 cores per cpu, 2 threads per core) family 25 model 80 stepping 0 microcode 0xa50000c, cx8, cmov, fxsr, ht, mmx, 3dnowpref, sse, sse2, sse3, ssse3, sse4a, sse4.1, sse4.2, popcnt, lzcnt, tsc, tscinvbit, avx, avx2, aes, erms, clmul, bmi1, bmi2, adx, sha, fma, vzeroupper, clflush, clflushopt, hv
Processor Information for all 16 processors :
  Max Mhz: 3301, Current Mhz: 3301, Mhz Limit: 3301

Memory: 4k page, system-wide physical 32158M (8087M free)
TotalPageFile size 37254M (AvailPageFile size 10M)
current process WorkingSet (physical memory assigned to process): 1541M, peak: 1651M
current process commit charge ("private bytes"): 1830M, peak: 1834M

vm_info: OpenJDK 64-Bit Server VM (17.0.11+9) for windows-amd64 JRE (17.0.11+9), built on Apr 17 2024 06:07:48 by "admin" with MS VC++ 16.10 / 16.11 (VS2019)

END.
